#
# There is insufficient memory for the Java Runtime Environment to continue.
# Native memory allocation (mmap) failed to map 414187520 bytes. Error detail: G1 virtual space
# Possible reasons:
#   The system is out of physical RAM or swap space
#   This process is running with CompressedOops enabled, and the Java Heap may be blocking the growth of the native heap
# Possible solutions:
#   Reduce memory load on the system
#   Increase physical memory or swap space
#   Check if swap backing store is full
#   Decrease Java heap size (-Xmx/-Xms)
#   Decrease number of Java threads
#   Decrease Java thread stack sizes (-Xss)
#   Set larger code cache with -XX:ReservedCodeCacheSize=
#   JVM is running with Unscaled Compressed Oops mode in which the Java heap is
#     placed in the first 4GB address space. The Java Heap base address is the
#     maximum limit for the native heap growth. Please use -XX:HeapBaseMinAddress
#     to set the Java Heap base and to place the Java Heap above 4GB virtual address.
# This output file may be truncated or incomplete.
#
#  Out of Memory Error (os_windows.cpp:3925), pid=20512, tid=16188
#
# JRE version: OpenJDK Runtime Environment (21.0.9) (build 21.0.9+-14649483-b1163.86)
# Java VM: OpenJDK 64-Bit Server VM (21.0.9+-14649483-b1163.86, mixed mode, tiered, compressed oops, compressed class ptrs, g1 gc, windows-amd64)
# No core dump will be written. Minidumps are not enabled by default on client versions of Windows
#

---------------  S U M M A R Y ------------

Command Line: --add-opens=java.base/java.lang=ALL-UNNAMED --add-opens=java.base/java.lang.invoke=ALL-UNNAMED --add-opens=java.base/java.util=ALL-UNNAMED --add-opens=java.prefs/java.util.prefs=ALL-UNNAMED --add-exports=jdk.compiler/com.sun.tools.javac.api=ALL-UNNAMED --add-exports=jdk.compiler/com.sun.tools.javac.util=ALL-UNNAMED --add-opens=java.base/java.util=ALL-UNNAMED --add-opens=java.prefs/java.util.prefs=ALL-UNNAMED --add-opens=java.base/java.nio.charset=ALL-UNNAMED --add-opens=java.base/java.net=ALL-UNNAMED --add-opens=java.base/java.util.concurrent=ALL-UNNAMED --add-opens=java.base/java.util.concurrent.atomic=ALL-UNNAMED --add-opens=java.xml/javax.xml.namespace=ALL-UNNAMED --add-opens=java.base/java.time=ALL-UNNAMED -Xmx2048m -Dfile.encoding=UTF-8 -Duser.country=ID -Duser.language=en -Duser.variant -javaagent:C:\Users\user\.gradle\wrapper\dists\gradle-9.2.1-bin\2t0n5ozlw9xmuyvbp7dnzaxug\gradle-9.2.1\lib\agents\gradle-instrumentation-agent-9.2.1.jar org.gradle.launcher.daemon.bootstrap.GradleDaemon 9.2.1

Host: Intel(R) Core(TM) i7-8565U CPU @ 1.80GHz, 8 cores, 15G,  Windows 11 , 64 bit Build 22000 (10.0.22000.1880)
Time: Fri Feb 20 15:49:01 2026 SE Asia Standard Time elapsed time: 28.026739 seconds (0d 0h 0m 28s)

---------------  T H R E A D  ---------------

Current thread (0x000002b16802eb60):  VMThread "VM Thread"          [id=16188, stack(0x000000c56d100000,0x000000c56d200000) (1024K)]

Stack: [0x000000c56d100000,0x000000c56d200000]
Native frames: (J=compiled Java code, j=interpreted, Vv=VM code, C=native code)
V  [jvm.dll+0x6d6c99]
V  [jvm.dll+0x866b83]
V  [jvm.dll+0x86919e]
V  [jvm.dll+0x869883]
V  [jvm.dll+0x280776]
V  [jvm.dll+0x6d3555]
V  [jvm.dll+0x6c6bea]
V  [jvm.dll+0x3587fb]
V  [jvm.dll+0x360476]
V  [jvm.dll+0x3b2646]
V  [jvm.dll+0x3b2918]
V  [jvm.dll+0x32af0c]
V  [jvm.dll+0x32af97]
V  [jvm.dll+0x370e7c]
V  [jvm.dll+0x36f62e]
V  [jvm.dll+0x32a661]
V  [jvm.dll+0x36ed30]
V  [jvm.dll+0x86f608]
V  [jvm.dll+0x870984]
V  [jvm.dll+0x870ec0]
V  [jvm.dll+0x871153]
V  [jvm.dll+0x80f118]
V  [jvm.dll+0x6d54ed]
C  [ucrtbase.dll+0x26c0c]
C  [KERNEL32.DLL+0x155a0]
C  [ntdll.dll+0x485b]

VM_Operation (0x000000c5706f9b30): G1CollectForAllocation, mode: safepoint, requested by thread 0x000002b171e0fe00


---------------  P R O C E S S  ---------------

Threads class SMR info:
_java_thread_list=0x000002b171375c50, length=141, elements={
0x000002b14e586750, 0x000002b16825e1c0, 0x000002b168282490, 0x000002b168284f00,
0x000002b16829f190, 0x000002b16829fbf0, 0x000002b1682a0650, 0x000002b1682880f0,
0x000002b1682a9200, 0x000002b168288e80, 0x000002b16859f3b0, 0x000002b16ea7f4c0,
0x000002b16e7e15c0, 0x000002b16eb15ea0, 0x000002b16e605c50, 0x000002b16e1fbdb0,
0x000002b16dcba1b0, 0x000002b16dae7ac0, 0x000002b16eb68ab0, 0x000002b16eb69140,
0x000002b16eb68420, 0x000002b16eb6a4f0, 0x000002b16eb67700, 0x000002b16eb69e60,
0x000002b16f911180, 0x000002b16f90f740, 0x000002b16f910460, 0x000002b16f910af0,
0x000002b16f911ea0, 0x000002b16f90fdd0, 0x000002b16f912530, 0x000002b16f90f0b0,
0x000002b171e111b0, 0x000002b171e11840, 0x000002b171e0f770, 0x000002b171e11ed0,
0x000002b171e13280, 0x000002b171e15350, 0x000002b171e10490, 0x000002b171e12560,
0x000002b171e0e3c0, 0x000002b171e14630, 0x000002b171e0f0e0, 0x000002b171e0fe00,
0x000002b171e10b20, 0x000002b171e12bf0, 0x000002b1709805f0, 0x000002b17097de90,
0x000002b170980c80, 0x000002b170982d50, 0x000002b170982030, 0x000002b1709819a0,
0x000002b1709826c0, 0x000002b17097ebb0, 0x000002b17097f240, 0x000002b170984790,
0x000002b1709833e0, 0x000002b170984100, 0x000002b1709854b0, 0x000002b17097e520,
0x000002b17097ff60, 0x000002b170981310, 0x000002b17097f8d0, 0x000002b170984e20,
0x000002b1733bc830, 0x000002b1733b8d20, 0x000002b1733badf0, 0x000002b1733be900,
0x000002b1733b93b0, 0x000002b1733bef90, 0x000002b1733b8000, 0x000002b1733bf620,
0x000002b1733ba0d0, 0x000002b1733b8690, 0x000002b1733ba760, 0x000002b1733bbb10,
0x000002b1733bb480, 0x000002b1733bc1a0, 0x000002b1733bcec0, 0x000002b173111aa0,
0x000002b1731106f0, 0x000002b173111410, 0x000002b173112130, 0x000002b1731127c0,
0x000002b17310d270, 0x000002b17310f9d0, 0x000002b17310d900, 0x000002b16f791890,
0x000002b174ba2430, 0x000002b174b9cee0, 0x000002b174ba0360, 0x000002b174b9d570,
0x000002b174ba09f0, 0x000002b174ba1080, 0x000002b174b9e290, 0x000002b174ba1710,
0x000002b174b9f640, 0x000002b174b9fcd0, 0x000002b174b9c1c0, 0x000002b174b9b4a0,
0x000002b174ba1da0, 0x000002b174b9bb30, 0x000002b174ba2ac0, 0x000002b174b9c850,
0x000002b17a0c4050, 0x000002b17a0cafe0, 0x000002b17a0c9c30, 0x000002b17a0c46e0,
0x000002b17a0ca2c0, 0x000002b17a0c8f10, 0x000002b17a0c6120, 0x000002b17a0c7b60,
0x000002b17a0ca950, 0x000002b17a0c4d70, 0x000002b17a0c5400, 0x000002b17a0c67b0,
0x000002b17a0c5a90, 0x000002b17a0c6e40, 0x000002b17a0c74d0, 0x000002b17310e620,
0x000002b17310df90, 0x000002b173110d80, 0x000002b17310bec0, 0x000002b17310f340,
0x000002b173110060, 0x000002b1731134e0, 0x000002b173c2be40, 0x000002b16841de20,
0x000002b16841a310, 0x000002b16841c3e0, 0x000002b16841fef0, 0x000002b168420580,
0x000002b16841f1d0, 0x000002b16841e4b0, 0x000002b16841d100, 0x000002b16841eb40,
0x000002b16841f860, 0x000002b1684195f0, 0x000002b16841b6c0, 0x000002b16dd45150,
0x000002b16dd45820
}

Java Threads: ( => current thread )
  0x000002b14e586750 JavaThread "main"                              [_thread_blocked, id=23732, stack(0x000000c56ca00000,0x000000c56cb00000) (1024K)]
  0x000002b16825e1c0 JavaThread "Common-Cleaner"             daemon [_thread_blocked, id=27208, stack(0x000000c56d200000,0x000000c56d300000) (1024K)]
  0x000002b168282490 JavaThread "Reference Handler"          daemon [_thread_blocked, id=27348, stack(0x000000c56d300000,0x000000c56d400000) (1024K)]
  0x000002b168284f00 JavaThread "Finalizer"                  daemon [_thread_blocked, id=108, stack(0x000000c56d400000,0x000000c56d500000) (1024K)]
  0x000002b16829f190 JavaThread "Signal Dispatcher"          daemon [_thread_blocked, id=15320, stack(0x000000c56d500000,0x000000c56d600000) (1024K)]
  0x000002b16829fbf0 JavaThread "Attach Listener"            daemon [_thread_blocked, id=23020, stack(0x000000c56d600000,0x000000c56d700000) (1024K)]
  0x000002b1682a0650 JavaThread "Service Thread"             daemon [_thread_blocked, id=23168, stack(0x000000c56d700000,0x000000c56d800000) (1024K)]
  0x000002b1682880f0 JavaThread "Monitor Deflation Thread"   daemon [_thread_blocked, id=23072, stack(0x000000c56d800000,0x000000c56d900000) (1024K)]
  0x000002b1682a9200 JavaThread "C2 CompilerThread0"         daemon [_thread_blocked, id=27936, stack(0x000000c56d900000,0x000000c56da00000) (1024K)]
  0x000002b168288e80 JavaThread "C1 CompilerThread0"         daemon [_thread_blocked, id=9276, stack(0x000000c56da00000,0x000000c56db00000) (1024K)]
  0x000002b16859f3b0 JavaThread "Notification Thread"        daemon [_thread_blocked, id=4336, stack(0x000000c56db00000,0x000000c56dc00000) (1024K)]
  0x000002b16ea7f4c0 JavaThread "Daemon health stats"               [_thread_blocked, id=12056, stack(0x000000c56e300000,0x000000c56e400000) (1024K)]
  0x000002b16e7e15c0 JavaThread "Incoming local TCP Connector on port 62310"        [_thread_in_native, id=18492, stack(0x000000c56e400000,0x000000c56e500000) (1024K)]
  0x000002b16eb15ea0 JavaThread "Daemon periodic checks"            [_thread_blocked, id=27560, stack(0x000000c56e500000,0x000000c56e600000) (1024K)]
  0x000002b16e605c50 JavaThread "Daemon"                            [_thread_blocked, id=1524, stack(0x000000c56e600000,0x000000c56e700000) (1024K)]
  0x000002b16e1fbdb0 JavaThread "Handler for socket connection from /127.0.0.1:62310 to /127.0.0.1:62311"        [_thread_in_native, id=21036, stack(0x000000c56e700000,0x000000c56e800000) (1024K)]
  0x000002b16dcba1b0 JavaThread "Cancel handler"                    [_thread_blocked, id=6900, stack(0x000000c56e800000,0x000000c56e900000) (1024K)]
  0x000002b16dae7ac0 JavaThread "Daemon worker"                     [_thread_blocked, id=13256, stack(0x000000c56e900000,0x000000c56ea00000) (1024K)]
  0x000002b16eb68ab0 JavaThread "Asynchronous log dispatcher for DefaultDaemonConnection: socket connection from /127.0.0.1:62310 to /127.0.0.1:62311"        [_thread_blocked, id=27564, stack(0x000000c56ed00000,0x000000c56ee00000) (1024K)]
  0x000002b16eb69140 JavaThread "Stdin handler"                     [_thread_blocked, id=14184, stack(0x000000c56ee00000,0x000000c56ef00000) (1024K)]
  0x000002b16eb68420 JavaThread "Daemon client event forwarder"        [_thread_blocked, id=24620, stack(0x000000c56ef00000,0x000000c56f000000) (1024K)]
  0x000002b16eb6a4f0 JavaThread "Cache worker for journal cache (C:\Users\user\.gradle\caches\journal-1)"        [_thread_blocked, id=2748, stack(0x000000c56f000000,0x000000c56f100000) (1024K)]
  0x000002b16eb67700 JavaThread "File lock request listener"        [_thread_in_native, id=8536, stack(0x000000c56f100000,0x000000c56f200000) (1024K)]
  0x000002b16eb69e60 JavaThread "Cache worker for file hash cache (C:\Users\user\.gradle\caches\9.2.1\fileHashes)"        [_thread_blocked, id=24732, stack(0x000000c56f200000,0x000000c56f300000) (1024K)]
  0x000002b16f911180 JavaThread "Cache worker for file hash cache (C:\PRAKTAM2\.gradle\9.2.1\fileHashes)"        [_thread_blocked, id=24204, stack(0x000000c56f300000,0x000000c56f400000) (1024K)]
  0x000002b16f90f740 JavaThread "Cache worker for Build Output Cleanup Cache (C:\PRAKTAM2\.gradle\buildOutputCleanup)"        [_thread_blocked, id=18692, stack(0x000000c56f400000,0x000000c56f500000) (1024K)]
  0x000002b16f910460 JavaThread "File watcher server"        daemon [_thread_blocked, id=25488, stack(0x000000c56f500000,0x000000c56f600000) (1024K)]
  0x000002b16f910af0 JavaThread "File watcher consumer"      daemon [_thread_blocked, id=20868, stack(0x000000c56f600000,0x000000c56f700000) (1024K)]
  0x000002b16f911ea0 JavaThread "Cache worker for checksums cache (C:\PRAKTAM2\.gradle\9.2.1\checksums)"        [_thread_blocked, id=6284, stack(0x000000c56f700000,0x000000c56f800000) (1024K)]
  0x000002b16f90fdd0 JavaThread "Cache worker for file content cache (C:\Users\user\.gradle\caches\9.2.1\fileContent)"        [_thread_blocked, id=3480, stack(0x000000c56f800000,0x000000c56f900000) (1024K)]
  0x000002b16f912530 JavaThread "Cache worker for cache directory md-supplier (C:\Users\user\.gradle\caches\9.2.1\md-supplier)"        [_thread_blocked, id=26712, stack(0x000000c56f900000,0x000000c56fa00000) (1024K)]
  0x000002b16f90f0b0 JavaThread "Cache worker for cache directory md-rule (C:\Users\user\.gradle\caches\9.2.1\md-rule)"        [_thread_blocked, id=7348, stack(0x000000c56fa00000,0x000000c56fb00000) (1024K)]
  0x000002b171e111b0 JavaThread "jar transforms"                    [_thread_blocked, id=27028, stack(0x000000c56fb00000,0x000000c56fc00000) (1024K)]
  0x000002b171e11840 JavaThread "jar transforms Thread 2"           [_thread_blocked, id=20880, stack(0x000000c56fc00000,0x000000c56fd00000) (1024K)]
  0x000002b171e0f770 JavaThread "jar transforms Thread 3"           [_thread_blocked, id=14212, stack(0x000000c56fd00000,0x000000c56fe00000) (1024K)]
  0x000002b171e11ed0 JavaThread "Unconstrained build operations"        [_thread_blocked, id=11088, stack(0x000000c56fe00000,0x000000c56ff00000) (1024K)]
  0x000002b171e13280 JavaThread "Unconstrained build operations Thread 2"        [_thread_blocked, id=25276, stack(0x000000c56ff00000,0x000000c570000000) (1024K)]
  0x000002b171e15350 JavaThread "Unconstrained build operations Thread 3"        [_thread_blocked, id=10672, stack(0x000000c570000000,0x000000c570100000) (1024K)]
  0x000002b171e10490 JavaThread "Unconstrained build operations Thread 4"        [_thread_blocked, id=9576, stack(0x000000c570100000,0x000000c570200000) (1024K)]
  0x000002b171e12560 JavaThread "Unconstrained build operations Thread 5"        [_thread_blocked, id=6052, stack(0x000000c570200000,0x000000c570300000) (1024K)]
  0x000002b171e0e3c0 JavaThread "Unconstrained build operations Thread 6"        [_thread_blocked, id=22564, stack(0x000000c570300000,0x000000c570400000) (1024K)]
  0x000002b171e14630 JavaThread "Unconstrained build operations Thread 7"        [_thread_blocked, id=15308, stack(0x000000c570400000,0x000000c570500000) (1024K)]
  0x000002b171e0f0e0 JavaThread "Unconstrained build operations Thread 8"        [_thread_blocked, id=27740, stack(0x000000c570500000,0x000000c570600000) (1024K)]
  0x000002b171e0fe00 JavaThread "Unconstrained build operations Thread 9"        [_thread_blocked, id=22812, stack(0x000000c570600000,0x000000c570700000) (1024K)]
  0x000002b171e10b20 JavaThread "Unconstrained build operations Thread 10"        [_thread_blocked, id=14124, stack(0x000000c570700000,0x000000c570800000) (1024K)]
  0x000002b171e12bf0 JavaThread "Unconstrained build operations Thread 11"        [_thread_blocked, id=16780, stack(0x000000c570800000,0x000000c570900000) (1024K)]
  0x000002b1709805f0 JavaThread "Unconstrained build operations Thread 12"        [_thread_blocked, id=16764, stack(0x000000c570900000,0x000000c570a00000) (1024K)]
  0x000002b17097de90 JavaThread "Unconstrained build operations Thread 13"        [_thread_blocked, id=5800, stack(0x000000c570a00000,0x000000c570b00000) (1024K)]
  0x000002b170980c80 JavaThread "Unconstrained build operations Thread 14"        [_thread_blocked, id=2852, stack(0x000000c570b00000,0x000000c570c00000) (1024K)]
  0x000002b170982d50 JavaThread "jar transforms Thread 4"           [_thread_blocked, id=17260, stack(0x000000c570c00000,0x000000c570d00000) (1024K)]
  0x000002b170982030 JavaThread "jar transforms Thread 5"           [_thread_blocked, id=1348, stack(0x000000c570d00000,0x000000c570e00000) (1024K)]
  0x000002b1709819a0 JavaThread "Unconstrained build operations Thread 15"        [_thread_blocked, id=8936, stack(0x000000c570e00000,0x000000c570f00000) (1024K)]
  0x000002b1709826c0 JavaThread "Unconstrained build operations Thread 16"        [_thread_blocked, id=28336, stack(0x000000c570f00000,0x000000c571000000) (1024K)]
  0x000002b17097ebb0 JavaThread "Unconstrained build operations Thread 17"        [_thread_blocked, id=27892, stack(0x000000c571000000,0x000000c571100000) (1024K)]
  0x000002b17097f240 JavaThread "Unconstrained build operations Thread 18"        [_thread_blocked, id=14480, stack(0x000000c571100000,0x000000c571200000) (1024K)]
  0x000002b170984790 JavaThread "Unconstrained build operations Thread 19"        [_thread_blocked, id=18616, stack(0x000000c571200000,0x000000c571300000) (1024K)]
  0x000002b1709833e0 JavaThread "Unconstrained build operations Thread 20"        [_thread_blocked, id=15160, stack(0x000000c571300000,0x000000c571400000) (1024K)]
  0x000002b170984100 JavaThread "Unconstrained build operations Thread 21"        [_thread_blocked, id=14596, stack(0x000000c571400000,0x000000c571500000) (1024K)]
  0x000002b1709854b0 JavaThread "jar transforms Thread 6"           [_thread_blocked, id=2188, stack(0x000000c571500000,0x000000c571600000) (1024K)]
  0x000002b17097e520 JavaThread "jar transforms Thread 7"           [_thread_blocked, id=14876, stack(0x000000c571600000,0x000000c571700000) (1024K)]
  0x000002b17097ff60 JavaThread "jar transforms Thread 8"           [_thread_blocked, id=12940, stack(0x000000c571700000,0x000000c571800000) (1024K)]
  0x000002b170981310 JavaThread "Unconstrained build operations Thread 22"        [_thread_blocked, id=25788, stack(0x000000c571800000,0x000000c571900000) (1024K)]
  0x000002b17097f8d0 JavaThread "Unconstrained build operations Thread 23"        [_thread_blocked, id=14900, stack(0x000000c571900000,0x000000c571a00000) (1024K)]
  0x000002b170984e20 JavaThread "Unconstrained build operations Thread 24"        [_thread_blocked, id=17320, stack(0x000000c571a00000,0x000000c571b00000) (1024K)]
  0x000002b1733bc830 JavaThread "Unconstrained build operations Thread 25"        [_thread_blocked, id=19116, stack(0x000000c571b00000,0x000000c571c00000) (1024K)]
  0x000002b1733b8d20 JavaThread "Unconstrained build operations Thread 26"        [_thread_blocked, id=20368, stack(0x000000c571c00000,0x000000c571d00000) (1024K)]
  0x000002b1733badf0 JavaThread "Unconstrained build operations Thread 27"        [_thread_blocked, id=15240, stack(0x000000c571d00000,0x000000c571e00000) (1024K)]
  0x000002b1733be900 JavaThread "Unconstrained build operations Thread 28"        [_thread_blocked, id=6820, stack(0x000000c571e00000,0x000000c571f00000) (1024K)]
  0x000002b1733b93b0 JavaThread "Unconstrained build operations Thread 29"        [_thread_blocked, id=24060, stack(0x000000c571f00000,0x000000c572000000) (1024K)]
  0x000002b1733bef90 JavaThread "Unconstrained build operations Thread 30"        [_thread_blocked, id=28512, stack(0x000000c572000000,0x000000c572100000) (1024K)]
  0x000002b1733b8000 JavaThread "Unconstrained build operations Thread 31"        [_thread_blocked, id=26852, stack(0x000000c572100000,0x000000c572200000) (1024K)]
  0x000002b1733bf620 JavaThread "Unconstrained build operations Thread 32"        [_thread_blocked, id=13604, stack(0x000000c572200000,0x000000c572300000) (1024K)]
  0x000002b1733ba0d0 JavaThread "Unconstrained build operations Thread 33"        [_thread_blocked, id=25976, stack(0x000000c572300000,0x000000c572400000) (1024K)]
  0x000002b1733b8690 JavaThread "Unconstrained build operations Thread 34"        [_thread_blocked, id=1412, stack(0x000000c572400000,0x000000c572500000) (1024K)]
  0x000002b1733ba760 JavaThread "Unconstrained build operations Thread 35"        [_thread_blocked, id=23056, stack(0x000000c572500000,0x000000c572600000) (1024K)]
  0x000002b1733bbb10 JavaThread "Unconstrained build operations Thread 36"        [_thread_blocked, id=23856, stack(0x000000c572600000,0x000000c572700000) (1024K)]
  0x000002b1733bb480 JavaThread "Unconstrained build operations Thread 37"        [_thread_blocked, id=24024, stack(0x000000c572700000,0x000000c572800000) (1024K)]
  0x000002b1733bc1a0 JavaThread "Unconstrained build operations Thread 38"        [_thread_blocked, id=7496, stack(0x000000c572800000,0x000000c572900000) (1024K)]
  0x000002b1733bcec0 JavaThread "Unconstrained build operations Thread 39"        [_thread_blocked, id=4384, stack(0x000000c56e200000,0x000000c56e300000) (1024K)]
  0x000002b173111aa0 JavaThread "Unconstrained build operations Thread 40"        [_thread_blocked, id=18012, stack(0x000000c572900000,0x000000c572a00000) (1024K)]
  0x000002b1731106f0 JavaThread "Unconstrained build operations Thread 41"        [_thread_blocked, id=6060, stack(0x000000c572a00000,0x000000c572b00000) (1024K)]
  0x000002b173111410 JavaThread "Unconstrained build operations Thread 42"        [_thread_blocked, id=14588, stack(0x000000c572b00000,0x000000c572c00000) (1024K)]
  0x000002b173112130 JavaThread "Unconstrained build operations Thread 43"        [_thread_blocked, id=20516, stack(0x000000c572c00000,0x000000c572d00000) (1024K)]
  0x000002b1731127c0 JavaThread "Unconstrained build operations Thread 44"        [_thread_blocked, id=22568, stack(0x000000c572d00000,0x000000c572e00000) (1024K)]
  0x000002b17310d270 JavaThread "Unconstrained build operations Thread 45"        [_thread_blocked, id=23356, stack(0x000000c572e00000,0x000000c572f00000) (1024K)]
  0x000002b17310f9d0 JavaThread "build event listener"              [_thread_blocked, id=27000, stack(0x000000c572f00000,0x000000c573000000) (1024K)]
  0x000002b17310d900 JavaThread "Memory manager"                    [_thread_blocked, id=25760, stack(0x000000c573000000,0x000000c573100000) (1024K)]
  0x000002b16f791890 JavaThread "build event listener"              [_thread_blocked, id=24788, stack(0x000000c573100000,0x000000c573200000) (1024K)]
  0x000002b174ba2430 JavaThread "included builds"                   [_thread_blocked, id=20944, stack(0x000000c573300000,0x000000c573400000) (1024K)]
  0x000002b174b9cee0 JavaThread "Execution worker"                  [_thread_blocked, id=22300, stack(0x000000c573400000,0x000000c573500000) (1024K)]
  0x000002b174ba0360 JavaThread "Execution worker Thread 2"         [_thread_blocked, id=18988, stack(0x000000c573500000,0x000000c573600000) (1024K)]
  0x000002b174b9d570 JavaThread "Execution worker Thread 3"         [_thread_blocked, id=27876, stack(0x000000c573600000,0x000000c573700000) (1024K)]
  0x000002b174ba09f0 JavaThread "Execution worker Thread 4"         [_thread_blocked, id=24300, stack(0x000000c573700000,0x000000c573800000) (1024K)]
  0x000002b174ba1080 JavaThread "Execution worker Thread 5"         [_thread_blocked, id=15344, stack(0x000000c573800000,0x000000c573900000) (1024K)]
  0x000002b174b9e290 JavaThread "Execution worker Thread 6"         [_thread_blocked, id=21520, stack(0x000000c573900000,0x000000c573a00000) (1024K)]
  0x000002b174ba1710 JavaThread "Execution worker Thread 7"         [_thread_blocked, id=8664, stack(0x000000c573a00000,0x000000c573b00000) (1024K)]
  0x000002b174b9f640 JavaThread "Cache worker for execution history cache (C:\PRAKTAM2\.gradle\9.2.1\executionHistory)"        [_thread_blocked, id=16128, stack(0x000000c573b00000,0x000000c573c00000) (1024K)]
  0x000002b174b9fcd0 JavaThread "Unconstrained build operations Thread 46"        [_thread_blocked, id=13012, stack(0x000000c573c00000,0x000000c573d00000) (1024K)]
  0x000002b174b9c1c0 JavaThread "Unconstrained build operations Thread 47"        [_thread_blocked, id=28608, stack(0x000000c573d00000,0x000000c573e00000) (1024K)]
  0x000002b174b9b4a0 JavaThread "Unconstrained build operations Thread 48"        [_thread_blocked, id=18080, stack(0x000000c573e00000,0x000000c573f00000) (1024K)]
  0x000002b174ba1da0 JavaThread "Unconstrained build operations Thread 49"        [_thread_blocked, id=8040, stack(0x000000c573f00000,0x000000c574000000) (1024K)]
  0x000002b174b9bb30 JavaThread "Unconstrained build operations Thread 50"        [_thread_blocked, id=26152, stack(0x000000c574000000,0x000000c574100000) (1024K)]
  0x000002b174ba2ac0 JavaThread "Unconstrained build operations Thread 51"        [_thread_blocked, id=27696, stack(0x000000c574100000,0x000000c574200000) (1024K)]
  0x000002b174b9c850 JavaThread "Unconstrained build operations Thread 52"        [_thread_blocked, id=26840, stack(0x000000c574200000,0x000000c574300000) (1024K)]
  0x000002b17a0c4050 JavaThread "Unconstrained build operations Thread 53"        [_thread_blocked, id=25280, stack(0x000000c574300000,0x000000c574400000) (1024K)]
  0x000002b17a0cafe0 JavaThread "Unconstrained build operations Thread 54"        [_thread_blocked, id=22636, stack(0x000000c574400000,0x000000c574500000) (1024K)]
  0x000002b17a0c9c30 JavaThread "Unconstrained build operations Thread 55"        [_thread_blocked, id=20744, stack(0x000000c574500000,0x000000c574600000) (1024K)]
  0x000002b17a0c46e0 JavaThread "Unconstrained build operations Thread 56"        [_thread_blocked, id=25692, stack(0x000000c574600000,0x000000c574700000) (1024K)]
  0x000002b17a0ca2c0 JavaThread "Unconstrained build operations Thread 57"        [_thread_blocked, id=15880, stack(0x000000c574700000,0x000000c574800000) (1024K)]
  0x000002b17a0c8f10 JavaThread "Unconstrained build operations Thread 58"        [_thread_blocked, id=7448, stack(0x000000c574800000,0x000000c574900000) (1024K)]
  0x000002b17a0c6120 JavaThread "Unconstrained build operations Thread 59"        [_thread_blocked, id=13456, stack(0x000000c574900000,0x000000c574a00000) (1024K)]
  0x000002b17a0c7b60 JavaThread "Unconstrained build operations Thread 60"        [_thread_blocked, id=18312, stack(0x000000c574a00000,0x000000c574b00000) (1024K)]
  0x000002b17a0ca950 JavaThread "Unconstrained build operations Thread 61"        [_thread_blocked, id=14708, stack(0x000000c574b00000,0x000000c574c00000) (1024K)]
  0x000002b17a0c4d70 JavaThread "Unconstrained build operations Thread 62"        [_thread_blocked, id=25552, stack(0x000000c574c00000,0x000000c574d00000) (1024K)]
  0x000002b17a0c5400 JavaThread "Unconstrained build operations Thread 63"        [_thread_blocked, id=10544, stack(0x000000c574d00000,0x000000c574e00000) (1024K)]
  0x000002b17a0c67b0 JavaThread "Unconstrained build operations Thread 64"        [_thread_blocked, id=28536, stack(0x000000c574e00000,0x000000c574f00000) (1024K)]
  0x000002b17a0c5a90 JavaThread "Unconstrained build operations Thread 65"        [_thread_blocked, id=9892, stack(0x000000c574f00000,0x000000c575000000) (1024K)]
  0x000002b17a0c6e40 JavaThread "Unconstrained build operations Thread 66"        [_thread_blocked, id=23436, stack(0x000000c575000000,0x000000c575100000) (1024K)]
  0x000002b17a0c74d0 JavaThread "Unconstrained build operations Thread 67"        [_thread_blocked, id=28092, stack(0x000000c575100000,0x000000c575200000) (1024K)]
  0x000002b17310e620 JavaThread "Unconstrained build operations Thread 68"        [_thread_blocked, id=26012, stack(0x000000c575200000,0x000000c575300000) (1024K)]
  0x000002b17310df90 JavaThread "Unconstrained build operations Thread 69"        [_thread_blocked, id=7096, stack(0x000000c575300000,0x000000c575400000) (1024K)]
  0x000002b173110d80 JavaThread "Unconstrained build operations Thread 70"        [_thread_blocked, id=28416, stack(0x000000c575400000,0x000000c575500000) (1024K)]
  0x000002b17310bec0 JavaThread "Unconstrained build operations Thread 71"        [_thread_blocked, id=13364, stack(0x000000c575500000,0x000000c575600000) (1024K)]
  0x000002b17310f340 JavaThread "Unconstrained build operations Thread 72"        [_thread_blocked, id=24108, stack(0x000000c575600000,0x000000c575700000) (1024K)]
  0x000002b173110060 JavaThread "Unconstrained build operations Thread 73"        [_thread_blocked, id=13180, stack(0x000000c575700000,0x000000c575800000) (1024K)]
  0x000002b1731134e0 JavaThread "Unconstrained build operations Thread 74"        [_thread_blocked, id=10316, stack(0x000000c575800000,0x000000c575900000) (1024K)]
  0x000002b173c2be40 JavaThread "Unconstrained build operations Thread 75"        [_thread_blocked, id=20156, stack(0x000000c575900000,0x000000c575a00000) (1024K)]
  0x000002b16841de20 JavaThread "WorkerExecutor Queue"              [_thread_in_native, id=12080, stack(0x000000c575a00000,0x000000c575b00000) (1024K)]
  0x000002b16841a310 JavaThread "Unconstrained build operations Thread 76"        [_thread_blocked, id=24296, stack(0x000000c575b00000,0x000000c575c00000) (1024K)]
  0x000002b16841c3e0 JavaThread "Unconstrained build operations Thread 77"        [_thread_blocked, id=12252, stack(0x000000c575c00000,0x000000c575d00000) (1024K)]
  0x000002b16841fef0 JavaThread "Unconstrained build operations Thread 78"        [_thread_blocked, id=4652, stack(0x000000c575d00000,0x000000c575e00000) (1024K)]
  0x000002b168420580 JavaThread "Unconstrained build operations Thread 79"        [_thread_blocked, id=5340, stack(0x000000c575e00000,0x000000c575f00000) (1024K)]
  0x000002b16841f1d0 JavaThread "Unconstrained build operations Thread 80"        [_thread_blocked, id=22064, stack(0x000000c575f00000,0x000000c576000000) (1024K)]
  0x000002b16841e4b0 JavaThread "RMI Scheduler(0)"           daemon [_thread_blocked, id=22588, stack(0x000000c576000000,0x000000c576100000) (1024K)]
  0x000002b16841d100 JavaThread "RMI RenewClean-[127.0.0.1:17298,org.jetbrains.kotlin.daemon.common.LoopbackNetworkInterface$ClientLoopbackSocketFactory@6b0acd41]" daemon [_thread_blocked, id=23288, stack(0x000000c576100000,0x000000c576200000) (1024K)]
  0x000002b16841eb40 JavaThread "RMI GC Daemon"              daemon [_thread_blocked, id=21900, stack(0x000000c576200000,0x000000c576300000) (1024K)]
  0x000002b16841f860 JavaThread "RMI TCP Accept-0"           daemon [_thread_in_native, id=17264, stack(0x000000c576300000,0x000000c576400000) (1024K)]
  0x000002b1684195f0 JavaThread "RMI Reaper"                        [_thread_blocked, id=6356, stack(0x000000c576400000,0x000000c576500000) (1024K)]
  0x000002b16841b6c0 JavaThread "RMI TCP Connection(1)-127.0.0.1" daemon [_thread_in_native, id=25208, stack(0x000000c576500000,0x000000c576600000) (1024K)]
  0x000002b16dd45150 JavaThread "C2 CompilerThread1"         daemon [_thread_in_native, id=15860, stack(0x000000c56dc00000,0x000000c56dd00000) (1024K)]
  0x000002b16dd45820 JavaThread "C2 CompilerThread2"         daemon [_thread_blocked, id=24188, stack(0x000000c573200000,0x000000c573300000) (1024K)]
Total: 141

Other Threads:
=>0x000002b16802eb60 VMThread "VM Thread"                           [id=16188, stack(0x000000c56d100000,0x000000c56d200000) (1024K)]
  0x000002b16801b690 WatcherThread "VM Periodic Task Thread"        [id=14924, stack(0x000000c56d000000,0x000000c56d100000) (1024K)]
  0x000002b150947330 WorkerThread "GC Thread#0"                     [id=17796, stack(0x000000c56cb00000,0x000000c56cc00000) (1024K)]
  0x000002b168a205d0 WorkerThread "GC Thread#1"                     [id=1572, stack(0x000000c56dd00000,0x000000c56de00000) (1024K)]
  0x000002b1688410b0 WorkerThread "GC Thread#2"                     [id=27604, stack(0x000000c56de00000,0x000000c56df00000) (1024K)]
  0x000002b168841450 WorkerThread "GC Thread#3"                     [id=1876, stack(0x000000c56df00000,0x000000c56e000000) (1024K)]
  0x000002b16878a320 WorkerThread "GC Thread#4"                     [id=16316, stack(0x000000c56e000000,0x000000c56e100000) (1024K)]
  0x000002b16878aac0 WorkerThread "GC Thread#5"                     [id=27692, stack(0x000000c56e100000,0x000000c56e200000) (1024K)]
  0x000002b16ec841c0 WorkerThread "GC Thread#6"                     [id=1200, stack(0x000000c56ea00000,0x000000c56eb00000) (1024K)]
  0x000002b16ec83340 WorkerThread "GC Thread#7"                     [id=19920, stack(0x000000c56eb00000,0x000000c56ec00000) (1024K)]
  0x000002b150958310 ConcurrentGCThread "G1 Main Marker"            [id=27288, stack(0x000000c56cc00000,0x000000c56cd00000) (1024K)]
  0x000002b1509590e0 WorkerThread "G1 Conc#0"                       [id=1456, stack(0x000000c56cd00000,0x000000c56ce00000) (1024K)]
  0x000002b16ec82c00 WorkerThread "G1 Conc#1"                       [id=16428, stack(0x000000c56ec00000,0x000000c56ed00000) (1024K)]
  0x000002b1509be7d0 ConcurrentGCThread "G1 Refine#0"               [id=20020, stack(0x000000c56ce00000,0x000000c56cf00000) (1024K)]
  0x000002b167eead00 ConcurrentGCThread "G1 Service"                [id=15888, stack(0x000000c56cf00000,0x000000c56d000000) (1024K)]
Total: 15

Threads with active compile tasks:
C2 CompilerThread1  28060 15266       4       com.android.tools.r8.internal.ju::a (7028 bytes)
C2 CompilerThread2  28060 15364 %     4       com.android.tools.r8.internal.ju::a @ 3456 (4509 bytes)
Total: 2

VM state: at safepoint (normal execution)

VM Mutex/Monitor currently owned by a thread:  ([mutex/lock_event])
[0x00007ff921818690] Threads_lock - owner thread: 0x000002b16802eb60
[0x00007ff921818790] Heap_lock - owner thread: 0x000002b171e0fe00

Heap address: 0x0000000080000000, size: 2048 MB, Compressed Oops mode: 32-bit

CDS archive(s) not mapped
Compressed class space mapped at: 0x0000000100000000-0x0000000140000000, reserved size: 1073741824
Narrow klass base: 0x0000000000000000, Narrow klass shift: 3, Narrow klass range: 0x140000000

GC Precious Log:
 CardTable entry size: 512
 Card Set container configuration: InlinePtr #cards 5 size 8 Array Of Cards #cards 12 size 40 Howl #buckets 4 coarsen threshold 1843 Howl Bitmap #cards 512 size 80 coarsen threshold 460 Card regions per heap region 1 cards per card region 2048
 CPUs: 8 total, 8 available
 Memory: 16198M
 Large Page Support: Disabled
 NUMA Support: Disabled
 Compressed Oops: Enabled (32-bit)
 Heap Region Size: 1M
 Heap Min Capacity: 8M
 Heap Initial Capacity: 254M
 Heap Max Capacity: 2G
 Pre-touch: Disabled
 Parallel Workers: 8
 Concurrent Workers: 2
 Concurrent Refinement Workers: 8
 Periodic GC: Disabled

Heap:
 garbage-first heap   total 321536K, used 238289K [0x0000000080000000, 0x0000000100000000)
  region size 1024K, 10 young (10240K), 10 survivors (10240K)
 Metaspace       used 126892K, committed 129280K, reserved 1179648K
  class space    used 18141K, committed 19264K, reserved 1048576K

Heap Regions: E=young(eden), S=young(survivor), O=old, HS=humongous(starts), HC=humongous(continues), CS=collection set, F=free, TAMS=top-at-mark-start, PB=parsable bottom
|   0|0x0000000080000000, 0x0000000080100000, 0x0000000080100000|100%|HS|  |TAMS 0x0000000080100000| PB 0x0000000080000000| Complete 
|   1|0x0000000080100000, 0x0000000080200000, 0x0000000080200000|100%|HC|  |TAMS 0x0000000080200000| PB 0x0000000080100000| Complete 
|   2|0x0000000080200000, 0x0000000080300000, 0x0000000080300000|100%|HC|  |TAMS 0x0000000080300000| PB 0x0000000080200000| Complete 
|   3|0x0000000080300000, 0x0000000080400000, 0x0000000080400000|100%|HC|  |TAMS 0x0000000080400000| PB 0x0000000080300000| Complete 
|   4|0x0000000080400000, 0x0000000080500000, 0x0000000080500000|100%| O|  |TAMS 0x0000000080500000| PB 0x0000000080400000| Untracked 
|   5|0x0000000080500000, 0x0000000080600000, 0x0000000080600000|100%| O|  |TAMS 0x0000000080600000| PB 0x0000000080500000| Untracked 
|   6|0x0000000080600000, 0x0000000080700000, 0x0000000080700000|100%|HS|  |TAMS 0x0000000080700000| PB 0x0000000080600000| Complete 
|   7|0x0000000080700000, 0x0000000080800000, 0x0000000080800000|100%| O|  |TAMS 0x0000000080800000| PB 0x0000000080700000| Untracked 
|   8|0x0000000080800000, 0x0000000080900000, 0x0000000080900000|100%| O|  |TAMS 0x0000000080900000| PB 0x0000000080800000| Untracked 
|   9|0x0000000080900000, 0x0000000080a00000, 0x0000000080a00000|100%| O|  |TAMS 0x0000000080a00000| PB 0x0000000080900000| Untracked 
|  10|0x0000000080a00000, 0x0000000080b00000, 0x0000000080b00000|100%| O|  |TAMS 0x0000000080b00000| PB 0x0000000080a00000| Untracked 
|  11|0x0000000080b00000, 0x0000000080c00000, 0x0000000080c00000|100%| O|  |TAMS 0x0000000080c00000| PB 0x0000000080b00000| Untracked 
|  12|0x0000000080c00000, 0x0000000080d00000, 0x0000000080d00000|100%| O|  |TAMS 0x0000000080d00000| PB 0x0000000080c00000| Untracked 
|  13|0x0000000080d00000, 0x0000000080e00000, 0x0000000080e00000|100%| O|  |TAMS 0x0000000080e00000| PB 0x0000000080d00000| Untracked 
|  14|0x0000000080e00000, 0x0000000080f00000, 0x0000000080f00000|100%| O|  |TAMS 0x0000000080f00000| PB 0x0000000080e00000| Untracked 
|  15|0x0000000080f00000, 0x0000000081000000, 0x0000000081000000|100%| O|  |TAMS 0x0000000081000000| PB 0x0000000080f00000| Untracked 
|  16|0x0000000081000000, 0x0000000081100000, 0x0000000081100000|100%| O|  |TAMS 0x0000000081100000| PB 0x0000000081000000| Untracked 
|  17|0x0000000081100000, 0x0000000081200000, 0x0000000081200000|100%| O|  |TAMS 0x0000000081200000| PB 0x0000000081100000| Untracked 
|  18|0x0000000081200000, 0x0000000081300000, 0x0000000081300000|100%| O|  |TAMS 0x0000000081300000| PB 0x0000000081200000| Untracked 
|  19|0x0000000081300000, 0x0000000081400000, 0x0000000081400000|100%| O|  |TAMS 0x0000000081400000| PB 0x0000000081300000| Untracked 
|  20|0x0000000081400000, 0x0000000081500000, 0x0000000081500000|100%| O|  |TAMS 0x0000000081500000| PB 0x0000000081400000| Untracked 
|  21|0x0000000081500000, 0x0000000081600000, 0x0000000081600000|100%| O|  |TAMS 0x0000000081600000| PB 0x0000000081500000| Untracked 
|  22|0x0000000081600000, 0x0000000081700000, 0x0000000081700000|100%| O|  |TAMS 0x0000000081700000| PB 0x0000000081600000| Untracked 
|  23|0x0000000081700000, 0x0000000081800000, 0x0000000081800000|100%|HS|  |TAMS 0x0000000081800000| PB 0x0000000081700000| Complete 
|  24|0x0000000081800000, 0x0000000081900000, 0x0000000081900000|100%|HC|  |TAMS 0x0000000081900000| PB 0x0000000081800000| Complete 
|  25|0x0000000081900000, 0x0000000081a00000, 0x0000000081a00000|100%| O|  |TAMS 0x0000000081a00000| PB 0x0000000081900000| Untracked 
|  26|0x0000000081a00000, 0x0000000081b00000, 0x0000000081b00000|100%| O|  |TAMS 0x0000000081b00000| PB 0x0000000081a00000| Untracked 
|  27|0x0000000081b00000, 0x0000000081c00000, 0x0000000081c00000|100%| O|  |TAMS 0x0000000081c00000| PB 0x0000000081b00000| Untracked 
|  28|0x0000000081c00000, 0x0000000081d00000, 0x0000000081d00000|100%| O|  |TAMS 0x0000000081d00000| PB 0x0000000081c00000| Untracked 
|  29|0x0000000081d00000, 0x0000000081e00000, 0x0000000081e00000|100%| O|  |TAMS 0x0000000081e00000| PB 0x0000000081d00000| Untracked 
|  30|0x0000000081e00000, 0x0000000081f00000, 0x0000000081f00000|100%| O|  |TAMS 0x0000000081f00000| PB 0x0000000081e00000| Untracked 
|  31|0x0000000081f00000, 0x0000000082000000, 0x0000000082000000|100%| O|  |TAMS 0x0000000082000000| PB 0x0000000081f00000| Untracked 
|  32|0x0000000082000000, 0x0000000082100000, 0x0000000082100000|100%| O|  |TAMS 0x0000000082100000| PB 0x0000000082000000| Untracked 
|  33|0x0000000082100000, 0x0000000082200000, 0x0000000082200000|100%| O|  |TAMS 0x0000000082200000| PB 0x0000000082100000| Untracked 
|  34|0x0000000082200000, 0x0000000082300000, 0x0000000082300000|100%| O|  |TAMS 0x0000000082300000| PB 0x0000000082200000| Untracked 
|  35|0x0000000082300000, 0x0000000082400000, 0x0000000082400000|100%| O|  |TAMS 0x0000000082400000| PB 0x0000000082300000| Untracked 
|  36|0x0000000082400000, 0x0000000082500000, 0x0000000082500000|100%| O|  |TAMS 0x0000000082500000| PB 0x0000000082400000| Untracked 
|  37|0x0000000082500000, 0x0000000082600000, 0x0000000082600000|100%| O|  |TAMS 0x0000000082600000| PB 0x0000000082500000| Untracked 
|  38|0x0000000082600000, 0x0000000082700000, 0x0000000082700000|100%| O|  |TAMS 0x0000000082700000| PB 0x0000000082600000| Untracked 
|  39|0x0000000082700000, 0x0000000082800000, 0x0000000082800000|100%| O|  |TAMS 0x0000000082800000| PB 0x0000000082700000| Untracked 
|  40|0x0000000082800000, 0x0000000082900000, 0x0000000082900000|100%| O|  |TAMS 0x0000000082900000| PB 0x0000000082800000| Untracked 
|  41|0x0000000082900000, 0x0000000082a00000, 0x0000000082a00000|100%| O|  |TAMS 0x0000000082a00000| PB 0x0000000082900000| Untracked 
|  42|0x0000000082a00000, 0x0000000082b00000, 0x0000000082b00000|100%| O|  |TAMS 0x0000000082b00000| PB 0x0000000082a00000| Untracked 
|  43|0x0000000082b00000, 0x0000000082c00000, 0x0000000082c00000|100%| O|  |TAMS 0x0000000082c00000| PB 0x0000000082b00000| Untracked 
|  44|0x0000000082c00000, 0x0000000082d00000, 0x0000000082d00000|100%| O|  |TAMS 0x0000000082d00000| PB 0x0000000082c00000| Untracked 
|  45|0x0000000082d00000, 0x0000000082e00000, 0x0000000082e00000|100%|HS|  |TAMS 0x0000000082e00000| PB 0x0000000082d00000| Complete 
|  46|0x0000000082e00000, 0x0000000082f00000, 0x0000000082f00000|100%|HS|  |TAMS 0x0000000082f00000| PB 0x0000000082e00000| Complete 
|  47|0x0000000082f00000, 0x0000000083000000, 0x0000000083000000|100%| O|  |TAMS 0x0000000083000000| PB 0x0000000082f00000| Untracked 
|  48|0x0000000083000000, 0x0000000083100000, 0x0000000083100000|100%|HS|  |TAMS 0x0000000083100000| PB 0x0000000083000000| Complete 
|  49|0x0000000083100000, 0x0000000083200000, 0x0000000083200000|100%| O|  |TAMS 0x0000000083200000| PB 0x0000000083100000| Untracked 
|  50|0x0000000083200000, 0x0000000083300000, 0x0000000083300000|100%| O|  |TAMS 0x0000000083300000| PB 0x0000000083200000| Untracked 
|  51|0x0000000083300000, 0x0000000083400000, 0x0000000083400000|100%| O|  |TAMS 0x0000000083400000| PB 0x0000000083300000| Untracked 
|  52|0x0000000083400000, 0x0000000083500000, 0x0000000083500000|100%| O|  |TAMS 0x0000000083500000| PB 0x0000000083400000| Untracked 
|  53|0x0000000083500000, 0x0000000083600000, 0x0000000083600000|100%| O|  |TAMS 0x0000000083600000| PB 0x0000000083500000| Untracked 
|  54|0x0000000083600000, 0x0000000083700000, 0x0000000083700000|100%|HS|  |TAMS 0x0000000083700000| PB 0x0000000083600000| Complete 
|  55|0x0000000083700000, 0x0000000083800000, 0x0000000083800000|100%|HC|  |TAMS 0x0000000083800000| PB 0x0000000083700000| Complete 
|  56|0x0000000083800000, 0x0000000083900000, 0x0000000083900000|100%|HS|  |TAMS 0x0000000083900000| PB 0x0000000083800000| Complete 
|  57|0x0000000083900000, 0x0000000083a00000, 0x0000000083a00000|100%| O|  |TAMS 0x0000000083a00000| PB 0x0000000083900000| Untracked 
|  58|0x0000000083a00000, 0x0000000083b00000, 0x0000000083b00000|100%|HS|  |TAMS 0x0000000083b00000| PB 0x0000000083a00000| Complete 
|  59|0x0000000083b00000, 0x0000000083c00000, 0x0000000083c00000|100%|HS|  |TAMS 0x0000000083c00000| PB 0x0000000083b00000| Complete 
|  60|0x0000000083c00000, 0x0000000083d00000, 0x0000000083d00000|100%| O|  |TAMS 0x0000000083d00000| PB 0x0000000083c00000| Untracked 
|  61|0x0000000083d00000, 0x0000000083e00000, 0x0000000083e00000|100%| O|  |TAMS 0x0000000083e00000| PB 0x0000000083d00000| Untracked 
|  62|0x0000000083e00000, 0x0000000083f00000, 0x0000000083f00000|100%|HS|  |TAMS 0x0000000083f00000| PB 0x0000000083e00000| Complete 
|  63|0x0000000083f00000, 0x0000000084000000, 0x0000000084000000|100%| O|  |TAMS 0x0000000084000000| PB 0x0000000083f00000| Untracked 
|  64|0x0000000084000000, 0x0000000084100000, 0x0000000084100000|100%| O|  |TAMS 0x0000000084100000| PB 0x0000000084000000| Untracked 
|  65|0x0000000084100000, 0x0000000084200000, 0x0000000084200000|100%|HS|  |TAMS 0x0000000084200000| PB 0x0000000084100000| Complete 
|  66|0x0000000084200000, 0x0000000084300000, 0x0000000084300000|100%|HC|  |TAMS 0x0000000084300000| PB 0x0000000084200000| Complete 
|  67|0x0000000084300000, 0x0000000084400000, 0x0000000084400000|100%| O|  |TAMS 0x0000000084400000| PB 0x0000000084300000| Untracked 
|  68|0x0000000084400000, 0x0000000084500000, 0x0000000084500000|100%| O|  |TAMS 0x0000000084500000| PB 0x0000000084400000| Untracked 
|  69|0x0000000084500000, 0x0000000084600000, 0x0000000084600000|100%| O|  |TAMS 0x0000000084600000| PB 0x0000000084500000| Untracked 
|  70|0x0000000084600000, 0x0000000084700000, 0x0000000084700000|100%| O|  |TAMS 0x0000000084700000| PB 0x0000000084600000| Untracked 
|  71|0x0000000084700000, 0x0000000084800000, 0x0000000084800000|100%| O|  |TAMS 0x0000000084800000| PB 0x0000000084700000| Untracked 
|  72|0x0000000084800000, 0x0000000084900000, 0x0000000084900000|100%| O|  |TAMS 0x0000000084900000| PB 0x0000000084800000| Untracked 
|  73|0x0000000084900000, 0x0000000084a00000, 0x0000000084a00000|100%| O|  |TAMS 0x0000000084a00000| PB 0x0000000084900000| Untracked 
|  74|0x0000000084a00000, 0x0000000084b00000, 0x0000000084b00000|100%| O|  |TAMS 0x0000000084b00000| PB 0x0000000084a00000| Untracked 
|  75|0x0000000084b00000, 0x0000000084c00000, 0x0000000084c00000|100%| O|  |TAMS 0x0000000084c00000| PB 0x0000000084b00000| Untracked 
|  76|0x0000000084c00000, 0x0000000084d00000, 0x0000000084d00000|100%| O|  |TAMS 0x0000000084d00000| PB 0x0000000084c00000| Untracked 
|  77|0x0000000084d00000, 0x0000000084e00000, 0x0000000084e00000|100%| O|  |TAMS 0x0000000084e00000| PB 0x0000000084d00000| Untracked 
|  78|0x0000000084e00000, 0x0000000084f00000, 0x0000000084f00000|100%| O|  |TAMS 0x0000000084f00000| PB 0x0000000084e00000| Untracked 
|  79|0x0000000084f00000, 0x0000000085000000, 0x0000000085000000|100%| O|  |TAMS 0x0000000085000000| PB 0x0000000084f00000| Untracked 
|  80|0x0000000085000000, 0x0000000085100000, 0x0000000085100000|100%| O|  |TAMS 0x0000000085100000| PB 0x0000000085000000| Untracked 
|  81|0x0000000085100000, 0x0000000085200000, 0x0000000085200000|100%| O|  |TAMS 0x0000000085200000| PB 0x0000000085100000| Untracked 
|  82|0x0000000085200000, 0x0000000085300000, 0x0000000085300000|100%| O|  |TAMS 0x0000000085300000| PB 0x0000000085200000| Untracked 
|  83|0x0000000085300000, 0x0000000085400000, 0x0000000085400000|100%| O|  |TAMS 0x0000000085400000| PB 0x0000000085300000| Untracked 
|  84|0x0000000085400000, 0x0000000085500000, 0x0000000085500000|100%| O|  |TAMS 0x0000000085500000| PB 0x0000000085400000| Untracked 
|  85|0x0000000085500000, 0x0000000085600000, 0x0000000085600000|100%| O|  |TAMS 0x0000000085600000| PB 0x0000000085500000| Untracked 
|  86|0x0000000085600000, 0x0000000085700000, 0x0000000085700000|100%| O|  |TAMS 0x0000000085700000| PB 0x0000000085600000| Untracked 
|  87|0x0000000085700000, 0x0000000085800000, 0x0000000085800000|100%| O|  |TAMS 0x0000000085800000| PB 0x0000000085700000| Untracked 
|  88|0x0000000085800000, 0x0000000085900000, 0x0000000085900000|100%| O|  |TAMS 0x0000000085900000| PB 0x0000000085800000| Untracked 
|  89|0x0000000085900000, 0x0000000085a00000, 0x0000000085a00000|100%| O|  |TAMS 0x0000000085a00000| PB 0x0000000085900000| Untracked 
|  90|0x0000000085a00000, 0x0000000085b00000, 0x0000000085b00000|100%| O|  |TAMS 0x0000000085b00000| PB 0x0000000085a00000| Untracked 
|  91|0x0000000085b00000, 0x0000000085c00000, 0x0000000085c00000|100%| O|  |TAMS 0x0000000085c00000| PB 0x0000000085b00000| Untracked 
|  92|0x0000000085c00000, 0x0000000085d00000, 0x0000000085d00000|100%| O|  |TAMS 0x0000000085d00000| PB 0x0000000085c00000| Untracked 
|  93|0x0000000085d00000, 0x0000000085e00000, 0x0000000085e00000|100%| O|  |TAMS 0x0000000085e00000| PB 0x0000000085d00000| Untracked 
|  94|0x0000000085e00000, 0x0000000085f00000, 0x0000000085f00000|100%| O|  |TAMS 0x0000000085f00000| PB 0x0000000085e00000| Untracked 
|  95|0x0000000085f00000, 0x0000000086000000, 0x0000000086000000|100%| O|  |TAMS 0x0000000086000000| PB 0x0000000085f00000| Untracked 
|  96|0x0000000086000000, 0x0000000086100000, 0x0000000086100000|100%| O|  |TAMS 0x0000000086100000| PB 0x0000000086000000| Untracked 
|  97|0x0000000086100000, 0x0000000086200000, 0x0000000086200000|100%| O|  |TAMS 0x0000000086200000| PB 0x0000000086100000| Untracked 
|  98|0x0000000086200000, 0x0000000086300000, 0x0000000086300000|100%| O|  |TAMS 0x0000000086300000| PB 0x0000000086200000| Untracked 
|  99|0x0000000086300000, 0x0000000086400000, 0x0000000086400000|100%| O|  |TAMS 0x0000000086400000| PB 0x0000000086300000| Untracked 
| 100|0x0000000086400000, 0x0000000086500000, 0x0000000086500000|100%| O|  |TAMS 0x0000000086500000| PB 0x0000000086400000| Untracked 
| 101|0x0000000086500000, 0x0000000086600000, 0x0000000086600000|100%| O|  |TAMS 0x0000000086600000| PB 0x0000000086500000| Untracked 
| 102|0x0000000086600000, 0x0000000086700000, 0x0000000086700000|100%| O|  |TAMS 0x0000000086700000| PB 0x0000000086600000| Untracked 
| 103|0x0000000086700000, 0x0000000086800000, 0x0000000086800000|100%| O|  |TAMS 0x0000000086800000| PB 0x0000000086700000| Untracked 
| 104|0x0000000086800000, 0x0000000086900000, 0x0000000086900000|100%| O|  |TAMS 0x0000000086900000| PB 0x0000000086800000| Untracked 
| 105|0x0000000086900000, 0x0000000086a00000, 0x0000000086a00000|100%| O|  |TAMS 0x0000000086a00000| PB 0x0000000086900000| Untracked 
| 106|0x0000000086a00000, 0x0000000086b00000, 0x0000000086b00000|100%| O|  |TAMS 0x0000000086b00000| PB 0x0000000086a00000| Untracked 
| 107|0x0000000086b00000, 0x0000000086c00000, 0x0000000086c00000|100%| O|  |TAMS 0x0000000086c00000| PB 0x0000000086b00000| Untracked 
| 108|0x0000000086c00000, 0x0000000086d00000, 0x0000000086d00000|100%| O|  |TAMS 0x0000000086d00000| PB 0x0000000086c00000| Untracked 
| 109|0x0000000086d00000, 0x0000000086e00000, 0x0000000086e00000|100%| O|  |TAMS 0x0000000086e00000| PB 0x0000000086d00000| Untracked 
| 110|0x0000000086e00000, 0x0000000086f00000, 0x0000000086f00000|100%| O|  |TAMS 0x0000000086f00000| PB 0x0000000086e00000| Untracked 
| 111|0x0000000086f00000, 0x0000000087000000, 0x0000000087000000|100%| O|  |TAMS 0x0000000087000000| PB 0x0000000086f00000| Untracked 
| 112|0x0000000087000000, 0x0000000087100000, 0x0000000087100000|100%| O|  |TAMS 0x0000000087100000| PB 0x0000000087000000| Untracked 
| 113|0x0000000087100000, 0x0000000087200000, 0x0000000087200000|100%| O|  |TAMS 0x0000000087200000| PB 0x0000000087100000| Untracked 
| 114|0x0000000087200000, 0x0000000087300000, 0x0000000087300000|100%| O|  |TAMS 0x0000000087300000| PB 0x0000000087200000| Untracked 
| 115|0x0000000087300000, 0x0000000087400000, 0x0000000087400000|100%| O|  |TAMS 0x0000000087400000| PB 0x0000000087300000| Untracked 
| 116|0x0000000087400000, 0x0000000087500000, 0x0000000087500000|100%| O|  |TAMS 0x0000000087500000| PB 0x0000000087400000| Untracked 
| 117|0x0000000087500000, 0x0000000087600000, 0x0000000087600000|100%| O|  |TAMS 0x0000000087600000| PB 0x0000000087500000| Untracked 
| 118|0x0000000087600000, 0x0000000087700000, 0x0000000087700000|100%| O|  |TAMS 0x0000000087700000| PB 0x0000000087600000| Untracked 
| 119|0x0000000087700000, 0x0000000087800000, 0x0000000087800000|100%| O|  |TAMS 0x0000000087800000| PB 0x0000000087700000| Untracked 
| 120|0x0000000087800000, 0x0000000087900000, 0x0000000087900000|100%| O|  |TAMS 0x0000000087900000| PB 0x0000000087800000| Untracked 
| 121|0x0000000087900000, 0x0000000087a00000, 0x0000000087a00000|100%| O|  |TAMS 0x0000000087a00000| PB 0x0000000087900000| Untracked 
| 122|0x0000000087a00000, 0x0000000087b00000, 0x0000000087b00000|100%| O|  |TAMS 0x0000000087b00000| PB 0x0000000087a00000| Untracked 
| 123|0x0000000087b00000, 0x0000000087c00000, 0x0000000087c00000|100%| O|  |TAMS 0x0000000087c00000| PB 0x0000000087b00000| Untracked 
| 124|0x0000000087c00000, 0x0000000087d00000, 0x0000000087d00000|100%| O|  |TAMS 0x0000000087d00000| PB 0x0000000087c00000| Untracked 
| 125|0x0000000087d00000, 0x0000000087e00000, 0x0000000087e00000|100%| O|  |TAMS 0x0000000087e00000| PB 0x0000000087d00000| Untracked 
| 126|0x0000000087e00000, 0x0000000087f00000, 0x0000000087f00000|100%| O|  |TAMS 0x0000000087f00000| PB 0x0000000087e00000| Untracked 
| 127|0x0000000087f00000, 0x0000000088000000, 0x0000000088000000|100%| O|  |TAMS 0x0000000088000000| PB 0x0000000087f00000| Untracked 
| 128|0x0000000088000000, 0x0000000088100000, 0x0000000088100000|100%| O|  |TAMS 0x0000000088100000| PB 0x0000000088000000| Untracked 
| 129|0x0000000088100000, 0x0000000088200000, 0x0000000088200000|100%| O|  |TAMS 0x0000000088200000| PB 0x0000000088100000| Untracked 
| 130|0x0000000088200000, 0x0000000088300000, 0x0000000088300000|100%| O|  |TAMS 0x0000000088300000| PB 0x0000000088200000| Untracked 
| 131|0x0000000088300000, 0x0000000088400000, 0x0000000088400000|100%| O|  |TAMS 0x0000000088400000| PB 0x0000000088300000| Untracked 
| 132|0x0000000088400000, 0x0000000088500000, 0x0000000088500000|100%| O|  |TAMS 0x0000000088500000| PB 0x0000000088400000| Untracked 
| 133|0x0000000088500000, 0x0000000088600000, 0x0000000088600000|100%| O|  |TAMS 0x0000000088500000| PB 0x0000000088500000| Untracked 
| 134|0x0000000088600000, 0x0000000088700000, 0x0000000088700000|100%| O|  |TAMS 0x0000000088700000| PB 0x0000000088600000| Untracked 
| 135|0x0000000088700000, 0x0000000088800000, 0x0000000088800000|100%| O|  |TAMS 0x0000000088800000| PB 0x0000000088700000| Untracked 
| 136|0x0000000088800000, 0x0000000088900000, 0x0000000088900000|100%| O|  |TAMS 0x0000000088900000| PB 0x0000000088800000| Untracked 
| 137|0x0000000088900000, 0x0000000088a00000, 0x0000000088a00000|100%| O|  |TAMS 0x0000000088a00000| PB 0x0000000088900000| Untracked 
| 138|0x0000000088a00000, 0x0000000088b00000, 0x0000000088b00000|100%| O|  |TAMS 0x0000000088b00000| PB 0x0000000088a00000| Untracked 
| 139|0x0000000088b00000, 0x0000000088c00000, 0x0000000088c00000|100%| O|  |TAMS 0x0000000088c00000| PB 0x0000000088b00000| Untracked 
| 140|0x0000000088c00000, 0x0000000088d00000, 0x0000000088d00000|100%| O|  |TAMS 0x0000000088d00000| PB 0x0000000088c00000| Untracked 
| 141|0x0000000088d00000, 0x0000000088e00000, 0x0000000088e00000|100%| O|  |TAMS 0x0000000088e00000| PB 0x0000000088d00000| Untracked 
| 142|0x0000000088e00000, 0x0000000088f00000, 0x0000000088f00000|100%| O|  |TAMS 0x0000000088f00000| PB 0x0000000088e00000| Untracked 
| 143|0x0000000088f00000, 0x0000000089000000, 0x0000000089000000|100%| O|  |TAMS 0x0000000089000000| PB 0x0000000088f00000| Untracked 
| 144|0x0000000089000000, 0x0000000089100000, 0x0000000089100000|100%| O|  |TAMS 0x0000000089100000| PB 0x0000000089000000| Untracked 
| 145|0x0000000089100000, 0x0000000089200000, 0x0000000089200000|100%| O|  |TAMS 0x0000000089200000| PB 0x0000000089100000| Untracked 
| 146|0x0000000089200000, 0x0000000089300000, 0x0000000089300000|100%| O|  |TAMS 0x0000000089300000| PB 0x0000000089200000| Untracked 
| 147|0x0000000089300000, 0x0000000089400000, 0x0000000089400000|100%| O|  |TAMS 0x0000000089400000| PB 0x0000000089300000| Untracked 
| 148|0x0000000089400000, 0x0000000089500000, 0x0000000089500000|100%| O|  |TAMS 0x0000000089500000| PB 0x0000000089400000| Untracked 
| 149|0x0000000089500000, 0x0000000089600000, 0x0000000089600000|100%| O|  |TAMS 0x0000000089600000| PB 0x0000000089500000| Untracked 
| 150|0x0000000089600000, 0x0000000089700000, 0x0000000089700000|100%| O|  |TAMS 0x0000000089700000| PB 0x0000000089600000| Untracked 
| 151|0x0000000089700000, 0x0000000089800000, 0x0000000089800000|100%| O|  |TAMS 0x0000000089800000| PB 0x0000000089700000| Untracked 
| 152|0x0000000089800000, 0x0000000089900000, 0x0000000089900000|100%| O|  |TAMS 0x0000000089900000| PB 0x0000000089800000| Untracked 
| 153|0x0000000089900000, 0x0000000089a00000, 0x0000000089a00000|100%| O|  |TAMS 0x0000000089a00000| PB 0x0000000089900000| Untracked 
| 154|0x0000000089a00000, 0x0000000089b00000, 0x0000000089b00000|100%| O|  |TAMS 0x0000000089b00000| PB 0x0000000089a00000| Untracked 
| 155|0x0000000089b00000, 0x0000000089c00000, 0x0000000089c00000|100%| O|  |TAMS 0x0000000089c00000| PB 0x0000000089b00000| Untracked 
| 156|0x0000000089c00000, 0x0000000089d00000, 0x0000000089d00000|100%| O|  |TAMS 0x0000000089d00000| PB 0x0000000089c00000| Untracked 
| 157|0x0000000089d00000, 0x0000000089e00000, 0x0000000089e00000|100%| O|  |TAMS 0x0000000089e00000| PB 0x0000000089d00000| Untracked 
| 158|0x0000000089e00000, 0x0000000089f00000, 0x0000000089f00000|100%| O|  |TAMS 0x0000000089f00000| PB 0x0000000089e00000| Untracked 
| 159|0x0000000089f00000, 0x000000008a000000, 0x000000008a000000|100%| O|  |TAMS 0x000000008a000000| PB 0x0000000089f00000| Untracked 
| 160|0x000000008a000000, 0x000000008a100000, 0x000000008a100000|100%| O|  |TAMS 0x000000008a100000| PB 0x000000008a000000| Untracked 
| 161|0x000000008a100000, 0x000000008a200000, 0x000000008a200000|100%| O|  |TAMS 0x000000008a200000| PB 0x000000008a100000| Untracked 
| 162|0x000000008a200000, 0x000000008a300000, 0x000000008a300000|100%| O|  |TAMS 0x000000008a300000| PB 0x000000008a200000| Untracked 
| 163|0x000000008a300000, 0x000000008a400000, 0x000000008a400000|100%| O|  |TAMS 0x000000008a400000| PB 0x000000008a300000| Untracked 
| 164|0x000000008a400000, 0x000000008a500000, 0x000000008a500000|100%| O|  |TAMS 0x000000008a500000| PB 0x000000008a400000| Untracked 
| 165|0x000000008a500000, 0x000000008a600000, 0x000000008a600000|100%| O|  |TAMS 0x000000008a600000| PB 0x000000008a500000| Untracked 
| 166|0x000000008a600000, 0x000000008a700000, 0x000000008a700000|100%| O|  |TAMS 0x000000008a700000| PB 0x000000008a600000| Untracked 
| 167|0x000000008a700000, 0x000000008a800000, 0x000000008a800000|100%| O|  |TAMS 0x000000008a800000| PB 0x000000008a700000| Untracked 
| 168|0x000000008a800000, 0x000000008a900000, 0x000000008a900000|100%| O|  |TAMS 0x000000008a900000| PB 0x000000008a800000| Untracked 
| 169|0x000000008a900000, 0x000000008aa00000, 0x000000008aa00000|100%| O|  |TAMS 0x000000008aa00000| PB 0x000000008a900000| Untracked 
| 170|0x000000008aa00000, 0x000000008ab00000, 0x000000008ab00000|100%| O|  |TAMS 0x000000008ab00000| PB 0x000000008aa00000| Untracked 
| 171|0x000000008ab00000, 0x000000008ac00000, 0x000000008ac00000|100%| O|  |TAMS 0x000000008ac00000| PB 0x000000008ab00000| Untracked 
| 172|0x000000008ac00000, 0x000000008ad00000, 0x000000008ad00000|100%| O|  |TAMS 0x000000008ad00000| PB 0x000000008ac00000| Untracked 
| 173|0x000000008ad00000, 0x000000008ae00000, 0x000000008ae00000|100%| O|  |TAMS 0x000000008ae00000| PB 0x000000008ad00000| Untracked 
| 174|0x000000008ae00000, 0x000000008af00000, 0x000000008af00000|100%| O|  |TAMS 0x000000008af00000| PB 0x000000008ae00000| Untracked 
| 175|0x000000008af00000, 0x000000008b000000, 0x000000008b000000|100%| O|  |TAMS 0x000000008b000000| PB 0x000000008af00000| Untracked 
| 176|0x000000008b000000, 0x000000008b100000, 0x000000008b100000|100%| O|  |TAMS 0x000000008b100000| PB 0x000000008b000000| Untracked 
| 177|0x000000008b100000, 0x000000008b200000, 0x000000008b200000|100%| O|  |TAMS 0x000000008b200000| PB 0x000000008b100000| Untracked 
| 178|0x000000008b200000, 0x000000008b300000, 0x000000008b300000|100%| O|  |TAMS 0x000000008b300000| PB 0x000000008b200000| Untracked 
| 179|0x000000008b300000, 0x000000008b400000, 0x000000008b400000|100%| O|  |TAMS 0x000000008b400000| PB 0x000000008b300000| Untracked 
| 180|0x000000008b400000, 0x000000008b500000, 0x000000008b500000|100%| O|  |TAMS 0x000000008b44d630| PB 0x000000008b400000| Untracked 
| 181|0x000000008b500000, 0x000000008b600000, 0x000000008b600000|100%| O|  |TAMS 0x000000008b500000| PB 0x000000008b500000| Untracked 
| 182|0x000000008b600000, 0x000000008b700000, 0x000000008b700000|100%| O|  |TAMS 0x000000008b600000| PB 0x000000008b600000| Untracked 
| 183|0x000000008b700000, 0x000000008b800000, 0x000000008b800000|100%| O|  |TAMS 0x000000008b700000| PB 0x000000008b700000| Untracked 
| 184|0x000000008b800000, 0x000000008b900000, 0x000000008b900000|100%| O|  |TAMS 0x000000008b800000| PB 0x000000008b800000| Untracked 
| 185|0x000000008b900000, 0x000000008ba00000, 0x000000008ba00000|100%| O|  |TAMS 0x000000008b900000| PB 0x000000008b900000| Untracked 
| 186|0x000000008ba00000, 0x000000008bb00000, 0x000000008bb00000|100%| O|  |TAMS 0x000000008ba00000| PB 0x000000008ba00000| Untracked 
| 187|0x000000008bb00000, 0x000000008bc00000, 0x000000008bc00000|100%| O|  |TAMS 0x000000008bb00000| PB 0x000000008bb00000| Untracked 
| 188|0x000000008bc00000, 0x000000008bc00000, 0x000000008bd00000|  0%| F|  |TAMS 0x000000008bc00000| PB 0x000000008bc00000| Untracked 
| 189|0x000000008bd00000, 0x000000008bd00000, 0x000000008be00000|  0%| F|  |TAMS 0x000000008bd00000| PB 0x000000008bd00000| Untracked 
| 190|0x000000008be00000, 0x000000008be00000, 0x000000008bf00000|  0%| F|  |TAMS 0x000000008be00000| PB 0x000000008be00000| Untracked 
| 191|0x000000008bf00000, 0x000000008bf00000, 0x000000008c000000|  0%| F|  |TAMS 0x000000008bf00000| PB 0x000000008bf00000| Untracked 
| 192|0x000000008c000000, 0x000000008c000000, 0x000000008c100000|  0%| F|  |TAMS 0x000000008c000000| PB 0x000000008c000000| Untracked 
| 193|0x000000008c100000, 0x000000008c100000, 0x000000008c200000|  0%| F|  |TAMS 0x000000008c100000| PB 0x000000008c100000| Untracked 
| 194|0x000000008c200000, 0x000000008c200000, 0x000000008c300000|  0%| F|  |TAMS 0x000000008c200000| PB 0x000000008c200000| Untracked 
| 195|0x000000008c300000, 0x000000008c300000, 0x000000008c400000|  0%| F|  |TAMS 0x000000008c300000| PB 0x000000008c300000| Untracked 
| 196|0x000000008c400000, 0x000000008c400000, 0x000000008c500000|  0%| F|  |TAMS 0x000000008c400000| PB 0x000000008c400000| Untracked 
| 197|0x000000008c500000, 0x000000008c500000, 0x000000008c600000|  0%| F|  |TAMS 0x000000008c500000| PB 0x000000008c500000| Untracked 
| 198|0x000000008c600000, 0x000000008c600000, 0x000000008c700000|  0%| F|  |TAMS 0x000000008c600000| PB 0x000000008c600000| Untracked 
| 199|0x000000008c700000, 0x000000008c800000, 0x000000008c800000|100%| O|  |TAMS 0x000000008c700000| PB 0x000000008c700000| Untracked 
| 200|0x000000008c800000, 0x000000008c900000, 0x000000008c900000|100%| O|  |TAMS 0x000000008c800000| PB 0x000000008c800000| Untracked 
| 201|0x000000008c900000, 0x000000008ca00000, 0x000000008ca00000|100%| O|  |TAMS 0x000000008c900000| PB 0x000000008c900000| Untracked 
| 202|0x000000008ca00000, 0x000000008cb00000, 0x000000008cb00000|100%| O|  |TAMS 0x000000008ca00000| PB 0x000000008ca00000| Untracked 
| 203|0x000000008cb00000, 0x000000008cc00000, 0x000000008cc00000|100%| O|  |TAMS 0x000000008cb00000| PB 0x000000008cb00000| Untracked 
| 204|0x000000008cc00000, 0x000000008cd00000, 0x000000008cd00000|100%| O|  |TAMS 0x000000008cc00000| PB 0x000000008cc00000| Untracked 
| 205|0x000000008cd00000, 0x000000008ce00000, 0x000000008ce00000|100%| O|  |TAMS 0x000000008cd00000| PB 0x000000008cd00000| Untracked 
| 206|0x000000008ce00000, 0x000000008cf00000, 0x000000008cf00000|100%| O|  |TAMS 0x000000008ce00000| PB 0x000000008ce00000| Untracked 
| 207|0x000000008cf00000, 0x000000008cfb44f0, 0x000000008d000000| 70%| O|  |TAMS 0x000000008cf00000| PB 0x000000008cf00000| Untracked 
| 208|0x000000008d000000, 0x000000008d000000, 0x000000008d100000|  0%| F|  |TAMS 0x000000008d000000| PB 0x000000008d000000| Untracked 
| 209|0x000000008d100000, 0x000000008d100000, 0x000000008d200000|  0%| F|  |TAMS 0x000000008d100000| PB 0x000000008d100000| Untracked 
| 210|0x000000008d200000, 0x000000008d200000, 0x000000008d300000|  0%| F|  |TAMS 0x000000008d200000| PB 0x000000008d200000| Untracked 
| 211|0x000000008d300000, 0x000000008d300000, 0x000000008d400000|  0%| F|  |TAMS 0x000000008d300000| PB 0x000000008d300000| Untracked 
| 212|0x000000008d400000, 0x000000008d400000, 0x000000008d500000|  0%| F|  |TAMS 0x000000008d400000| PB 0x000000008d400000| Untracked 
| 213|0x000000008d500000, 0x000000008d600000, 0x000000008d600000|100%| S|CS|TAMS 0x000000008d500000| PB 0x000000008d500000| Complete 
| 214|0x000000008d600000, 0x000000008d700000, 0x000000008d700000|100%| S|CS|TAMS 0x000000008d600000| PB 0x000000008d600000| Complete 
| 215|0x000000008d700000, 0x000000008d800000, 0x000000008d800000|100%| S|CS|TAMS 0x000000008d700000| PB 0x000000008d700000| Complete 
| 216|0x000000008d800000, 0x000000008d900000, 0x000000008d900000|100%| S|CS|TAMS 0x000000008d800000| PB 0x000000008d800000| Complete 
| 217|0x000000008d900000, 0x000000008da00000, 0x000000008da00000|100%| S|CS|TAMS 0x000000008d900000| PB 0x000000008d900000| Complete 
| 218|0x000000008da00000, 0x000000008db00000, 0x000000008db00000|100%| S|CS|TAMS 0x000000008da00000| PB 0x000000008da00000| Complete 
| 219|0x000000008db00000, 0x000000008dc00000, 0x000000008dc00000|100%| S|CS|TAMS 0x000000008db00000| PB 0x000000008db00000| Complete 
| 220|0x000000008dc00000, 0x000000008dd00000, 0x000000008dd00000|100%| S|CS|TAMS 0x000000008dc00000| PB 0x000000008dc00000| Complete 
| 221|0x000000008dd00000, 0x000000008de00000, 0x000000008de00000|100%| S|CS|TAMS 0x000000008dd00000| PB 0x000000008dd00000| Complete 
| 222|0x000000008de00000, 0x000000008df00000, 0x000000008df00000|100%| S|CS|TAMS 0x000000008de00000| PB 0x000000008de00000| Complete 
| 223|0x000000008df00000, 0x000000008df00000, 0x000000008e000000|  0%| F|  |TAMS 0x000000008df00000| PB 0x000000008df00000| Untracked 
| 224|0x000000008e000000, 0x000000008e000000, 0x000000008e100000|  0%| F|  |TAMS 0x000000008e000000| PB 0x000000008e000000| Untracked 
| 225|0x000000008e100000, 0x000000008e100000, 0x000000008e200000|  0%| F|  |TAMS 0x000000008e100000| PB 0x000000008e100000| Untracked 
| 226|0x000000008e200000, 0x000000008e200000, 0x000000008e300000|  0%| F|  |TAMS 0x000000008e200000| PB 0x000000008e200000| Untracked 
| 227|0x000000008e300000, 0x000000008e300000, 0x000000008e400000|  0%| F|  |TAMS 0x000000008e300000| PB 0x000000008e300000| Untracked 
| 228|0x000000008e400000, 0x000000008e400000, 0x000000008e500000|  0%| F|  |TAMS 0x000000008e400000| PB 0x000000008e400000| Untracked 
| 229|0x000000008e500000, 0x000000008e500000, 0x000000008e600000|  0%| F|  |TAMS 0x000000008e500000| PB 0x000000008e500000| Untracked 
| 230|0x000000008e600000, 0x000000008e600000, 0x000000008e700000|  0%| F|  |TAMS 0x000000008e600000| PB 0x000000008e600000| Untracked 
| 231|0x000000008e700000, 0x000000008e700000, 0x000000008e800000|  0%| F|  |TAMS 0x000000008e700000| PB 0x000000008e700000| Untracked 
| 232|0x000000008e800000, 0x000000008e800000, 0x000000008e900000|  0%| F|  |TAMS 0x000000008e800000| PB 0x000000008e800000| Untracked 
| 233|0x000000008e900000, 0x000000008e900000, 0x000000008ea00000|  0%| F|  |TAMS 0x000000008e900000| PB 0x000000008e900000| Untracked 
| 234|0x000000008ea00000, 0x000000008ea00000, 0x000000008eb00000|  0%| F|  |TAMS 0x000000008ea00000| PB 0x000000008ea00000| Untracked 
| 235|0x000000008eb00000, 0x000000008eb00000, 0x000000008ec00000|  0%| F|  |TAMS 0x000000008eb00000| PB 0x000000008eb00000| Untracked 
| 236|0x000000008ec00000, 0x000000008ec00000, 0x000000008ed00000|  0%| F|  |TAMS 0x000000008ec00000| PB 0x000000008ec00000| Untracked 
| 237|0x000000008ed00000, 0x000000008ed00000, 0x000000008ee00000|  0%| F|  |TAMS 0x000000008ed00000| PB 0x000000008ed00000| Untracked 
| 238|0x000000008ee00000, 0x000000008ee00000, 0x000000008ef00000|  0%| F|  |TAMS 0x000000008ee00000| PB 0x000000008ee00000| Untracked 
| 239|0x000000008ef00000, 0x000000008ef00000, 0x000000008f000000|  0%| F|  |TAMS 0x000000008ef00000| PB 0x000000008ef00000| Untracked 
| 240|0x000000008f000000, 0x000000008f000000, 0x000000008f100000|  0%| F|  |TAMS 0x000000008f000000| PB 0x000000008f000000| Untracked 
| 241|0x000000008f100000, 0x000000008f100000, 0x000000008f200000|  0%| F|  |TAMS 0x000000008f100000| PB 0x000000008f100000| Untracked 
| 242|0x000000008f200000, 0x000000008f200000, 0x000000008f300000|  0%| F|  |TAMS 0x000000008f200000| PB 0x000000008f200000| Untracked 
| 243|0x000000008f300000, 0x000000008f300000, 0x000000008f400000|  0%| F|  |TAMS 0x000000008f300000| PB 0x000000008f300000| Untracked 
| 244|0x000000008f400000, 0x000000008f400000, 0x000000008f500000|  0%| F|  |TAMS 0x000000008f400000| PB 0x000000008f400000| Untracked 
| 245|0x000000008f500000, 0x000000008f500000, 0x000000008f600000|  0%| F|  |TAMS 0x000000008f500000| PB 0x000000008f500000| Untracked 
| 246|0x000000008f600000, 0x000000008f600000, 0x000000008f700000|  0%| F|  |TAMS 0x000000008f600000| PB 0x000000008f600000| Untracked 
| 247|0x000000008f700000, 0x000000008f700000, 0x000000008f800000|  0%| F|  |TAMS 0x000000008f700000| PB 0x000000008f700000| Untracked 
| 248|0x000000008f800000, 0x000000008f800000, 0x000000008f900000|  0%| F|  |TAMS 0x000000008f800000| PB 0x000000008f800000| Untracked 
| 249|0x000000008f900000, 0x000000008f900000, 0x000000008fa00000|  0%| F|  |TAMS 0x000000008f900000| PB 0x000000008f900000| Untracked 
| 250|0x000000008fa00000, 0x000000008fa00000, 0x000000008fb00000|  0%| F|  |TAMS 0x000000008fa00000| PB 0x000000008fa00000| Untracked 
| 251|0x000000008fb00000, 0x000000008fb00000, 0x000000008fc00000|  0%| F|  |TAMS 0x000000008fb00000| PB 0x000000008fb00000| Untracked 
| 252|0x000000008fc00000, 0x000000008fc00000, 0x000000008fd00000|  0%| F|  |TAMS 0x000000008fc00000| PB 0x000000008fc00000| Untracked 
| 253|0x000000008fd00000, 0x000000008fd00000, 0x000000008fe00000|  0%| F|  |TAMS 0x000000008fd00000| PB 0x000000008fd00000| Untracked 
| 254|0x000000008fe00000, 0x000000008fe00000, 0x000000008ff00000|  0%| F|  |TAMS 0x000000008fe00000| PB 0x000000008fe00000| Untracked 
| 255|0x000000008ff00000, 0x000000008ff00000, 0x0000000090000000|  0%| F|  |TAMS 0x000000008ff00000| PB 0x000000008ff00000| Untracked 
| 256|0x0000000090000000, 0x0000000090000000, 0x0000000090100000|  0%| F|  |TAMS 0x0000000090000000| PB 0x0000000090000000| Untracked 
| 257|0x0000000090100000, 0x0000000090100000, 0x0000000090200000|  0%| F|  |TAMS 0x0000000090100000| PB 0x0000000090100000| Untracked 
| 258|0x0000000090200000, 0x0000000090200000, 0x0000000090300000|  0%| F|  |TAMS 0x0000000090200000| PB 0x0000000090200000| Untracked 
| 259|0x0000000090300000, 0x0000000090300000, 0x0000000090400000|  0%| F|  |TAMS 0x0000000090300000| PB 0x0000000090300000| Untracked 
| 260|0x0000000090400000, 0x0000000090400000, 0x0000000090500000|  0%| F|  |TAMS 0x0000000090400000| PB 0x0000000090400000| Untracked 
| 261|0x0000000090500000, 0x0000000090500000, 0x0000000090600000|  0%| F|  |TAMS 0x0000000090500000| PB 0x0000000090500000| Untracked 
| 262|0x0000000090600000, 0x0000000090600000, 0x0000000090700000|  0%| F|  |TAMS 0x0000000090600000| PB 0x0000000090600000| Untracked 
| 263|0x0000000090700000, 0x0000000090700000, 0x0000000090800000|  0%| F|  |TAMS 0x0000000090700000| PB 0x0000000090700000| Untracked 
| 264|0x0000000090800000, 0x0000000090800000, 0x0000000090900000|  0%| F|  |TAMS 0x0000000090800000| PB 0x0000000090800000| Untracked 
| 265|0x0000000090900000, 0x0000000090900000, 0x0000000090a00000|  0%| F|  |TAMS 0x0000000090900000| PB 0x0000000090900000| Untracked 
| 266|0x0000000090a00000, 0x0000000090a00000, 0x0000000090b00000|  0%| F|  |TAMS 0x0000000090a00000| PB 0x0000000090a00000| Untracked 
| 267|0x0000000090b00000, 0x0000000090b00000, 0x0000000090c00000|  0%| F|  |TAMS 0x0000000090b00000| PB 0x0000000090b00000| Untracked 
| 268|0x0000000090c00000, 0x0000000090c00000, 0x0000000090d00000|  0%| F|  |TAMS 0x0000000090c00000| PB 0x0000000090c00000| Untracked 
| 269|0x0000000090d00000, 0x0000000090d00000, 0x0000000090e00000|  0%| F|  |TAMS 0x0000000090d00000| PB 0x0000000090d00000| Untracked 
| 270|0x0000000090e00000, 0x0000000090e00000, 0x0000000090f00000|  0%| F|  |TAMS 0x0000000090e00000| PB 0x0000000090e00000| Untracked 
| 271|0x0000000090f00000, 0x0000000090f00000, 0x0000000091000000|  0%| F|  |TAMS 0x0000000090f00000| PB 0x0000000090f00000| Untracked 
| 272|0x0000000091000000, 0x0000000091000000, 0x0000000091100000|  0%| F|  |TAMS 0x0000000091000000| PB 0x0000000091000000| Untracked 
| 273|0x0000000091100000, 0x0000000091100000, 0x0000000091200000|  0%| F|  |TAMS 0x0000000091100000| PB 0x0000000091100000| Untracked 
| 274|0x0000000091200000, 0x0000000091200000, 0x0000000091300000|  0%| F|  |TAMS 0x0000000091200000| PB 0x0000000091200000| Untracked 
| 275|0x0000000091300000, 0x0000000091300000, 0x0000000091400000|  0%| F|  |TAMS 0x0000000091300000| PB 0x0000000091300000| Untracked 
| 276|0x0000000091400000, 0x0000000091400000, 0x0000000091500000|  0%| F|  |TAMS 0x0000000091400000| PB 0x0000000091400000| Untracked 
|2011|0x00000000fdb00000, 0x00000000fdb00000, 0x00000000fdc00000|  0%| F|  |TAMS 0x00000000fdb00000| PB 0x00000000fdb00000| Untracked 
|2012|0x00000000fdc00000, 0x00000000fdc00000, 0x00000000fdd00000|  0%| F|  |TAMS 0x00000000fdc00000| PB 0x00000000fdc00000| Untracked 
|2013|0x00000000fdd00000, 0x00000000fde00000, 0x00000000fde00000|100%| O|  |TAMS 0x00000000fde00000| PB 0x00000000fdd00000| Untracked 
|2014|0x00000000fde00000, 0x00000000fdf00000, 0x00000000fdf00000|100%| O|  |TAMS 0x00000000fdf00000| PB 0x00000000fde00000| Untracked 
|2015|0x00000000fdf00000, 0x00000000fdf00000, 0x00000000fe000000|  0%| F|  |TAMS 0x00000000fdf00000| PB 0x00000000fdf00000| Untracked 
|2016|0x00000000fe000000, 0x00000000fe100000, 0x00000000fe100000|100%| O|  |TAMS 0x00000000fe100000| PB 0x00000000fe000000| Untracked 
|2017|0x00000000fe100000, 0x00000000fe200000, 0x00000000fe200000|100%| O|  |TAMS 0x00000000fe200000| PB 0x00000000fe100000| Untracked 
|2018|0x00000000fe200000, 0x00000000fe300000, 0x00000000fe300000|100%| O|  |TAMS 0x00000000fe300000| PB 0x00000000fe200000| Untracked 
|2019|0x00000000fe300000, 0x00000000fe400000, 0x00000000fe400000|100%| O|  |TAMS 0x00000000fe400000| PB 0x00000000fe300000| Untracked 
|2020|0x00000000fe400000, 0x00000000fe500000, 0x00000000fe500000|100%| O|  |TAMS 0x00000000fe500000| PB 0x00000000fe400000| Untracked 
|2021|0x00000000fe500000, 0x00000000fe600000, 0x00000000fe600000|100%| O|  |TAMS 0x00000000fe600000| PB 0x00000000fe500000| Untracked 
|2022|0x00000000fe600000, 0x00000000fe700000, 0x00000000fe700000|100%| O|  |TAMS 0x00000000fe700000| PB 0x00000000fe600000| Untracked 
|2023|0x00000000fe700000, 0x00000000fe800000, 0x00000000fe800000|100%| O|  |TAMS 0x00000000fe800000| PB 0x00000000fe700000| Untracked 
|2024|0x00000000fe800000, 0x00000000fe800000, 0x00000000fe900000|  0%| F|  |TAMS 0x00000000fe800000| PB 0x00000000fe800000| Untracked 
|2025|0x00000000fe900000, 0x00000000fea00000, 0x00000000fea00000|100%| O|  |TAMS 0x00000000fea00000| PB 0x00000000fe900000| Untracked 
|2026|0x00000000fea00000, 0x00000000feb00000, 0x00000000feb00000|100%| O|  |TAMS 0x00000000feb00000| PB 0x00000000fea00000| Untracked 
|2027|0x00000000feb00000, 0x00000000fec00000, 0x00000000fec00000|100%| O|  |TAMS 0x00000000fec00000| PB 0x00000000feb00000| Untracked 
|2028|0x00000000fec00000, 0x00000000fec00000, 0x00000000fed00000|  0%| F|  |TAMS 0x00000000fec00000| PB 0x00000000fec00000| Untracked 
|2029|0x00000000fed00000, 0x00000000fee00000, 0x00000000fee00000|100%| O|  |TAMS 0x00000000fee00000| PB 0x00000000fed00000| Untracked 
|2030|0x00000000fee00000, 0x00000000fee00000, 0x00000000fef00000|  0%| F|  |TAMS 0x00000000fee00000| PB 0x00000000fee00000| Untracked 
|2031|0x00000000fef00000, 0x00000000fef00000, 0x00000000ff000000|  0%| F|  |TAMS 0x00000000fef00000| PB 0x00000000fef00000| Untracked 
|2032|0x00000000ff000000, 0x00000000ff100000, 0x00000000ff100000|100%| O|  |TAMS 0x00000000ff100000| PB 0x00000000ff000000| Untracked 
|2033|0x00000000ff100000, 0x00000000ff200000, 0x00000000ff200000|100%| O|  |TAMS 0x00000000ff200000| PB 0x00000000ff100000| Untracked 
|2034|0x00000000ff200000, 0x00000000ff300000, 0x00000000ff300000|100%| O|  |TAMS 0x00000000ff300000| PB 0x00000000ff200000| Untracked 
|2035|0x00000000ff300000, 0x00000000ff400000, 0x00000000ff400000|100%| O|  |TAMS 0x00000000ff400000| PB 0x00000000ff300000| Untracked 
|2036|0x00000000ff400000, 0x00000000ff500000, 0x00000000ff500000|100%| O|  |TAMS 0x00000000ff500000| PB 0x00000000ff400000| Untracked 
|2037|0x00000000ff500000, 0x00000000ff500000, 0x00000000ff600000|  0%| F|  |TAMS 0x00000000ff500000| PB 0x00000000ff500000| Untracked 
|2038|0x00000000ff600000, 0x00000000ff600000, 0x00000000ff700000|  0%| F|  |TAMS 0x00000000ff600000| PB 0x00000000ff600000| Untracked 
|2039|0x00000000ff700000, 0x00000000ff700000, 0x00000000ff800000|  0%| F|  |TAMS 0x00000000ff700000| PB 0x00000000ff700000| Untracked 
|2040|0x00000000ff800000, 0x00000000ff900000, 0x00000000ff900000|100%| O|  |TAMS 0x00000000ff900000| PB 0x00000000ff800000| Untracked 
|2041|0x00000000ff900000, 0x00000000ff900000, 0x00000000ffa00000|  0%| F|  |TAMS 0x00000000ff900000| PB 0x00000000ff900000| Untracked 
|2042|0x00000000ffa00000, 0x00000000ffb00000, 0x00000000ffb00000|100%| O|  |TAMS 0x00000000ffb00000| PB 0x00000000ffa00000| Untracked 
|2043|0x00000000ffb00000, 0x00000000ffc00000, 0x00000000ffc00000|100%| O|  |TAMS 0x00000000ffc00000| PB 0x00000000ffb00000| Untracked 
|2044|0x00000000ffc00000, 0x00000000ffd00000, 0x00000000ffd00000|100%| O|  |TAMS 0x00000000ffd00000| PB 0x00000000ffc00000| Untracked 
|2045|0x00000000ffd00000, 0x00000000ffe00000, 0x00000000ffe00000|100%| O|  |TAMS 0x00000000ffe00000| PB 0x00000000ffd00000| Untracked 
|2046|0x00000000ffe00000, 0x00000000fff00000, 0x00000000fff00000|100%| O|  |TAMS 0x00000000fff00000| PB 0x00000000ffe00000| Untracked 
|2047|0x00000000fff00000, 0x0000000100000000, 0x0000000100000000|100%| O|  |TAMS 0x0000000100000000| PB 0x00000000fff00000| Untracked 

Card table byte_map: [0x000002b1631a0000,0x000002b1635a0000] _byte_map_base: 0x000002b162da0000

Marking Bits: (CMBitMap*) 0x000002b150947a30
 Bits: [0x000002b1635a0000, 0x000002b1655a0000)

Polling page: 0x000002b1500c0000

Metaspace:

Usage:
  Non-class:    106.20 MB used.
      Class:     17.72 MB used.
       Both:    123.92 MB used.

Virtual space:
  Non-class space:      128.00 MB reserved,     107.44 MB ( 84%) committed,  2 nodes.
      Class space:        1.00 GB reserved,      18.81 MB (  2%) committed,  1 nodes.
             Both:        1.12 GB reserved,     126.25 MB ( 11%) committed. 

Chunk freelists:
   Non-Class:  4.30 MB
       Class:  13.12 MB
        Both:  17.42 MB

MaxMetaspaceSize: unlimited
CompressedClassSpaceSize: 1.00 GB
Initial GC threshold: 21.00 MB
Current GC threshold: 208.69 MB
CDS: off
 - commit_granule_bytes: 65536.
 - commit_granule_words: 8192.
 - virtual_space_node_default_size: 8388608.
 - enlarge_chunks_in_place: 1.
 - use_allocation_guard: 0.


Internal statistics:

num_allocs_failed_limit: 11.
num_arena_births: 4800.
num_arena_deaths: 6.
num_vsnodes_births: 3.
num_vsnodes_deaths: 0.
num_space_committed: 2020.
num_space_uncommitted: 0.
num_chunks_returned_to_freelist: 19.
num_chunks_taken_from_freelist: 10320.
num_chunk_merges: 10.
num_chunk_splits: 6738.
num_chunks_enlarged: 4236.
num_inconsistent_stats: 0.

CodeHeap 'non-profiled nmethods': size=120000Kb used=9316Kb max_used=9316Kb free=110683Kb
 bounds [0x000002b15b530000, 0x000002b15be50000, 0x000002b162a60000]
CodeHeap 'profiled nmethods': size=120000Kb used=23488Kb max_used=23643Kb free=96511Kb
 bounds [0x000002b153a60000, 0x000002b155180000, 0x000002b15af90000]
CodeHeap 'non-nmethods': size=5760Kb used=2056Kb max_used=2192Kb free=3703Kb
 bounds [0x000002b15af90000, 0x000002b15b200000, 0x000002b15b530000]
CodeCache: size=245760Kb, used=34860Kb, max_used=35151Kb, free=210897Kb
 total_blobs=13536, nmethods=12604, adapters=836, full_count=0
Compilation: enabled, stopped_count=0, restarted_count=0

Compilation events (20 events):
Event: 27.845 Thread 0x000002b1682a9200 15399       4       com.android.tools.r8.graph.h0::<init> (51 bytes)
Event: 27.856 Thread 0x000002b1682a9200 nmethod 15399 0x000002b15be44090 code [0x000002b15be44220, 0x000002b15be448c0]
Event: 27.856 Thread 0x000002b1682a9200 15400       4       com.android.tools.r8.graph.r9::c (812 bytes)
Event: 27.881 Thread 0x000002b1682a9200 nmethod 15400 0x000002b15be44990 code [0x000002b15be44ba0, 0x000002b15be458c0]
Event: 27.881 Thread 0x000002b1682a9200 15403 %     4       java.util.IdentityHashMap::resize @ 58 (153 bytes)
Event: 27.891 Thread 0x000002b168288e80 15404       3       com.android.tools.r8.graph.z1::w0 (2 bytes)
Event: 27.891 Thread 0x000002b168288e80 nmethod 15404 0x000002b153f70390 code [0x000002b153f70520, 0x000002b153f70630]
Event: 27.897 Thread 0x000002b1682a9200 nmethod 15403% 0x000002b15be45d10 code [0x000002b15be45ee0, 0x000002b15be46820]
Event: 27.897 Thread 0x000002b1682a9200 15401       4       com.android.tools.r8.it.unimi.dsi.fastutil.ints.a::k (60 bytes)
Event: 27.898 Thread 0x000002b1682a9200 nmethod 15401 0x000002b15be46b90 code [0x000002b15be46d20, 0x000002b15be46de8]
Event: 27.898 Thread 0x000002b1682a9200 15402       4       com.android.tools.r8.internal.qi1::<init> (19 bytes)
Event: 27.900 Thread 0x000002b1682a9200 nmethod 15402 0x000002b15be46e90 code [0x000002b15be47020, 0x000002b15be471a0]
Event: 27.900 Thread 0x000002b1682a9200 15394       4       com.android.tools.r8.internal.ss2::b (62 bytes)
Event: 27.901 Thread 0x000002b1682a9200 nmethod 15394 0x000002b15be47290 code [0x000002b15be47420, 0x000002b15be47558]
Event: 27.915 Thread 0x000002b1682a9200 15405       4       com.android.tools.r8.internal.ek4::k (2 bytes)
Event: 27.915 Thread 0x000002b1682a9200 nmethod 15405 0x000002b15be47690 code [0x000002b15be47820, 0x000002b15be478a8]
Event: 27.918 Thread 0x000002b1682a9200 15406       4       com.android.tools.r8.internal.fo::a (161 bytes)
Event: 27.921 Thread 0x000002b1682a9200 nmethod 15406 0x000002b15be47990 code [0x000002b15be47b40, 0x000002b15be47d90]
Event: 27.923 Thread 0x000002b1682a9200 15407       4       com.android.tools.r8.internal.xr::a (869 bytes)
Event: 27.943 Thread 0x000002b1682a9200 nmethod 15407 0x000002b15be47f10 code [0x000002b15be48160, 0x000002b15be488b0]

GC Heap History (20 events):
Event: 22.339 GC heap after
{Heap after GC invocations=49 (full 0):
 garbage-first heap   total 202752K, used 123022K [0x0000000080000000, 0x0000000100000000)
  region size 1024K, 7 young (7168K), 7 survivors (7168K)
 Metaspace       used 117624K, committed 120000K, reserved 1179648K
  class space    used 16786K, committed 17984K, reserved 1048576K
}
Event: 22.578 GC heap before
{Heap before GC invocations=49 (full 0):
 garbage-first heap   total 202752K, used 189582K [0x0000000080000000, 0x0000000100000000)
  region size 1024K, 73 young (74752K), 7 survivors (7168K)
 Metaspace       used 117849K, committed 120256K, reserved 1179648K
  class space    used 16826K, committed 17984K, reserved 1048576K
}
Event: 22.585 GC heap after
{Heap after GC invocations=50 (full 0):
 garbage-first heap   total 243712K, used 124142K [0x0000000080000000, 0x0000000100000000)
  region size 1024K, 7 young (7168K), 7 survivors (7168K)
 Metaspace       used 117849K, committed 120256K, reserved 1179648K
  class space    used 16826K, committed 17984K, reserved 1048576K
}
Event: 23.293 GC heap before
{Heap before GC invocations=51 (full 0):
 garbage-first heap   total 243712K, used 226542K [0x0000000080000000, 0x0000000100000000)
  region size 1024K, 107 young (109568K), 7 survivors (7168K)
 Metaspace       used 117850K, committed 120256K, reserved 1179648K
  class space    used 16826K, committed 17984K, reserved 1048576K
}
Event: 23.300 GC heap after
{Heap after GC invocations=52 (full 0):
 garbage-first heap   total 243712K, used 124696K [0x0000000080000000, 0x0000000100000000)
  region size 1024K, 8 young (8192K), 8 survivors (8192K)
 Metaspace       used 117850K, committed 120256K, reserved 1179648K
  class space    used 16826K, committed 17984K, reserved 1048576K
}
Event: 23.855 GC heap before
{Heap before GC invocations=52 (full 0):
 garbage-first heap   total 243712K, used 228120K [0x0000000080000000, 0x0000000100000000)
  region size 1024K, 110 young (112640K), 8 survivors (8192K)
 Metaspace       used 118533K, committed 120960K, reserved 1179648K
  class space    used 16925K, committed 18112K, reserved 1048576K
}
Event: 23.868 GC heap after
{Heap after GC invocations=53 (full 0):
 garbage-first heap   total 250880K, used 134947K [0x0000000080000000, 0x0000000100000000)
  region size 1024K, 14 young (14336K), 14 survivors (14336K)
 Metaspace       used 118533K, committed 120960K, reserved 1179648K
  class space    used 16925K, committed 18112K, reserved 1048576K
}
Event: 24.267 GC heap before
{Heap before GC invocations=53 (full 0):
 garbage-first heap   total 250880K, used 229155K [0x0000000080000000, 0x0000000100000000)
  region size 1024K, 107 young (109568K), 14 survivors (14336K)
 Metaspace       used 119748K, committed 122176K, reserved 1179648K
  class space    used 17102K, committed 18240K, reserved 1048576K
}
Event: 24.283 GC heap after
{Heap after GC invocations=54 (full 0):
 garbage-first heap   total 264192K, used 153691K [0x0000000080000000, 0x0000000100000000)
  region size 1024K, 14 young (14336K), 14 survivors (14336K)
 Metaspace       used 119748K, committed 122176K, reserved 1179648K
  class space    used 17102K, committed 18240K, reserved 1048576K
}
Event: 25.619 GC heap before
{Heap before GC invocations=55 (full 0):
 garbage-first heap   total 264192K, used 235611K [0x0000000080000000, 0x0000000100000000)
  region size 1024K, 95 young (97280K), 14 survivors (14336K)
 Metaspace       used 123306K, committed 125696K, reserved 1179648K
  class space    used 17605K, committed 18752K, reserved 1048576K
}
Event: 25.634 GC heap after
{Heap after GC invocations=56 (full 0):
 garbage-first heap   total 265216K, used 167230K [0x0000000080000000, 0x0000000100000000)
  region size 1024K, 12 young (12288K), 12 survivors (12288K)
 Metaspace       used 123306K, committed 125696K, reserved 1179648K
  class space    used 17605K, committed 18752K, reserved 1048576K
}
Event: 26.097 GC heap before
{Heap before GC invocations=56 (full 0):
 garbage-first heap   total 265216K, used 237886K [0x0000000080000000, 0x0000000100000000)
  region size 1024K, 82 young (83968K), 12 survivors (12288K)
 Metaspace       used 124545K, committed 126912K, reserved 1179648K
  class space    used 17817K, committed 18944K, reserved 1048576K
}
Event: 26.124 GC heap after
{Heap after GC invocations=57 (full 0):
 garbage-first heap   total 267264K, used 180224K [0x0000000080000000, 0x0000000100000000)
  region size 1024K, 11 young (11264K), 11 survivors (11264K)
 Metaspace       used 124545K, committed 126912K, reserved 1179648K
  class space    used 17817K, committed 18944K, reserved 1048576K
}
Event: 26.528 GC heap before
{Heap before GC invocations=57 (full 0):
 garbage-first heap   total 267264K, used 241664K [0x0000000080000000, 0x0000000100000000)
  region size 1024K, 71 young (72704K), 11 survivors (11264K)
 Metaspace       used 125585K, committed 128000K, reserved 1179648K
  class space    used 17983K, committed 19136K, reserved 1048576K
}
Event: 26.548 GC heap after
{Heap after GC invocations=58 (full 0):
 garbage-first heap   total 267264K, used 192226K [0x0000000080000000, 0x0000000100000000)
  region size 1024K, 9 young (9216K), 9 survivors (9216K)
 Metaspace       used 125585K, committed 128000K, reserved 1179648K
  class space    used 17983K, committed 19136K, reserved 1048576K
}
Event: 27.010 GC heap before
{Heap before GC invocations=59 (full 0):
 garbage-first heap   total 321536K, used 243426K [0x0000000080000000, 0x0000000100000000)
  region size 1024K, 60 young (61440K), 9 survivors (9216K)
 Metaspace       used 125814K, committed 128192K, reserved 1179648K
  class space    used 17993K, committed 19136K, reserved 1048576K
}
Event: 27.031 GC heap after
{Heap after GC invocations=60 (full 0):
 garbage-first heap   total 321536K, used 205117K [0x0000000080000000, 0x0000000100000000)
  region size 1024K, 8 young (8192K), 8 survivors (8192K)
 Metaspace       used 125814K, committed 128192K, reserved 1179648K
  class space    used 17993K, committed 19136K, reserved 1048576K
}
Event: 27.400 GC heap before
{Heap before GC invocations=60 (full 0):
 garbage-first heap   total 321536K, used 283965K [0x0000000080000000, 0x0000000100000000)
  region size 1024K, 86 young (88064K), 8 survivors (8192K)
 Metaspace       used 126461K, committed 128896K, reserved 1179648K
  class space    used 18094K, committed 19264K, reserved 1048576K
}
Event: 27.425 GC heap after
{Heap after GC invocations=61 (full 0):
 garbage-first heap   total 321536K, used 221493K [0x0000000080000000, 0x0000000100000000)
  region size 1024K, 11 young (11264K), 11 survivors (11264K)
 Metaspace       used 126461K, committed 128896K, reserved 1179648K
  class space    used 18094K, committed 19264K, reserved 1048576K
}
Event: 28.000 GC heap before
{Heap before GC invocations=61 (full 0):
 garbage-first heap   total 321536K, used 288053K [0x0000000080000000, 0x0000000100000000)
  region size 1024K, 76 young (77824K), 11 survivors (11264K)
 Metaspace       used 126892K, committed 129280K, reserved 1179648K
  class space    used 18141K, committed 19264K, reserved 1048576K
}

Dll operation events (3 events):
Event: 0.005 Loaded shared library E:\data download dian\android studio dian\jbr\bin\java.dll
Event: 0.012 Loaded shared library E:\data download dian\android studio dian\jbr\bin\zip.dll
Event: 0.555 Loaded shared library E:\data download dian\android studio dian\jbr\bin\verify.dll

Deoptimization events (20 events):
Event: 27.860 Thread 0x000002b171e0fe00 DEOPT PACKING pc=0x000002b1551264ec sp=0x000000c5706f9de0
Event: 27.860 Thread 0x000002b171e0fe00 DEOPT UNPACKING pc=0x000002b15afe4b42 sp=0x000000c5706f9518 mode 0
Event: 27.890 Thread 0x000002b171e0fe00 DEOPT PACKING pc=0x000002b155125762 sp=0x000000c5706f9de0
Event: 27.890 Thread 0x000002b171e0fe00 DEOPT UNPACKING pc=0x000002b15afe4b42 sp=0x000000c5706f9518 mode 0
Event: 27.898 Thread 0x000002b171e0fe00 DEOPT PACKING pc=0x000002b155124f10 sp=0x000000c5706f9de0
Event: 27.898 Thread 0x000002b171e0fe00 DEOPT UNPACKING pc=0x000002b15afe4b42 sp=0x000000c5706f9518 mode 0
Event: 27.903 Thread 0x000002b171e0fe00 DEOPT PACKING pc=0x000002b155124ece sp=0x000000c5706f9de0
Event: 27.903 Thread 0x000002b171e0fe00 DEOPT UNPACKING pc=0x000002b15afe4b42 sp=0x000000c5706f9518 mode 0
Event: 27.907 Thread 0x000002b171e0fe00 DEOPT PACKING pc=0x000002b1551264ec sp=0x000000c5706f9de0
Event: 27.907 Thread 0x000002b171e0fe00 DEOPT UNPACKING pc=0x000002b15afe4b42 sp=0x000000c5706f9518 mode 0
Event: 27.912 Thread 0x000002b171e0fe00 DEOPT PACKING pc=0x000002b1551267b3 sp=0x000000c5706f9de0
Event: 27.912 Thread 0x000002b171e0fe00 DEOPT UNPACKING pc=0x000002b15afe4b42 sp=0x000000c5706f9518 mode 0
Event: 27.915 Thread 0x000002b171e0fe00 DEOPT PACKING pc=0x000002b1551273cf sp=0x000000c5706f9de0
Event: 27.915 Thread 0x000002b171e0fe00 DEOPT UNPACKING pc=0x000002b15afe4b42 sp=0x000000c5706f9510 mode 0
Event: 27.942 Thread 0x000002b171e0fe00 DEOPT PACKING pc=0x000002b1551273cf sp=0x000000c5706f9de0
Event: 27.942 Thread 0x000002b171e0fe00 DEOPT UNPACKING pc=0x000002b15afe4b42 sp=0x000000c5706f9510 mode 0
Event: 27.950 Thread 0x000002b171e0fe00 DEOPT PACKING pc=0x000002b1551273cf sp=0x000000c5706f9f30
Event: 27.950 Thread 0x000002b171e0fe00 DEOPT UNPACKING pc=0x000002b15afe4b42 sp=0x000000c5706f9660 mode 0
Event: 27.958 Thread 0x000002b171e0fe00 DEOPT PACKING pc=0x000002b155124eef sp=0x000000c5706f9f30
Event: 27.958 Thread 0x000002b171e0fe00 DEOPT UNPACKING pc=0x000002b15afe4b42 sp=0x000000c5706f9668 mode 0

Classes loaded (20 events):
Event: 23.593 Loading class java/util/regex/Pattern$SliceU
Event: 23.593 Loading class java/util/regex/Pattern$SliceU done
Event: 23.593 Loading class sun/nio/fs/WindowsFileSystem$2
Event: 23.593 Loading class sun/nio/fs/WindowsFileSystem$2 done
Event: 23.599 Loading class java/util/zip/ZipFile$ZipEntryIterator
Event: 23.599 Loading class java/util/zip/ZipFile$ZipEntryIterator done
Event: 23.700 Loading class java/util/zip/ZipInputStream
Event: 23.700 Loading class java/util/zip/ZipInputStream done
Event: 24.032 Loading class java/io/UTFDataFormatException
Event: 24.032 Loading class java/io/UTFDataFormatException done
Event: 24.379 Loading class java/util/stream/IntPipeline$1
Event: 24.379 Loading class java/util/stream/IntPipeline$1 done
Event: 24.380 Loading class java/util/stream/IntPipeline$1$1
Event: 24.380 Loading class java/util/stream/Sink$ChainedInt
Event: 24.381 Loading class java/util/stream/Sink$ChainedInt done
Event: 24.381 Loading class java/util/stream/IntPipeline$1$1 done
Event: 24.461 Loading class java/util/concurrent/RejectedExecutionException
Event: 24.461 Loading class java/util/concurrent/RejectedExecutionException done
Event: 24.711 Loading class java/util/function/BooleanSupplier
Event: 24.711 Loading class java/util/function/BooleanSupplier done

Classes unloaded (3 events):
Event: 26.799 Thread 0x000002b16802eb60 Unloading class 0x0000000101228c00 'java/lang/invoke/LambdaForm$DMH+0x0000000101228c00'
Event: 26.799 Thread 0x000002b16802eb60 Unloading class 0x0000000101228000 'java/lang/invoke/LambdaForm$DMH+0x0000000101228000'
Event: 26.799 Thread 0x000002b16802eb60 Unloading class 0x0000000101228400 'java/lang/invoke/LambdaForm$DMH+0x0000000101228400'

Classes redefined (0 events):
No events

Internal exceptions (20 events):
Event: 27.698 Thread 0x000002b171e12bf0 Exception <a 'sun/nio/fs/WindowsException'{0x000000008fc6e808}> (0x000000008fc6e808) 
thrown [s\src\hotspot\share\prims\jni.cpp, line 537]
Event: 27.700 Thread 0x000002b171e12bf0 Exception <a 'sun/nio/fs/WindowsException'{0x000000008fc8cdb0}> (0x000000008fc8cdb0) 
thrown [s\src\hotspot\share\prims\jni.cpp, line 537]
Event: 27.712 Thread 0x000002b171e12bf0 Exception <a 'sun/nio/fs/WindowsException'{0x000000008fc97e80}> (0x000000008fc97e80) 
thrown [s\src\hotspot\share\prims\jni.cpp, line 537]
Event: 27.714 Thread 0x000002b171e12bf0 Exception <a 'sun/nio/fs/WindowsException'{0x000000008fca1820}> (0x000000008fca1820) 
thrown [s\src\hotspot\share\prims\jni.cpp, line 537]
Event: 27.715 Thread 0x000002b171e12bf0 Exception <a 'sun/nio/fs/WindowsException'{0x000000008fcab140}> (0x000000008fcab140) 
thrown [s\src\hotspot\share\prims\jni.cpp, line 537]
Event: 27.717 Thread 0x000002b171e12bf0 Exception <a 'sun/nio/fs/WindowsException'{0x000000008fcb6ea8}> (0x000000008fcb6ea8) 
thrown [s\src\hotspot\share\prims\jni.cpp, line 537]
Event: 27.718 Thread 0x000002b171e12bf0 Exception <a 'sun/nio/fs/WindowsException'{0x000000008fcc09b8}> (0x000000008fcc09b8) 
thrown [s\src\hotspot\share\prims\jni.cpp, line 537]
Event: 27.719 Thread 0x000002b171e12bf0 Exception <a 'sun/nio/fs/WindowsException'{0x000000008fccc5a8}> (0x000000008fccc5a8) 
thrown [s\src\hotspot\share\prims\jni.cpp, line 537]
Event: 27.720 Thread 0x000002b171e12bf0 Exception <a 'sun/nio/fs/WindowsException'{0x000000008fcd4f18}> (0x000000008fcd4f18) 
thrown [s\src\hotspot\share\prims\jni.cpp, line 537]
Event: 27.721 Thread 0x000002b171e12bf0 Exception <a 'sun/nio/fs/WindowsException'{0x000000008fcdeec8}> (0x000000008fcdeec8) 
thrown [s\src\hotspot\share\prims\jni.cpp, line 537]
Event: 27.722 Thread 0x000002b171e12bf0 Exception <a 'sun/nio/fs/WindowsException'{0x000000008fce8b18}> (0x000000008fce8b18) 
thrown [s\src\hotspot\share\prims\jni.cpp, line 537]
Event: 27.722 Thread 0x000002b171e12bf0 Exception <a 'sun/nio/fs/WindowsException'{0x000000008fcf2730}> (0x000000008fcf2730) 
thrown [s\src\hotspot\share\prims\jni.cpp, line 537]
Event: 27.830 Thread 0x000002b171e12bf0 Exception <a 'sun/nio/fs/WindowsException'{0x000000008fcfbe78}> (0x000000008fcfbe78) 
thrown [s\src\hotspot\share\prims\jni.cpp, line 537]
Event: 27.831 Thread 0x000002b171e12bf0 Exception <a 'sun/nio/fs/WindowsException'{0x000000008eb05a40}> (0x000000008eb05a40) 
thrown [s\src\hotspot\share\prims\jni.cpp, line 537]
Event: 27.832 Thread 0x000002b171e12bf0 Exception <a 'sun/nio/fs/WindowsException'{0x000000008eb0f060}> (0x000000008eb0f060) 
thrown [s\src\hotspot\share\prims\jni.cpp, line 537]
Event: 27.833 Thread 0x000002b171e12bf0 Exception <a 'sun/nio/fs/WindowsException'{0x000000008eb1cab0}> (0x000000008eb1cab0) 
thrown [s\src\hotspot\share\prims\jni.cpp, line 537]
Event: 27.834 Thread 0x000002b174ba2430 Exception <a 'sun/nio/fs/WindowsException'{0x000000008fd670b8}> (0x000000008fd670b8) 
thrown [s\src\hotspot\share\prims\jni.cpp, line 537]
Event: 27.839 Thread 0x000002b174ba2430 Exception <a 'sun/nio/fs/WindowsException'{0x000000008eb4f260}> (0x000000008eb4f260) 
thrown [s\src\hotspot\share\prims\jni.cpp, line 537]
Event: 27.840 Thread 0x000002b174ba2430 Exception <a 'sun/nio/fs/WindowsException'{0x000000008ebbab58}> (0x000000008ebbab58) 
thrown [s\src\hotspot\share\prims\jni.cpp, line 537]
Event: 27.843 Thread 0x000002b174ba2430 Exception <a 'sun/nio/fs/WindowsException'{0x000000008ea6bd88}> (0x000000008ea6bd88) 
thrown [s\src\hotspot\share\prims\jni.cpp, line 537]

ZGC Phase Switch (0 events):
No events

VM Operations (20 events):
Event: 26.396 Executing VM operation: HandshakeAllThreads (Deoptimize) done
Event: 26.523 Executing VM operation: G1CollectForAllocation (G1 Evacuation Pause)
Event: 26.548 Executing VM operation: G1CollectForAllocation (G1 Evacuation Pause) done
Event: 26.799 Executing VM operation: G1PauseRemark
Event: 26.813 Executing VM operation: G1PauseRemark done
Event: 26.939 Executing VM operation: G1PauseCleanup
Event: 26.994 Executing VM operation: G1PauseCleanup done
Event: 27.010 Executing VM operation: G1CollectForAllocation (G1 Evacuation Pause)
Event: 27.031 Executing VM operation: G1CollectForAllocation (G1 Evacuation Pause) done
Event: 27.063 Executing VM operation: HandshakeAllThreads (Deoptimize)
Event: 27.078 Executing VM operation: HandshakeAllThreads (Deoptimize) done
Event: 27.081 Executing VM operation: HandshakeAllThreads (Deoptimize)
Event: 27.118 Executing VM operation: HandshakeAllThreads (Deoptimize) done
Event: 27.232 Executing VM operation: HandshakeAllThreads (Deoptimize)
Event: 27.289 Executing VM operation: HandshakeAllThreads (Deoptimize) done
Event: 27.313 Executing VM operation: HandshakeAllThreads (Deoptimize)
Event: 27.320 Executing VM operation: HandshakeAllThreads (Deoptimize) done
Event: 27.393 Executing VM operation: G1CollectForAllocation (G1 Evacuation Pause)
Event: 27.425 Executing VM operation: G1CollectForAllocation (G1 Evacuation Pause) done
Event: 27.961 Executing VM operation: G1CollectForAllocation (G1 Evacuation Pause)

Memory protections (0 events):
No events

Nmethod flushes (20 events):
Event: 26.811 Thread 0x000002b16802eb60 flushing  nmethod 0x000002b1543e2d90
Event: 26.811 Thread 0x000002b16802eb60 flushing  nmethod 0x000002b1543e5290
Event: 26.811 Thread 0x000002b16802eb60 flushing  nmethod 0x000002b1545c2490
Event: 26.811 Thread 0x000002b16802eb60 flushing  nmethod 0x000002b154600c90
Event: 26.811 Thread 0x000002b16802eb60 flushing  nmethod 0x000002b154753010
Event: 26.811 Thread 0x000002b16802eb60 flushing  nmethod 0x000002b1548f5b90
Event: 26.811 Thread 0x000002b16802eb60 flushing  nmethod 0x000002b154d37f90
Event: 26.811 Thread 0x000002b16802eb60 flushing  nmethod 0x000002b154eac490
Event: 26.811 Thread 0x000002b16802eb60 flushing  nmethod 0x000002b154ead010
Event: 26.811 Thread 0x000002b16802eb60 flushing  nmethod 0x000002b1542e4b10
Event: 26.811 Thread 0x000002b16802eb60 flushing  nmethod 0x000002b154357f10
Event: 26.811 Thread 0x000002b16802eb60 flushing  nmethod 0x000002b1543ae390
Event: 26.811 Thread 0x000002b16802eb60 flushing  nmethod 0x000002b154406710
Event: 26.811 Thread 0x000002b16802eb60 flushing  nmethod 0x000002b154453b90
Event: 26.811 Thread 0x000002b16802eb60 flushing  nmethod 0x000002b154454e10
Event: 26.811 Thread 0x000002b16802eb60 flushing  nmethod 0x000002b154745710
Event: 26.811 Thread 0x000002b16802eb60 flushing  nmethod 0x000002b15482ee90
Event: 26.811 Thread 0x000002b16802eb60 flushing  nmethod 0x000002b15494fa90
Event: 26.811 Thread 0x000002b16802eb60 flushing  nmethod 0x000002b154ccfd90
Event: 26.811 Thread 0x000002b16802eb60 flushing  nmethod 0x000002b154cd7e10

Events (20 events):
Event: 21.977 Thread 0x000002b174ba2430 Thread added: 0x000002b16841fef0
Event: 21.977 Thread 0x000002b174ba2430 Thread added: 0x000002b168420580
Event: 21.978 Thread 0x000002b174ba2430 Thread added: 0x000002b16841f1d0
Event: 22.229 Thread 0x000002b16841de20 Thread added: 0x000002b16841e4b0
Event: 22.244 Thread 0x000002b16841de20 Thread added: 0x000002b16841d100
Event: 22.246 Loaded shared library E:\data download dian\android studio dian\jbr\bin\rmi.dll
Event: 22.247 Thread 0x000002b16841de20 Thread added: 0x000002b16841eb40
Event: 22.375 Thread 0x000002b16841de20 Thread added: 0x000002b16841f860
Event: 22.375 Thread 0x000002b16841de20 Thread added: 0x000002b1684195f0
Event: 22.412 Thread 0x000002b16841f860 Thread added: 0x000002b16841b6c0
Event: 22.630 Thread 0x000002b16dd45ef0 Thread exited: 0x000002b16dd45ef0
Event: 23.355 Thread 0x000002b172bf4010 Thread exited: 0x000002b172bf4010
Event: 23.607 Thread 0x000002b168288e80 Thread added: 0x000002b16dd3ff90
Event: 25.075 Thread 0x000002b16dd3ff90 Thread exited: 0x000002b16dd3ff90
Event: 25.247 Thread 0x000002b168288e80 Thread added: 0x000002b16dd45150
Event: 25.327 Thread 0x000002b16dd45150 Thread added: 0x000002b16dd45ef0
Event: 26.127 Thread 0x000002b16dd45150 Thread exited: 0x000002b16dd45150
Event: 26.127 Thread 0x000002b16dd45ef0 Thread exited: 0x000002b16dd45ef0
Event: 26.143 Thread 0x000002b168288e80 Thread added: 0x000002b16dd45150
Event: 26.144 Thread 0x000002b168288e80 Thread added: 0x000002b16dd45820


Dynamic libraries:
0x00007ff763650000 - 0x00007ff76365a000 	E:\data download dian\android studio dian\jbr\bin\java.exe
0x00007ff978dc0000 - 0x00007ff978fc9000 	C:\Windows\SYSTEM32\ntdll.dll
0x00007ff977f20000 - 0x00007ff977fde000 	C:\Windows\System32\KERNEL32.DLL
0x00007ff976800000 - 0x00007ff976b84000 	C:\Windows\System32\KERNELBASE.dll
0x00007ff976390000 - 0x00007ff9764a1000 	C:\Windows\System32\ucrtbase.dll
0x00007ff971500000 - 0x00007ff971518000 	E:\data download dian\android studio dian\jbr\bin\jli.dll
0x00007ff96c1a0000 - 0x00007ff96c1bb000 	E:\data download dian\android studio dian\jbr\bin\VCRUNTIME140.dll
0x00007ff978310000 - 0x00007ff9784bd000 	C:\Windows\System32\USER32.dll
0x00007ff976b90000 - 0x00007ff976bb6000 	C:\Windows\System32\win32u.dll
0x00007ff959010000 - 0x00007ff9592b5000 	C:\Windows\WinSxS\amd64_microsoft.windows.common-controls_6595b64144ccf1df_6.0.22000.120_none_9d947278b86cc467\COMCTL32.dll
0x00007ff977430000 - 0x00007ff97745a000 	C:\Windows\System32\GDI32.dll
0x00007ff978ac0000 - 0x00007ff978b63000 	C:\Windows\System32\msvcrt.dll
0x00007ff976270000 - 0x00007ff97638f000 	C:\Windows\System32\gdi32full.dll
0x00007ff9764b0000 - 0x00007ff97654d000 	C:\Windows\System32\msvcp_win.dll
0x00007ff977360000 - 0x00007ff977391000 	C:\Windows\System32\IMM32.DLL
0x00007ff972a30000 - 0x00007ff972a3c000 	E:\data download dian\android studio dian\jbr\bin\vcruntime140_1.dll
0x00007ff92aa60000 - 0x00007ff92aaed000 	E:\data download dian\android studio dian\jbr\bin\msvcp140.dll
0x00007ff920c60000 - 0x00007ff9218f6000 	E:\data download dian\android studio dian\jbr\bin\server\jvm.dll
0x00007ff977d80000 - 0x00007ff977e2f000 	C:\Windows\System32\ADVAPI32.dll
0x00007ff978660000 - 0x00007ff9786fe000 	C:\Windows\System32\sechost.dll
0x00007ff9784c0000 - 0x00007ff9785e1000 	C:\Windows\System32\RPCRT4.dll
0x00007ff9773c0000 - 0x00007ff97742f000 	C:\Windows\System32\WS2_32.dll
0x00007ff970b80000 - 0x00007ff970bb3000 	C:\Windows\SYSTEM32\WINMM.dll
0x00007ff974be0000 - 0x00007ff974c2d000 	C:\Windows\SYSTEM32\POWRPROF.dll
0x00007ff96f3a0000 - 0x00007ff96f3aa000 	C:\Windows\SYSTEM32\VERSION.dll
0x00007ff974cd0000 - 0x00007ff974ce3000 	C:\Windows\SYSTEM32\UMPDC.dll
0x00007ff9753e0000 - 0x00007ff9753f8000 	C:\Windows\SYSTEM32\kernel.appcore.dll
0x00007ff971c20000 - 0x00007ff971c2a000 	E:\data download dian\android studio dian\jbr\bin\jimage.dll
0x00007ff973e50000 - 0x00007ff974071000 	C:\Windows\SYSTEM32\DBGHELP.DLL
0x00007ff957260000 - 0x00007ff957291000 	C:\Windows\SYSTEM32\dbgcore.DLL
0x00007ff976780000 - 0x00007ff9767ff000 	C:\Windows\System32\bcryptPrimitives.dll
0x00007ff971bf0000 - 0x00007ff971bfe000 	E:\data download dian\android studio dian\jbr\bin\instrument.dll
0x00007ff95dae0000 - 0x00007ff95db00000 	E:\data download dian\android studio dian\jbr\bin\java.dll
0x00007ff95a960000 - 0x00007ff95a978000 	E:\data download dian\android studio dian\jbr\bin\zip.dll
0x00007ff977550000 - 0x00007ff977d15000 	C:\Windows\System32\SHELL32.dll
0x00007ff974360000 - 0x00007ff974bc4000 	C:\Windows\SYSTEM32\windows.storage.dll
0x00007ff978720000 - 0x00007ff978a96000 	C:\Windows\System32\combase.dll
0x00007ff9741f0000 - 0x00007ff974357000 	C:\Windows\SYSTEM32\wintypes.dll
0x00007ff978c90000 - 0x00007ff978d7a000 	C:\Windows\System32\SHCORE.dll
0x00007ff977d20000 - 0x00007ff977d7d000 	C:\Windows\System32\shlwapi.dll
0x00007ff9761a0000 - 0x00007ff9761c1000 	C:\Windows\SYSTEM32\profapi.dll
0x00007ff971bd0000 - 0x00007ff971be0000 	E:\data download dian\android studio dian\jbr\bin\net.dll
0x00007ff970d50000 - 0x00007ff970e63000 	C:\Windows\SYSTEM32\WINHTTP.dll
0x00007ff975880000 - 0x00007ff9758e7000 	C:\Windows\system32\mswsock.dll
0x00007ff95a940000 - 0x00007ff95a956000 	E:\data download dian\android studio dian\jbr\bin\nio.dll
0x00007ff95dad0000 - 0x00007ff95dae0000 	E:\data download dian\android studio dian\jbr\bin\verify.dll
0x00007ff95d490000 - 0x00007ff95d4b7000 	C:\Users\user\.gradle\native\660c5614fbf4a5f2a75b1949f50a0caf5cd603558e7d8a26e50b933a0cfb79d1\windows-amd64\native-platform.dll
0x00007ff92abc0000 - 0x00007ff92ac37000 	C:\Users\user\.gradle\native\0.2.8\x86_64-windows-gnu\gradle-fileevents.dll
0x00007ff96c190000 - 0x00007ff96c199000 	E:\data download dian\android studio dian\jbr\bin\management.dll
0x00007ff968f40000 - 0x00007ff968f4b000 	E:\data download dian\android studio dian\jbr\bin\management_ext.dll
0x00007ff978710000 - 0x00007ff978718000 	C:\Windows\System32\PSAPI.DLL
0x00007ff974f40000 - 0x00007ff974f6d000 	C:\Windows\SYSTEM32\IPHLPAPI.DLL
0x00007ff977540000 - 0x00007ff977549000 	C:\Windows\System32\NSI.dll
0x00007ff9707b0000 - 0x00007ff9707b9000 	E:\data download dian\android studio dian\jbr\bin\extnet.dll
0x00007ff975ad0000 - 0x00007ff975ae8000 	C:\Windows\SYSTEM32\CRYPTSP.dll
0x00007ff975340000 - 0x00007ff975375000 	C:\Windows\system32\rsaenh.dll
0x00007ff975980000 - 0x00007ff9759a9000 	C:\Windows\SYSTEM32\USERENV.dll
0x00007ff975c50000 - 0x00007ff975c77000 	C:\Windows\SYSTEM32\bcrypt.dll
0x00007ff975af0000 - 0x00007ff975afc000 	C:\Windows\SYSTEM32\CRYPTBASE.dll
0x00007ff9714c0000 - 0x00007ff9714c8000 	C:\Windows\system32\wshunix.dll
0x00007ff9708f0000 - 0x00007ff9708f7000 	E:\data download dian\android studio dian\jbr\bin\rmi.dll

JVMTI agents:
C:\Users\user\.gradle\wrapper\dists\gradle-9.2.1-bin\2t0n5ozlw9xmuyvbp7dnzaxug\gradle-9.2.1\lib\agents\gradle-instrumentation-agent-9.2.1.jar path:E:\data download dian\android studio dian\jbr\bin\instrument.dll, loaded, initialized, instrumentlib options:none

dbghelp: loaded successfully - version: 4.0.5 - missing functions: none
symbol engine: initialized successfully - sym options: 0x614 - pdb path: .;E:\data download dian\android studio dian\jbr\bin;C:\Windows\SYSTEM32;C:\Windows\WinSxS\amd64_microsoft.windows.common-controls_6595b64144ccf1df_6.0.22000.120_none_9d947278b86cc467;E:\data download dian\android studio dian\jbr\bin\server;C:\Users\user\.gradle\native\660c5614fbf4a5f2a75b1949f50a0caf5cd603558e7d8a26e50b933a0cfb79d1\windows-amd64;C:\Users\user\.gradle\native\0.2.8\x86_64-windows-gnu

VM Arguments:
jvm_args: --add-opens=java.base/java.lang=ALL-UNNAMED --add-opens=java.base/java.lang.invoke=ALL-UNNAMED --add-opens=java.base/java.util=ALL-UNNAMED --add-opens=java.prefs/java.util.prefs=ALL-UNNAMED --add-exports=jdk.compiler/com.sun.tools.javac.api=ALL-UNNAMED --add-exports=jdk.compiler/com.sun.tools.javac.util=ALL-UNNAMED --add-opens=java.base/java.util=ALL-UNNAMED --add-opens=java.prefs/java.util.prefs=ALL-UNNAMED --add-opens=java.base/java.nio.charset=ALL-UNNAMED --add-opens=java.base/java.net=ALL-UNNAMED --add-opens=java.base/java.util.concurrent=ALL-UNNAMED --add-opens=java.base/java.util.concurrent.atomic=ALL-UNNAMED --add-opens=java.xml/javax.xml.namespace=ALL-UNNAMED --add-opens=java.base/java.time=ALL-UNNAMED -Xmx2048m -Dfile.encoding=UTF-8 -Duser.country=ID -Duser.language=en -Duser.variant -javaagent:C:\Users\user\.gradle\wrapper\dists\gradle-9.2.1-bin\2t0n5ozlw9xmuyvbp7dnzaxug\gradle-9.2.1\lib\agents\gradle-instrumentation-agent-9.2.1.jar 
java_command: org.gradle.launcher.daemon.bootstrap.GradleDaemon 9.2.1
java_class_path (initial): C:\Users\user\.gradle\wrapper\dists\gradle-9.2.1-bin\2t0n5ozlw9xmuyvbp7dnzaxug\gradle-9.2.1\lib\gradle-daemon-main-9.2.1.jar
Launcher Type: SUN_STANDARD

[Global flags]
     intx CICompilerCount                          = 4                                         {product} {ergonomic}
     uint ConcGCThreads                            = 2                                         {product} {ergonomic}
     uint G1ConcRefinementThreads                  = 8                                         {product} {ergonomic}
   size_t G1HeapRegionSize                         = 1048576                                   {product} {ergonomic}
    uintx GCDrainStackTargetSize                   = 64                                        {product} {ergonomic}
   size_t InitialHeapSize                          = 266338304                                 {product} {ergonomic}
   size_t MarkStackSize                            = 4194304                                   {product} {ergonomic}
   size_t MaxHeapSize                              = 2147483648                                {product} {command line}
   size_t MaxNewSize                               = 1287651328                                {product} {ergonomic}
   size_t MinHeapDeltaBytes                        = 1048576                                   {product} {ergonomic}
   size_t MinHeapSize                              = 8388608                                   {product} {ergonomic}
    uintx NonNMethodCodeHeapSize                   = 5839372                                {pd product} {ergonomic}
    uintx NonProfiledCodeHeapSize                  = 122909434                              {pd product} {ergonomic}
    uintx ProfiledCodeHeapSize                     = 122909434                              {pd product} {ergonomic}
    uintx ReservedCodeCacheSize                    = 251658240                              {pd product} {ergonomic}
     bool SegmentedCodeCache                       = true                                      {product} {ergonomic}
   size_t SoftMaxHeapSize                          = 2147483648                             {manageable} {ergonomic}
     bool UseCompressedOops                        = true                           {product lp64_product} {ergonomic}
     bool UseG1GC                                  = true                                      {product} {ergonomic}
     bool UseLargePagesIndividualAllocation        = false                                  {pd product} {ergonomic}

Logging:
Log output configuration:
 #0: stdout all=warning uptime,level,tags foldmultilines=false
 #1: stderr all=off uptime,level,tags foldmultilines=false

Release file:
JAVA_VERSION="21.0.9" 
MODULES="java.base java.compiler java.datatransfer java.xml java.prefs java.desktop java.instrument java.logging java.management java.security.sasl java.naming java.rmi java.management.rmi java.net.http java.scripting java.security.jgss java.transaction.xa java.sql java.sql.rowset java.xml.crypto java.se java.smartcardio jdk.accessibility jdk.internal.jvmstat jdk.attach jdk.charsets jdk.internal.opt jdk.zipfs jdk.compiler jdk.crypto.ec jdk.crypto.cryptoki jdk.dynalink jdk.hotspot.agent jdk.httpserver jdk.internal.ed jdk.internal.le jdk.internal.vm.ci jdk.jartool jdk.javadoc jdk.jcmd jdk.jdeps jdk.jdwp.agent jdk.jdi jdk.jfr jdk.jlink jdk.jsobject jdk.localedata jdk.management jdk.management.agent jdk.management.jfr jdk.naming.dns jdk.naming.rmi jdk.net jdk.sctp jdk.security.auth jdk.security.jgss jdk.unsupported jdk.unsupported.desktop jdk.xml.dom" 
IMPLEMENTOR="JetBrains s.r.o." 
JAVA_RUNTIME_VERSION="21.0.9+-14649483-b1163.86" 
LIBC="default" 
OS_ARCH="x86_64" 
OS_NAME="Windows" 
SOURCE=".:git:554d0c326095" 

Environment Variables:
PATH=C:\Program Files (x86)\VMware\VMware Player\bin\;C:\Program Files (x86)\Common Files\Oracle\Java\java8path;C:\Program Files (x86)\Common Files\Oracle\Java\javapath;C:\Windows\system32;C:\Windows;C:\Windows\System32\Wbem;C:\Windows\System32\WindowsPowerShell\v1.0\;C:\Windows\System32\OpenSSH\;C:\MinGW\bin;C:\Program Files\Git\cmd;C:\Program Files (x86)\Microsoft SQL Server\160\Tools\Binn\;C:\Program Files\Microsoft SQL Server\160\Tools\Binn\;C:\Program Files\Microsoft SQL Server\Client SDK\ODBC\170\Tools\Binn\;C:\Program Files\Microsoft SQL Server\160\DTS\Binn\;C:\Program Files (x86)\Microsoft SQL Server\160\DTS\Binn\;C:\laragon\bin\php\php-8.3.26-nts-Win32-vs16-x64;C:\laragon\bin;C:\laragon\bin\apache\httpd-2.4.54-win64-VS16\bin;C:\laragon\bin\composer;C:\laragon\bin\git\bin;C:\laragon\bin\git\cmd;C:\laragon\bin\git\mingw64\bin;C:\laragon\bin\git\usr\bin;C:\laragon\bin\laragon\utils;C:\laragon\bin\mysql\mysql-8.0.30-winx64\bin;C:\laragon\bin\nginx\nginx-1.22.0;C:\laragon\bin\ngrok;C:\laragon\bin\nodejs\node-v18;C:\laragon\bin\notepad++;C:\laragon\bin\php\php-8.3.26-nts-Win32-vs16-x64;C:\laragon\bin\python\python-3.10;C:\laragon\bin\python\python-3.10\Scripts;C:\laragon\bin\redis\redis-x64-5.0.14.1;C:\laragon\bin\telnet;C:\laragon\usr\bin;C:\Users\user\AppData\Local\Yarn\config\global\node_modules\.bin;C:\Users\user\AppData\Roaming\Composer\vendor\bin;C:\Users\user\AppData\Roaming\npm;C:\Users\user\AppData\Local\Programs\Python\Python313\Scripts\;C:\Users\user\AppData\Local\Programs\Python\Python313\;C:\Users\user\AppData\Local\Programs\Python\Launcher\;C:\Users\user\AppData\Local\Microsoft\WindowsApps;C:\Users\user\AppData\Local\Programs\Microsoft VS Code\bin;
USERNAME=user
OS=Windows_NT
PROCESSOR_IDENTIFIER=Intel64 Family 6 Model 142 Stepping 12, GenuineIntel
TMP=C:\Users\user\AppData\Local\Temp
TEMP=C:\Users\user\AppData\Local\Temp




Periodic native trim disabled

JNI global refs:
JNI global refs: 29, weak refs: 0

JNI global refs memory usage: 835, weak refs: 833

Process memory usage:
Resident Set Size: 685500K (4% of 16587672K total physical memory with 635624K free physical memory)

OOME stack traces (most recent first):
Classloader memory used:
Loader org.gradle.internal.classloader.VisitableURLClassLoader                         : 46039K
Loader org.gradle.internal.classloader.VisitableURLClassLoader$InstrumentingVisitableURLClassLoader: 36743K
Loader bootstrap                                                                       : 29623K
Loader org.gradle.initialization.MixInLegacyTypesClassLoader                           : 13276K
Loader jdk.internal.reflect.DelegatingClassLoader                                      : 489K
Loader jdk.internal.loader.ClassLoaders$AppClassLoader                                 : 233K
Loader org.gradle.internal.classloader.VisitableURLClassLoader                         : 208K
Loader jdk.internal.loader.ClassLoaders$PlatformClassLoader                            : 149K
Loader org.gradle.groovy.scripts.internal.DefaultScriptCompilationHandler$ScriptClassLoader: 129K

Classes loaded by more than one classloader:
Class Program                                                                         : loaded 5 times (x 72B)
Class Build_gradle                                                                    : loaded 3 times (x 126B)
Class com.google.common.collect.RegularImmutableMap$KeySet                            : loaded 2 times (x 152B)
Class org.gradle.internal.classloader.FilteringClassLoader                            : loaded 2 times (x 105B)
Class com.google.common.base.CharMatcher$IsEither                                     : loaded 2 times (x 111B)
Class org.gradle.internal.classloader.ClassLoaderHierarchy                            : loaded 2 times (x 70B)
Class com.google.common.collect.ImmutableEnumSet                                      : loaded 2 times (x 146B)
Class com.google.common.util.concurrent.ExecutionError                                : loaded 2 times (x 82B)
Class com.google.common.collect.ImmutableList$1                                       : loaded 2 times (x 97B)
Class org.gradle.api.internal.classpath.ManifestUtil                                  : loaded 2 times (x 71B)
Class com.google.common.io.ByteArrayDataOutput                                        : loaded 2 times (x 70B)
Class com.google.common.collect.RegularImmutableMap                                   : loaded 2 times (x 121B)
Class com.google.common.collect.ImmutableMap$MapViewOfValuesAsSingletonSets           : loaded 2 times (x 126B)
Class [Lorg.objectweb.asm.Symbol;                                                     : loaded 2 times (x 69B)
Class org.objectweb.asm.ClassVisitor                                                  : loaded 2 times (x 88B)
Class com.google.common.collect.UnmodifiableListIterator                              : loaded 2 times (x 95B)
Class com.google.common.base.Platform$JdkPatternCompiler                              : loaded 2 times (x 75B)
Class org.objectweb.asm.MethodTooLargeException                                       : loaded 2 times (x 83B)
Class [Lcom.google.common.cache.CacheBuilder$OneWeigher;                              : loaded 2 times (x 69B)
Class com.google.common.base.Suppliers                                                : loaded 2 times (x 71B)
Class org.gradle.internal.classloader.DefaultClassLoaderFactory                       : loaded 2 times (x 82B)
Class org.gradle.internal.classloader.ClassLoaderVisitor                              : loaded 2 times (x 76B)
Class [Lcom.google.common.collect.ImmutableMapEntry;                                  : loaded 2 times (x 69B)
Class org.gradle.api.internal.classpath.EffectiveClassPath                            : loaded 2 times (x 90B)
Class com.google.common.collect.ListMultimap                                          : loaded 2 times (x 70B)
Class com.google.common.collect.ImmutableEnumMap                                      : loaded 2 times (x 126B)
Class com.google.common.collect.ImmutableSet$SerializedForm                           : loaded 2 times (x 73B)
Class com.google.common.collect.Sets$1                                                : loaded 2 times (x 139B)
Class org.objectweb.asm.AnnotationVisitor                                             : loaded 2 times (x 78B)
Class org.gradle.api.internal.DefaultClassPathProvider                                : loaded 2 times (x 76B)
Class com.google.common.collect.Sets$2                                                : loaded 2 times (x 139B)
Class [Lorg.gradle.api.internal.ClassPathProvider;                                    : loaded 2 times (x 69B)
Class org.gradle.api.internal.ClassPathProvider                                       : loaded 2 times (x 70B)
Class [Lorg.objectweb.asm.AnnotationVisitor;                                          : loaded 2 times (x 69B)
Class com.google.common.collect.Sets$3                                                : loaded 2 times (x 139B)
Class com.google.common.cache.LocalCache$LocalLoadingCache                            : loaded 2 times (x 134B)
Class org.gradle.internal.service.UnknownServiceException                             : loaded 2 times (x 83B)
Class com.google.common.io.ByteArrayDataInput                                         : loaded 2 times (x 70B)
Class com.google.common.collect.Sets$4                                                : loaded 2 times (x 139B)
Class org.objectweb.asm.ModuleVisitor                                                 : loaded 2 times (x 81B)
Class com.google.common.cache.LocalCache$Strength$1                                   : loaded 2 times (x 81B)
Class com.google.common.util.concurrent.SettableFuture                                : loaded 2 times (x 114B)
Class com.google.common.cache.LocalCache$Strength$2                                   : loaded 2 times (x 81B)
Class com.google.common.io.ByteStreams                                                : loaded 2 times (x 71B)
Class com.google.common.cache.LocalCache$Strength$3                                   : loaded 2 times (x 81B)
Class com.google.common.collect.MapDifference                                         : loaded 2 times (x 70B)
Class org.objectweb.asm.FieldWriter                                                   : loaded 2 times (x 78B)
Class com.google.common.cache.CacheBuilder$NullListener                               : loaded 2 times (x 82B)
Class org.gradle.internal.classpath.TransformedClassPath                              : loaded 2 times (x 96B)
Class org.gradle.internal.classloader.InstrumentingClassLoader                        : loaded 2 times (x 70B)
Class com.google.common.cache.CacheLoader$FunctionToCacheLoader                       : loaded 2 times (x 75B)
Class com.google.common.collect.Iterators$ArrayItr                                    : loaded 2 times (x 97B)
Class com.google.common.collect.ImmutableCollection$Builder                           : loaded 2 times (x 76B)
Class com.google.common.base.Joiner                                                   : loaded 2 times (x 79B)
Class com.google.common.base.Equivalence$Identity                                     : loaded 2 times (x 82B)
Class com.google.common.collect.Platform                                              : loaded 2 times (x 71B)
Class [Lorg.objectweb.asm.Type;                                                       : loaded 2 times (x 69B)
Class com.google.common.collect.UnmodifiableIterator                                  : loaded 2 times (x 80B)
Class org.gradle.internal.service.ServiceLocator                                      : loaded 2 times (x 70B)
Class com.google.common.base.Ascii                                                    : loaded 2 times (x 71B)
Class com.google.common.collect.SingletonImmutableBiMap                               : loaded 2 times (x 143B)
Class com.google.common.cache.LocalCache$1                                            : loaded 2 times (x 89B)
Class com.google.common.collect.Iterators$SingletonIterator                           : loaded 2 times (x 81B)
Class com.google.common.collect.AbstractMapEntry                                      : loaded 2 times (x 81B)
Class com.google.common.collect.Sets$ImprovedAbstractSet                              : loaded 2 times (x 135B)
Class com.google.common.collect.ImmutableList$Builder                                 : loaded 2 times (x 77B)
Class com.google.common.collect.AbstractMultimap                                      : loaded 2 times (x 123B)
Class com.google.common.cache.LocalCache$2                                            : loaded 2 times (x 142B)
Class com.google.common.collect.RegularImmutableAsList                                : loaded 2 times (x 217B)
Class com.google.common.util.concurrent.AbstractFuture$Trusted                        : loaded 2 times (x 70B)
Class com.google.common.collect.Iterators                                             : loaded 2 times (x 71B)
Class com.google.common.collect.Lists$StringAsImmutableList                           : loaded 2 times (x 207B)
Class com.google.common.util.concurrent.UncheckedExecutionException                   : loaded 2 times (x 82B)
Class org.gradle.kotlin.dsl.VersionCatalogAccessorsKt                                 : loaded 2 times (x 71B)
Class ijKotlinCoroutineJvmDebugInit1_9sv6alppme9gmt0k1rtk5kuhh$_run_closure1$_closure2: loaded 2 times (x 139B)
Class com.google.common.collect.AbstractMapBasedMultimap$KeySet$1                     : loaded 2 times (x 82B)
Class org.objectweb.asm.ClassWriter                                                   : loaded 2 times (x 106B)
Class com.google.common.cache.CacheLoader$UnsupportedLoadingOperationException        : loaded 2 times (x 82B)
Class com.google.common.base.CharMatcher$And                                          : loaded 2 times (x 112B)
Class org.gradle.internal.classloader.ClasspathUtil$1                                 : loaded 2 times (x 76B)
Class org.objectweb.asm.FieldVisitor                                                  : loaded 2 times (x 77B)
Class com.google.common.collect.IndexedImmutableSet                                   : loaded 2 times (x 152B)
Class com.google.common.collect.ImmutableMap$1                                        : loaded 2 times (x 81B)
Class com.google.common.collect.BiMap                                                 : loaded 2 times (x 70B)
Class org.gradle.api.internal.classpath.DefaultModuleRegistry$DefaultModule           : loaded 2 times (x 86B)
Class com.google.common.primitives.Ints                                               : loaded 2 times (x 71B)
Class com.google.common.collect.AbstractIterator                                      : loaded 2 times (x 82B)
Class com.google.common.collect.ObjectArrays                                          : loaded 2 times (x 71B)
Class com.google.common.math.MathPreconditions                                        : loaded 2 times (x 71B)
Class com.google.common.collect.Multiset                                              : loaded 2 times (x 70B)
Class com.google.common.collect.ArrayListMultimapGwtSerializationDependencies         : loaded 2 times (x 172B)
Class com.google.common.collect.AbstractIndexedListIterator                           : loaded 2 times (x 96B)
Class com.google.common.collect.ImmutableMapEntrySet                                  : loaded 2 times (x 152B)
Class org.gradle.api.internal.classpath.Module                                        : loaded 2 times (x 70B)
Class com.google.common.cache.Weigher                                                 : loaded 2 times (x 70B)
Class org.gradle.api.internal.classpath.UnknownModuleException                        : loaded 2 times (x 82B)
Class com.google.common.base.Stopwatch                                                : loaded 2 times (x 72B)
Class com.google.common.cache.LocalCache$Strength                                     : loaded 2 times (x 81B)
Class com.google.common.cache.Cache                                                   : loaded 2 times (x 70B)
Class com.google.common.util.concurrent.AbstractFuture$Cancellation                   : loaded 2 times (x 72B)
Class com.google.common.collect.ImmutableMap$Builder                                  : loaded 2 times (x 82B)
Class com.google.common.cache.RemovalListener                                         : loaded 2 times (x 70B)
Class org.gradle.api.internal.DefaultClassPathRegistry                                : loaded 2 times (x 76B)
Class com.google.common.primitives.IntsMethodsForWeb                                  : loaded 2 times (x 71B)
Class com.google.common.collect.Multimap                                              : loaded 2 times (x 70B)
Class org.gradle.api.internal.ClassPathRegistry                                       : loaded 2 times (x 70B)
Class org.gradle.internal.classpath.DefaultClassPath$ImmutableUniqueList              : loaded 2 times (x 199B)
Class com.google.common.base.MoreObjects                                              : loaded 2 times (x 71B)
Class com.google.common.cache.CacheBuilder                                            : loaded 2 times (x 72B)
Class com.google.common.collect.SingletonImmutableList                                : loaded 2 times (x 207B)
Class Settings_gradle$1                                                               : loaded 2 times (x 74B)
Class org.gradle.internal.classpath.ClassPath                                         : loaded 2 times (x 70B)
Class com.google.common.base.JdkPattern                                               : loaded 2 times (x 75B)
Class com.google.common.collect.ImmutableList$ReverseImmutableList                    : loaded 2 times (x 209B)
Class ijKotlinCoroutineJvmDebugInit1_9sv6alppme9gmt0k1rtk5kuhh$_run_closure1          : loaded 2 times (x 139B)
Class org.objectweb.asm.SymbolTable$Entry                                             : loaded 2 times (x 74B)
Class org.objectweb.asm.Edge                                                          : loaded 2 times (x 72B)
Class com.google.common.base.Suppliers$SupplierOfInstance                             : loaded 2 times (x 79B)
Class com.google.common.collect.Iterators$1                                           : loaded 2 times (x 81B)
Class com.google.common.cache.LocalCache$ComputingValueReference                      : loaded 2 times (x 96B)
Class com.google.common.collect.SingletonImmutableSet                                 : loaded 2 times (x 146B)
Class com.google.common.collect.ImmutableMap$IteratorBasedImmutableMap                : loaded 2 times (x 126B)
Class com.google.common.cache.LocalCache$Segment                                      : loaded 2 times (x 154B)
Class com.google.common.collect.AbstractListMultimap                                  : loaded 2 times (x 172B)
Class [Lorg.objectweb.asm.SymbolTable$Entry;                                          : loaded 2 times (x 69B)
Class com.google.common.cache.CacheLoader                                             : loaded 2 times (x 74B)
Class com.google.common.collect.Iterators$4                                           : loaded 2 times (x 82B)
Class com.google.common.collect.ImmutableBiMap                                        : loaded 2 times (x 143B)
Class org.gradle.api.internal.classpath.ModuleRegistry                                : loaded 2 times (x 70B)
Class org.gradle.internal.installation.GradleInstallation$1                           : loaded 2 times (x 75B)
Class com.google.common.collect.ImmutableSet$JdkBackedSetBuilderImpl                  : loaded 2 times (x 76B)
Class com.google.common.util.concurrent.internal.InternalFutureFailureAccess          : loaded 2 times (x 72B)
Class com.google.common.collect.Iterators$5                                           : loaded 2 times (x 82B)
Class com.google.common.cache.LocalCache$LocalManualCache$1                           : loaded 2 times (x 75B)
Class com.google.common.base.CharMatcher$ForPredicate                                 : loaded 2 times (x 112B)
Class com.google.common.base.CharMatcher$AnyOf                                        : loaded 2 times (x 112B)
Class com.google.common.collect.ImmutableCollection                                   : loaded 2 times (x 125B)
Class org.gradle.api.internal.classpath.DefaultModuleRegistry                         : loaded 2 times (x 86B)
Class com.google.common.collect.Lists                                                 : loaded 2 times (x 71B)
Class com.google.common.util.concurrent.ListenableFuture                              : loaded 2 times (x 70B)
Class com.google.common.cache.ReferenceEntry                                          : loaded 2 times (x 70B)
Class com.google.common.base.Converter                                                : loaded 2 times (x 90B)
Class com.google.common.collect.ImmutableSet$CachingAsList                            : loaded 2 times (x 148B)
Class com.google.common.collect.AbstractMapBasedMultimap                              : loaded 2 times (x 139B)
Class com.google.common.util.concurrent.AbstractFuture                                : loaded 2 times (x 106B)
Class com.google.common.base.FunctionalEquivalence                                    : loaded 2 times (x 83B)
Class com.google.common.collect.Iterators$9                                           : loaded 2 times (x 81B)
Class com.google.common.collect.ImmutableAsList                                       : loaded 2 times (x 209B)
Class org.objectweb.asm.RecordComponentVisitor                                        : loaded 2 times (x 77B)
Class com.google.common.cache.CacheLoader$SupplierToCacheLoader                       : loaded 2 times (x 75B)
Class org.gradle.internal.service.ServiceLookupException                              : loaded 2 times (x 82B)
Class [Lcom.google.common.cache.LocalCache$EntryFactory;                              : loaded 2 times (x 69B)
Class org.gradle.internal.classloader.ClassLoaderFactory                              : loaded 2 times (x 70B)
Class com.google.common.base.CommonPattern                                            : loaded 2 times (x 74B)
Class com.google.common.cache.LocalCache$LocalManualCache                             : loaded 2 times (x 99B)
Class com.google.common.base.CharMatcher$IsNot                                        : loaded 2 times (x 111B)
Class org.gradle.internal.service.CachingServiceLocator                               : loaded 2 times (x 82B)
Class com.google.common.collect.AbstractMapBasedMultimap$KeySet                       : loaded 2 times (x 137B)
Class com.google.common.math.IntMath                                                  : loaded 2 times (x 71B)
Class com.google.common.collect.ImmutableMapEntry                                     : loaded 2 times (x 85B)
Class ijJvmDebugger1_dgb1k7ejekh1sld7z8yo85rke$_run_closure1$_closure2                : loaded 2 times (x 140B)
Class com.google.common.base.Equivalence                                              : loaded 2 times (x 82B)
Class com.google.common.base.Function                                                 : loaded 2 times (x 70B)
Class com.google.common.collect.ImmutableMapEntry$NonTerminalImmutableMapEntry        : loaded 2 times (x 85B)
Class com.google.common.cache.CacheBuilder$OneWeigher                                 : loaded 2 times (x 82B)
Class com.google.common.collect.RegularImmutableList                                  : loaded 2 times (x 213B)
Class org.gradle.internal.classloader.ClasspathUtil                                   : loaded 2 times (x 71B)
Class com.google.common.util.concurrent.Uninterruptibles                              : loaded 2 times (x 71B)
Class com.google.common.util.concurrent.LazyLogger                                    : loaded 2 times (x 72B)
Class com.google.common.collect.Maps                                                  : loaded 2 times (x 71B)
Class ijJvmDebugger1_dgb1k7ejekh1sld7z8yo85rke                                        : loaded 2 times (x 171B)
Class org.gradle.api.specs.Spec                                                       : loaded 2 times (x 70B)
Class [Lcom.google.common.collect.ImmutableEntry;                                     : loaded 2 times (x 69B)
Class com.google.common.cache.LocalCache$LoadingValueReference                        : loaded 2 times (x 96B)
Class com.google.common.base.Platform                                                 : loaded 2 times (x 71B)
Class [Lorg.objectweb.asm.AnnotationWriter;                                           : loaded 2 times (x 69B)
Class com.google.common.collect.Maps$8                                                : loaded 2 times (x 82B)
Class com.google.common.collect.Sets$SetView                                          : loaded 2 times (x 138B)
Class com.google.common.cache.LocalCache$StrongValueReference                         : loaded 2 times (x 90B)
Class org.objectweb.asm.Type                                                          : loaded 2 times (x 72B)
Class ijKotlinCoroutineJvmDebugInit1_9sv6alppme9gmt0k1rtk5kuhh                        : loaded 2 times (x 171B)
Class org.gradle.internal.classloader.VisitableURLClassLoader$InstrumentingVisitableURLClassLoader: loaded 2 times (x 123B)
Class com.google.common.math.IntMath$1                                                : loaded 2 times (x 71B)
Class org.objectweb.asm.ByteVector                                                    : loaded 2 times (x 79B)
Class [Lcom.google.common.cache.CacheBuilder$NullListener;                            : loaded 2 times (x 69B)
Class org.gradle.internal.classloader.VisitableURLClassLoader$Spec                    : loaded 2 times (x 74B)
Class org.gradle.internal.classpath.DefaultClassPath                                  : loaded 2 times (x 90B)
Class org.objectweb.asm.Symbol                                                        : loaded 2 times (x 73B)
Class com.google.common.io.Closer                                                     : loaded 2 times (x 78B)
Class com.google.common.base.CharMatcher$BitSetMatcher                                : loaded 2 times (x 112B)
Class com.google.common.collect.ImmutableSet                                          : loaded 2 times (x 145B)
Class com.google.common.collect.RegularImmutableMap$Values                            : loaded 2 times (x 207B)
Class org.gradle.internal.classloader.ClassLoaderSpec                                 : loaded 2 times (x 71B)
Class org.objectweb.asm.AnnotationWriter                                              : loaded 2 times (x 79B)
Class com.google.common.cache.CacheStats                                              : loaded 2 times (x 71B)
Class com.google.common.io.Closer$Suppressor                                          : loaded 2 times (x 70B)
Class org.objectweb.asm.RecordComponentWriter                                         : loaded 2 times (x 78B)
Class com.google.common.util.concurrent.AbstractFuture$Listener                       : loaded 2 times (x 72B)
Class com.google.common.base.CharMatcher$Or                                           : loaded 2 times (x 112B)
Class Settings_gradle$1$1                                                             : loaded 2 times (x 74B)
Class org.objectweb.asm.Attribute                                                     : loaded 2 times (x 77B)
Class com.google.common.base.Supplier                                                 : loaded 2 times (x 70B)
Class org.gradle.internal.classloader.VisitableURLClassLoader                         : loaded 2 times (x 117B)
Class Settings_gradle                                                                 : loaded 2 times (x 124B)
Class org.gradle.internal.Cast                                                        : loaded 2 times (x 71B)
Class org.gradle.api.Action                                                           : loaded 2 times (x 70B)
Class com.google.common.base.Strings                                                  : loaded 2 times (x 71B)
Class com.google.common.collect.Sets                                                  : loaded 2 times (x 71B)
Class org.objectweb.asm.Handler                                                       : loaded 2 times (x 72B)
Class com.google.common.base.Ticker                                                   : loaded 2 times (x 72B)
Class com.google.common.base.CharMatcher$FastMatcher                                  : loaded 2 times (x 111B)
Class [Lcom.google.common.cache.LocalCache$Segment;                                   : loaded 2 times (x 69B)
Class [Lcom.google.common.cache.LocalCache$Strength;                                  : loaded 2 times (x 69B)
Class com.google.common.cache.CacheBuilder$1                                          : loaded 2 times (x 85B)
Class com.google.common.base.Predicate                                                : loaded 2 times (x 70B)
Class com.google.common.collect.ImmutableMap                                          : loaded 2 times (x 120B)
Class org.gradle.internal.classpath.DefaultClassPath$ImmutableUniqueList$Builder      : loaded 2 times (x 75B)
Class com.google.common.cache.LocalCache                                              : loaded 2 times (x 187B)
Class com.google.common.cache.CacheBuilder$2                                          : loaded 2 times (x 79B)
Class com.google.common.base.CharMatcher$NegatedFastMatcher                           : loaded 2 times (x 113B)
Class com.google.common.collect.ArrayListMultimap                                     : loaded 2 times (x 172B)
Class com.google.common.cache.CacheBuilder$3                                          : loaded 2 times (x 72B)
Class [Lcom.google.common.collect.AbstractMapEntry;                                   : loaded 2 times (x 69B)
Class com.google.common.collect.ImmutableEntry                                        : loaded 2 times (x 82B)
Class org.gradle.api.GradleException                                                  : loaded 2 times (x 82B)
Class com.google.common.base.Suppliers$MemoizingSupplier                              : loaded 2 times (x 79B)
Class com.google.common.collect.CollectPreconditions                                  : loaded 2 times (x 71B)
Class com.google.common.collect.SortedMapDifference                                   : loaded 2 times (x 70B)
Class com.google.common.cache.LocalCache$EntryFactory                                 : loaded 2 times (x 83B)
Class com.google.common.cache.LocalCache$AbstractReferenceEntry                       : loaded 2 times (x 107B)
Class org.gradle.internal.IoActions                                                   : loaded 2 times (x 71B)
Class org.objectweb.asm.SymbolTable                                                   : loaded 2 times (x 72B)
Class com.google.common.cache.CacheLoader$InvalidCacheLoadException                   : loaded 2 times (x 82B)
Class com.google.common.collect.ImmutableSet$RegularSetBuilderImpl                    : loaded 2 times (x 77B)
Class org.gradle.internal.classloader.SystemClassLoaderSpec                           : loaded 2 times (x 71B)
Class com.google.common.cache.LocalCache$StrongEntry                                  : loaded 2 times (x 108B)
Class com.google.common.util.concurrent.AbstractFuture$TrustedFuture                  : loaded 2 times (x 114B)
Class com.google.common.cache.LoadingCache                                            : loaded 2 times (x 70B)
Class com.google.common.io.ByteStreams$LimitedInputStream                             : loaded 2 times (x 92B)
Class com.google.common.base.Suppliers$NonSerializableMemoizingSupplier               : loaded 2 times (x 79B)
Class org.objectweb.asm.MethodWriter                                                  : loaded 2 times (x 106B)
Class [Lcom.google.common.cache.Weigher;                                              : loaded 2 times (x 69B)
Class com.google.common.collect.RegularImmutableMap$BucketOverflowException           : loaded 2 times (x 82B)
Class com.google.common.collect.RegularImmutableBiMap                                 : loaded 2 times (x 149B)
Class com.google.common.cache.LocalCache$ValueReference                               : loaded 2 times (x 70B)
Class com.google.common.base.CharMatcher$Negated                                      : loaded 2 times (x 113B)
Class com.google.common.base.CharMatcher$Is                                           : loaded 2 times (x 111B)
Class com.google.common.base.PatternCompiler                                          : loaded 2 times (x 70B)
Class com.google.common.util.concurrent.AbstractFuture$Failure                        : loaded 2 times (x 72B)
Class com.google.common.base.Equivalence$Equals                                       : loaded 2 times (x 82B)
Class com.google.common.collect.Hashing                                               : loaded 2 times (x 71B)
Class com.google.common.base.Preconditions                                            : loaded 2 times (x 71B)
Class com.google.common.base.Joiner$1                                                 : loaded 2 times (x 80B)
Class org.objectweb.asm.Label                                                         : loaded 2 times (x 73B)
Class org.objectweb.asm.CurrentFrame                                                  : loaded 2 times (x 73B)
Class org.objectweb.asm.ClassTooLargeException                                        : loaded 2 times (x 83B)
Class com.google.common.base.CharMatcher                                              : loaded 2 times (x 111B)
Class com.google.common.collect.PeekingIterator                                       : loaded 2 times (x 70B)
Class com.google.common.base.Joiner$2                                                 : loaded 2 times (x 79B)
Class org.objectweb.asm.Frame                                                         : loaded 2 times (x 73B)
Class org.objectweb.asm.MethodVisitor                                                 : loaded 2 times (x 105B)
Class com.google.common.cache.LocalCache$EntryFactory$1                               : loaded 2 times (x 83B)
Class [Lcom.google.common.cache.RemovalListener;                                      : loaded 2 times (x 69B)
Class com.google.common.base.CharMatcher$1                                            : loaded 2 times (x 113B)
Class com.google.common.base.CharMatcher$NamedFastMatcher                             : loaded 2 times (x 112B)
Class com.google.common.cache.LocalCache$EntryFactory$2                               : loaded 2 times (x 83B)
Class org.gradle.api.internal.classpath.GlobalCacheRootsProvider                      : loaded 2 times (x 70B)
Class org.objectweb.asm.ModuleWriter                                                  : loaded 2 times (x 82B)
Class com.google.common.cache.LocalCache$EntryFactory$3                               : loaded 2 times (x 83B)
Class com.google.common.base.Ticker$1                                                 : loaded 2 times (x 72B)
Class com.google.common.collect.Maps$BiMapConverter                                   : loaded 2 times (x 90B)
Class com.google.common.collect.ImmutableMapEntrySet$RegularEntrySet                  : loaded 2 times (x 152B)
Class com.google.common.collect.ImmutableSet$Builder                                  : loaded 2 times (x 85B)
Class com.google.common.cache.LocalCache$EntryFactory$4                               : loaded 2 times (x 83B)
Class com.google.common.base.CharMatcher$InRange                                      : loaded 2 times (x 111B)
Class com.google.common.io.ByteStreams$1                                              : loaded 2 times (x 85B)
Class com.google.common.cache.LocalCache$EntryFactory$5                               : loaded 2 times (x 83B)
Class ijJvmDebugger1_dgb1k7ejekh1sld7z8yo85rke$_run_closure1                          : loaded 2 times (x 139B)
Class com.google.common.base.PairwiseEquivalence                                      : loaded 2 times (x 83B)
Class com.google.common.cache.LocalCache$EntryFactory$6                               : loaded 2 times (x 83B)
Class org.gradle.internal.installation.CurrentGradleInstallationLocator               : loaded 2 times (x 71B)
Class com.google.common.collect.Maps$KeySet                                           : loaded 2 times (x 137B)
Class com.google.common.collect.ImmutableSet$EmptySetBuilderImpl                      : loaded 2 times (x 76B)
Class com.google.common.cache.LocalCache$EntryFactory$7                               : loaded 2 times (x 83B)
Class com.google.common.collect.ImmutableList                                         : loaded 2 times (x 206B)
Class org.gradle.internal.service.DefaultServiceLocator                               : loaded 2 times (x 83B)
Class com.google.common.cache.LocalCache$EntryFactory$8                               : loaded 2 times (x 83B)
Class com.google.common.collect.ImmutableSet$SetBuilderImpl                           : loaded 2 times (x 76B)
Class org.gradle.internal.installation.CurrentGradleInstallation                      : loaded 2 times (x 73B)
Class com.google.common.cache.CacheLoader$1                                           : loaded 2 times (x 75B)
Class com.google.common.collect.ForwardingObject                                      : loaded 2 times (x 72B)
Class com.google.common.collect.ImmutableList$SubList                                 : loaded 2 times (x 209B)
Class org.gradle.util.internal.GUtil                                                  : loaded 2 times (x 71B)
Class com.google.common.cache.AbstractCache$StatsCounter                              : loaded 2 times (x 70B)
Class com.google.common.collect.Iterators$MergingIterator                             : loaded 2 times (x 81B)
Class com.google.common.collect.RegularImmutableSet                                   : loaded 2 times (x 149B)
Class org.gradle.internal.installation.GradleInstallation                             : loaded 2 times (x 75B)
Class com.google.common.collect.Iterables                                             : loaded 2 times (x 71B)

---------------  S Y S T E M  ---------------

OS:
 Windows 11 , 64 bit Build 22000 (10.0.22000.1880)
OS uptime: 63 days 18:02 hours
Hyper-V role detected

CPU: total 8 (initial active 8) (4 cores per cpu, 2 threads per core) family 6 model 142 stepping 12 microcode 0xea, cx8, cmov, fxsr, ht, mmx, 3dnowpref, sse, sse2, sse3, ssse3, sse4.1, sse4.2, popcnt, lzcnt, tsc, tscinvbit, avx, avx2, aes, erms, clmul, bmi1, bmi2, adx, fma, vzeroupper, clflush, clflushopt, hv, rdtscp, f16c
Processor Information for the first 8 processors :
  Max Mhz: 1992, Current Mhz: 1792, Mhz Limit: 1792

Memory: 4k page, system-wide physical 16198M (643M free)
TotalPageFile size 16198M (AvailPageFile size 182M)
current process WorkingSet (physical memory assigned to process): 669M, peak: 672M
current process commit charge ("private bytes"): 707M, peak: 1106M

vm_info: OpenJDK 64-Bit Server VM (21.0.9+-14649483-b1163.86) for windows-amd64 JRE (21.0.9+-14649483-b1163.86), built on 2025-12-30T22:08:35Z by "builder" with MS VC++ 16.10 / 16.11 (VS2019)

END.
