#
# There is insufficient memory for the Java Runtime Environment to continue.
# Native memory allocation (mmap) failed to map 141557760 bytes. Error detail: G1 virtual space
# Possible reasons:
#   The system is out of physical RAM or swap space
#   This process is running with CompressedOops enabled, and the Java Heap may be blocking the growth of the native heap
# Possible solutions:
#   Reduce memory load on the system
#   Increase physical memory or swap space
#   Check if swap backing store is full
#   Decrease Java heap size (-Xmx/-Xms)
#   Decrease number of Java threads
#   Decrease Java thread stack sizes (-Xss)
#   Set larger code cache with -XX:ReservedCodeCacheSize=
#   JVM is running with Unscaled Compressed Oops mode in which the Java heap is
#     placed in the first 4GB address space. The Java Heap base address is the
#     maximum limit for the native heap growth. Please use -XX:HeapBaseMinAddress
#     to set the Java Heap base and to place the Java Heap above 4GB virtual address.
# This output file may be truncated or incomplete.
#
#  Out of Memory Error (os_windows.cpp:3925), pid=25596, tid=26888
#
# JRE version: OpenJDK Runtime Environment (21.0.9) (build 21.0.9+-14649483-b1163.86)
# Java VM: OpenJDK 64-Bit Server VM (21.0.9+-14649483-b1163.86, mixed mode, tiered, compressed oops, compressed class ptrs, g1 gc, windows-amd64)
# No core dump will be written. Minidumps are not enabled by default on client versions of Windows
#

---------------  S U M M A R Y ------------

Command Line: --add-opens=java.base/java.lang=ALL-UNNAMED --add-opens=java.base/java.lang.invoke=ALL-UNNAMED --add-opens=java.base/java.util=ALL-UNNAMED --add-opens=java.prefs/java.util.prefs=ALL-UNNAMED --add-exports=jdk.compiler/com.sun.tools.javac.api=ALL-UNNAMED --add-exports=jdk.compiler/com.sun.tools.javac.util=ALL-UNNAMED --add-opens=java.base/java.util=ALL-UNNAMED --add-opens=java.prefs/java.util.prefs=ALL-UNNAMED --add-opens=java.base/java.nio.charset=ALL-UNNAMED --add-opens=java.base/java.net=ALL-UNNAMED --add-opens=java.base/java.util.concurrent=ALL-UNNAMED --add-opens=java.base/java.util.concurrent.atomic=ALL-UNNAMED --add-opens=java.xml/javax.xml.namespace=ALL-UNNAMED --add-opens=java.base/java.time=ALL-UNNAMED -Xmx2048m -Dfile.encoding=UTF-8 -Duser.country=ID -Duser.language=en -Duser.variant -javaagent:C:\Users\user\.gradle\wrapper\dists\gradle-9.2.1-bin\2t0n5ozlw9xmuyvbp7dnzaxug\gradle-9.2.1\lib\agents\gradle-instrumentation-agent-9.2.1.jar org.gradle.launcher.daemon.bootstrap.GradleDaemon 9.2.1

Host: Intel(R) Core(TM) i7-8565U CPU @ 1.80GHz, 8 cores, 15G,  Windows 11 , 64 bit Build 22000 (10.0.22000.1880)
Time: Fri Feb 20 15:46:43 2026 SE Asia Standard Time elapsed time: 37.170268 seconds (0d 0h 0m 37s)

---------------  T H R E A D  ---------------

Current thread (0x00000211c074cd50):  VMThread "VM Thread"          [id=26888, stack(0x000000caf0500000,0x000000caf0600000) (1024K)]

Stack: [0x000000caf0500000,0x000000caf0600000]
Native frames: (J=compiled Java code, j=interpreted, Vv=VM code, C=native code)
V  [jvm.dll+0x6d6c99]
V  [jvm.dll+0x866b83]
V  [jvm.dll+0x86919e]
V  [jvm.dll+0x869883]
V  [jvm.dll+0x280776]
V  [jvm.dll+0x6d3555]
V  [jvm.dll+0x6c6bea]
V  [jvm.dll+0x3587fb]
V  [jvm.dll+0x360476]
V  [jvm.dll+0x3b2646]
V  [jvm.dll+0x3b2918]
V  [jvm.dll+0x32af0c]
V  [jvm.dll+0x32af97]
V  [jvm.dll+0x370e7c]
V  [jvm.dll+0x36f62e]
V  [jvm.dll+0x32a661]
V  [jvm.dll+0x36ed30]
V  [jvm.dll+0x86f608]
V  [jvm.dll+0x870984]
V  [jvm.dll+0x870ec0]
V  [jvm.dll+0x871153]
V  [jvm.dll+0x80f118]
V  [jvm.dll+0x6d54ed]
C  [ucrtbase.dll+0x26c0c]
C  [KERNEL32.DLL+0x155a0]
C  [ntdll.dll+0x485b]

VM_Operation (0x000000caf3ef8a80): G1CollectForAllocation, mode: safepoint, requested by thread 0x00000211cb0075b0


---------------  P R O C E S S  ---------------

Threads class SMR info:
_java_thread_list=0x00000211cc7a4870, length=141, elements={
0x00000211a8e9daf0, 0x00000211c07ce540, 0x00000211c07d0b70, 0x00000211c07d15d0,
0x00000211c07e33b0, 0x00000211c07e3a20, 0x00000211c0809590, 0x00000211c0809ff0,
0x00000211c07f6440, 0x00000211c07f7010, 0x00000211c5025d00, 0x00000211c7a66240,
0x00000211c7226ac0, 0x00000211c79677e0, 0x00000211c6d194b0, 0x00000211c67c0f70,
0x00000211c76eaaa0, 0x00000211c6ba3190, 0x00000211c77b4d40, 0x00000211c77b74a0,
0x00000211c77b60f0, 0x00000211c77b53d0, 0x00000211c77b5a60, 0x00000211c77b6780,
0x00000211c912a0b0, 0x00000211c9126c30, 0x00000211c9129a20, 0x00000211c9125880,
0x00000211c91244d0, 0x00000211c912a740, 0x00000211c91272c0, 0x00000211c912add0,
0x00000211c9127fe0, 0x00000211c9127950, 0x00000211c9128670, 0x00000211c91251f0,
0x00000211cb006890, 0x00000211cb005b70, 0x00000211cb0047c0, 0x00000211cb003410,
0x00000211cb004e50, 0x00000211cb0082d0, 0x00000211cb007c40, 0x00000211cb008960,
0x00000211cb006200, 0x00000211cb0054e0, 0x00000211cb006f20, 0x00000211cb0075b0,
0x00000211cb008ff0, 0x00000211cb004130, 0x00000211cb002060, 0x00000211cb0026f0,
0x00000211cb009680, 0x00000211cb002d80, 0x00000211cb003aa0, 0x00000211cbefffe0,
0x00000211cbf00670, 0x00000211cbf020b0, 0x00000211cbf05530, 0x00000211cbf02740,
0x00000211cbf01a20, 0x00000211cbf03af0, 0x00000211cbf00d00, 0x00000211cbf03460,
0x00000211cbf06250, 0x00000211cbf068e0, 0x00000211cbf06f70, 0x00000211cb377270,
0x00000211cb378cb0, 0x00000211cb379340, 0x00000211cb375ec0, 0x00000211cb378620,
0x00000211cb376550, 0x00000211cb376be0, 0x00000211cb377900, 0x00000211cb377f90,
0x00000211cc364100, 0x00000211cc367c10, 0x00000211cc3626c0, 0x00000211cc361310,
0x00000211cc364e20, 0x00000211cc3619a0, 0x00000211cc367580, 0x00000211cc366ef0,
0x00000211cc360c80, 0x00000211cc3633e0, 0x00000211cc3654b0, 0x00000211c9c19f40,
0x00000211c9c1b2f0, 0x00000211c9c18500, 0x00000211c9c1b980, 0x00000211c9c17150,
0x00000211c9c149f0, 0x00000211c9c15710, 0x00000211c9c16ac0, 0x00000211c758d040,
0x00000211c758fe30, 0x00000211c75904c0, 0x00000211c7589bc0, 0x00000211c758c320,
0x00000211c758a250, 0x00000211c758d6d0, 0x00000211c758a8e0, 0x00000211c9c1a5d0,
0x00000211cc45fdb0, 0x00000211cc460440, 0x00000211cc463230, 0x00000211cc463f50,
0x00000211cc460ad0, 0x00000211cc4638c0, 0x00000211cc45dce0, 0x00000211cc462510,
0x00000211cc45e370, 0x00000211cc4617f0, 0x00000211cc462ba0, 0x00000211cc4645e0,
0x00000211cc45d650, 0x00000211cc464c70, 0x00000211cc461160, 0x00000211cc461e80,
0x00000211cc45f090, 0x00000211cc45f720, 0x00000211c91265a0, 0x00000211c9c15080,
0x00000211cbf05bc0, 0x00000211d20ff3a0, 0x00000211cbb8fbb0, 0x00000211cd69e520,
0x00000211cd69d800, 0x00000211cd698940, 0x00000211cd6982b0, 0x00000211cd697590,
0x00000211cd69ebb0, 0x00000211cd698fd0, 0x00000211cbb916f0, 0x00000211cd693a80,
0x00000211cd6947a0, 0x00000211cd690c90, 0x00000211cd5bf3e0, 0x00000211cd5c14b0,
0x00000211cd5bd9a0
}

Java Threads: ( => current thread )
  0x00000211a8e9daf0 JavaThread "main"                              [_thread_blocked, id=26728, stack(0x000000caefe00000,0x000000caeff00000) (1024K)]
  0x00000211c07ce540 JavaThread "Common-Cleaner"             daemon [_thread_blocked, id=23112, stack(0x000000caf0600000,0x000000caf0700000) (1024K)]
  0x00000211c07d0b70 JavaThread "Reference Handler"          daemon [_thread_blocked, id=11424, stack(0x000000caf0700000,0x000000caf0800000) (1024K)]
  0x00000211c07d15d0 JavaThread "Finalizer"                  daemon [_thread_blocked, id=14748, stack(0x000000caf0800000,0x000000caf0900000) (1024K)]
  0x00000211c07e33b0 JavaThread "Signal Dispatcher"          daemon [_thread_blocked, id=3524, stack(0x000000caf0900000,0x000000caf0a00000) (1024K)]
  0x00000211c07e3a20 JavaThread "Attach Listener"            daemon [_thread_blocked, id=14516, stack(0x000000caf0a00000,0x000000caf0b00000) (1024K)]
  0x00000211c0809590 JavaThread "Service Thread"             daemon [_thread_blocked, id=15472, stack(0x000000caf0b00000,0x000000caf0c00000) (1024K)]
  0x00000211c0809ff0 JavaThread "Monitor Deflation Thread"   daemon [_thread_blocked, id=23084, stack(0x000000caf0c00000,0x000000caf0d00000) (1024K)]
  0x00000211c07f6440 JavaThread "C2 CompilerThread0"         daemon [_thread_in_native, id=27160, stack(0x000000caf0d00000,0x000000caf0e00000) (1024K)]
  0x00000211c07f7010 JavaThread "C1 CompilerThread0"         daemon [_thread_blocked, id=21832, stack(0x000000caf0e00000,0x000000caf0f00000) (1024K)]
  0x00000211c5025d00 JavaThread "Notification Thread"        daemon [_thread_blocked, id=11556, stack(0x000000caf0f00000,0x000000caf1000000) (1024K)]
  0x00000211c7a66240 JavaThread "Daemon health stats"               [_thread_blocked, id=23616, stack(0x000000caf1700000,0x000000caf1800000) (1024K)]
  0x00000211c7226ac0 JavaThread "Incoming local TCP Connector on port 62207"        [_thread_in_native, id=25384, stack(0x000000caf1800000,0x000000caf1900000) (1024K)]
  0x00000211c79677e0 JavaThread "Daemon periodic checks"            [_thread_blocked, id=20872, stack(0x000000caf1900000,0x000000caf1a00000) (1024K)]
  0x00000211c6d194b0 JavaThread "Daemon"                            [_thread_blocked, id=17876, stack(0x000000caf1a00000,0x000000caf1b00000) (1024K)]
  0x00000211c67c0f70 JavaThread "Handler for socket connection from /127.0.0.1:62207 to /127.0.0.1:62208"        [_thread_in_native, id=14192, stack(0x000000caf1b00000,0x000000caf1c00000) (1024K)]
  0x00000211c76eaaa0 JavaThread "Cancel handler"                    [_thread_blocked, id=20584, stack(0x000000caf1c00000,0x000000caf1d00000) (1024K)]
  0x00000211c6ba3190 JavaThread "Daemon worker"                     [_thread_blocked, id=11260, stack(0x000000caf2000000,0x000000caf2100000) (1024K)]
  0x00000211c77b4d40 JavaThread "Asynchronous log dispatcher for DefaultDaemonConnection: socket connection from /127.0.0.1:62207 to /127.0.0.1:62208"        [_thread_blocked, id=24216, stack(0x000000caf2100000,0x000000caf2200000) (1024K)]
  0x00000211c77b74a0 JavaThread "Stdin handler"                     [_thread_blocked, id=16512, stack(0x000000caf2200000,0x000000caf2300000) (1024K)]
  0x00000211c77b60f0 JavaThread "Daemon client event forwarder"        [_thread_blocked, id=27212, stack(0x000000caf2300000,0x000000caf2400000) (1024K)]
  0x00000211c77b53d0 JavaThread "Cache worker for journal cache (C:\Users\user\.gradle\caches\journal-1)"        [_thread_blocked, id=14860, stack(0x000000caf2400000,0x000000caf2500000) (1024K)]
  0x00000211c77b5a60 JavaThread "File lock request listener"        [_thread_in_native, id=10732, stack(0x000000caf2500000,0x000000caf2600000) (1024K)]
  0x00000211c77b6780 JavaThread "Cache worker for file hash cache (C:\Users\user\.gradle\caches\9.2.1\fileHashes)"        [_thread_blocked, id=25956, stack(0x000000caf2600000,0x000000caf2700000) (1024K)]
  0x00000211c912a0b0 JavaThread "Cache worker for file hash cache (C:\PRAKTAM2\.gradle\9.2.1\fileHashes)"        [_thread_blocked, id=13008, stack(0x000000caf2700000,0x000000caf2800000) (1024K)]
  0x00000211c9126c30 JavaThread "Cache worker for Build Output Cleanup Cache (C:\PRAKTAM2\.gradle\buildOutputCleanup)"        [_thread_blocked, id=4240, stack(0x000000caf2800000,0x000000caf2900000) (1024K)]
  0x00000211c9129a20 JavaThread "File watcher server"        daemon [_thread_blocked, id=13780, stack(0x000000caf2900000,0x000000caf2a00000) (1024K)]
  0x00000211c9125880 JavaThread "File watcher consumer"      daemon [_thread_blocked, id=12960, stack(0x000000caf2a00000,0x000000caf2b00000) (1024K)]
  0x00000211c91244d0 JavaThread "Cache worker for checksums cache (C:\PRAKTAM2\.gradle\9.2.1\checksums)"        [_thread_blocked, id=13688, stack(0x000000caf1600000,0x000000caf1700000) (1024K)]
  0x00000211c912a740 JavaThread "Cache worker for file content cache (C:\Users\user\.gradle\caches\9.2.1\fileContent)"        [_thread_blocked, id=16616, stack(0x000000caf2b00000,0x000000caf2c00000) (1024K)]
  0x00000211c91272c0 JavaThread "Cache worker for cache directory md-supplier (C:\Users\user\.gradle\caches\9.2.1\md-supplier)"        [_thread_blocked, id=11164, stack(0x000000caf2c00000,0x000000caf2d00000) (1024K)]
  0x00000211c912add0 JavaThread "Cache worker for cache directory md-rule (C:\Users\user\.gradle\caches\9.2.1\md-rule)"        [_thread_blocked, id=20060, stack(0x000000caf2d00000,0x000000caf2e00000) (1024K)]
  0x00000211c9127fe0 JavaThread "jar transforms"                    [_thread_blocked, id=20384, stack(0x000000caf2e00000,0x000000caf2f00000) (1024K)]
  0x00000211c9127950 JavaThread "jar transforms Thread 2"           [_thread_blocked, id=24424, stack(0x000000caf2f00000,0x000000caf3000000) (1024K)]
  0x00000211c9128670 JavaThread "jar transforms Thread 3"           [_thread_blocked, id=12280, stack(0x000000caf3100000,0x000000caf3200000) (1024K)]
  0x00000211c91251f0 JavaThread "Unconstrained build operations"        [_thread_blocked, id=15744, stack(0x000000caf3200000,0x000000caf3300000) (1024K)]
  0x00000211cb006890 JavaThread "Unconstrained build operations Thread 2"        [_thread_blocked, id=11560, stack(0x000000caf3300000,0x000000caf3400000) (1024K)]
  0x00000211cb005b70 JavaThread "Unconstrained build operations Thread 3"        [_thread_blocked, id=26696, stack(0x000000caf3400000,0x000000caf3500000) (1024K)]
  0x00000211cb0047c0 JavaThread "Unconstrained build operations Thread 4"        [_thread_blocked, id=22940, stack(0x000000caf3500000,0x000000caf3600000) (1024K)]
  0x00000211cb003410 JavaThread "Unconstrained build operations Thread 5"        [_thread_blocked, id=19744, stack(0x000000caf3600000,0x000000caf3700000) (1024K)]
  0x00000211cb004e50 JavaThread "Unconstrained build operations Thread 6"        [_thread_blocked, id=17732, stack(0x000000caf3700000,0x000000caf3800000) (1024K)]
  0x00000211cb0082d0 JavaThread "Unconstrained build operations Thread 7"        [_thread_blocked, id=27464, stack(0x000000caf3800000,0x000000caf3900000) (1024K)]
  0x00000211cb007c40 JavaThread "Unconstrained build operations Thread 8"        [_thread_blocked, id=27812, stack(0x000000caf3900000,0x000000caf3a00000) (1024K)]
  0x00000211cb008960 JavaThread "Unconstrained build operations Thread 9"        [_thread_blocked, id=7352, stack(0x000000caf3a00000,0x000000caf3b00000) (1024K)]
  0x00000211cb006200 JavaThread "Unconstrained build operations Thread 10"        [_thread_blocked, id=18272, stack(0x000000caf3b00000,0x000000caf3c00000) (1024K)]
  0x00000211cb0054e0 JavaThread "Unconstrained build operations Thread 11"        [_thread_blocked, id=23324, stack(0x000000caf3c00000,0x000000caf3d00000) (1024K)]
  0x00000211cb006f20 JavaThread "Unconstrained build operations Thread 12"        [_thread_blocked, id=10272, stack(0x000000caf3d00000,0x000000caf3e00000) (1024K)]
  0x00000211cb0075b0 JavaThread "Unconstrained build operations Thread 13"        [_thread_blocked, id=22892, stack(0x000000caf3e00000,0x000000caf3f00000) (1024K)]
  0x00000211cb008ff0 JavaThread "Unconstrained build operations Thread 14"        [_thread_blocked, id=22612, stack(0x000000caf3f00000,0x000000caf4000000) (1024K)]
  0x00000211cb004130 JavaThread "jar transforms Thread 4"           [_thread_blocked, id=6916, stack(0x000000caf3000000,0x000000caf3100000) (1024K)]
  0x00000211cb002060 JavaThread "jar transforms Thread 5"           [_thread_blocked, id=11644, stack(0x000000caf4000000,0x000000caf4100000) (1024K)]
  0x00000211cb0026f0 JavaThread "Unconstrained build operations Thread 15"        [_thread_blocked, id=25632, stack(0x000000caf4100000,0x000000caf4200000) (1024K)]
  0x00000211cb009680 JavaThread "Unconstrained build operations Thread 16"        [_thread_blocked, id=1924, stack(0x000000caf4200000,0x000000caf4300000) (1024K)]
  0x00000211cb002d80 JavaThread "Unconstrained build operations Thread 17"        [_thread_blocked, id=28156, stack(0x000000caf4300000,0x000000caf4400000) (1024K)]
  0x00000211cb003aa0 JavaThread "Unconstrained build operations Thread 18"        [_thread_blocked, id=12636, stack(0x000000caf4400000,0x000000caf4500000) (1024K)]
  0x00000211cbefffe0 JavaThread "Unconstrained build operations Thread 19"        [_thread_blocked, id=20340, stack(0x000000caf4500000,0x000000caf4600000) (1024K)]
  0x00000211cbf00670 JavaThread "Unconstrained build operations Thread 20"        [_thread_blocked, id=22724, stack(0x000000caf4600000,0x000000caf4700000) (1024K)]
  0x00000211cbf020b0 JavaThread "Unconstrained build operations Thread 21"        [_thread_blocked, id=20512, stack(0x000000caf4700000,0x000000caf4800000) (1024K)]
  0x00000211cbf05530 JavaThread "jar transforms Thread 6"           [_thread_blocked, id=13528, stack(0x000000caf4800000,0x000000caf4900000) (1024K)]
  0x00000211cbf02740 JavaThread "jar transforms Thread 7"           [_thread_blocked, id=28160, stack(0x000000caf4900000,0x000000caf4a00000) (1024K)]
  0x00000211cbf01a20 JavaThread "jar transforms Thread 8"           [_thread_blocked, id=2928, stack(0x000000caf4a00000,0x000000caf4b00000) (1024K)]
  0x00000211cbf03af0 JavaThread "Unconstrained build operations Thread 22"        [_thread_blocked, id=18488, stack(0x000000caf4b00000,0x000000caf4c00000) (1024K)]
  0x00000211cbf00d00 JavaThread "Unconstrained build operations Thread 23"        [_thread_blocked, id=1824, stack(0x000000caf4c00000,0x000000caf4d00000) (1024K)]
  0x00000211cbf03460 JavaThread "Unconstrained build operations Thread 24"        [_thread_blocked, id=26716, stack(0x000000caf4d00000,0x000000caf4e00000) (1024K)]
  0x00000211cbf06250 JavaThread "Unconstrained build operations Thread 25"        [_thread_blocked, id=5224, stack(0x000000caf4f00000,0x000000caf5000000) (1024K)]
  0x00000211cbf068e0 JavaThread "Unconstrained build operations Thread 26"        [_thread_blocked, id=18572, stack(0x000000caf5000000,0x000000caf5100000) (1024K)]
  0x00000211cbf06f70 JavaThread "Unconstrained build operations Thread 27"        [_thread_blocked, id=16672, stack(0x000000caf5100000,0x000000caf5200000) (1024K)]
  0x00000211cb377270 JavaThread "Unconstrained build operations Thread 28"        [_thread_blocked, id=23424, stack(0x000000caf5200000,0x000000caf5300000) (1024K)]
  0x00000211cb378cb0 JavaThread "Unconstrained build operations Thread 29"        [_thread_blocked, id=26768, stack(0x000000caf5300000,0x000000caf5400000) (1024K)]
  0x00000211cb379340 JavaThread "Unconstrained build operations Thread 30"        [_thread_blocked, id=23732, stack(0x000000caf5400000,0x000000caf5500000) (1024K)]
  0x00000211cb375ec0 JavaThread "Unconstrained build operations Thread 31"        [_thread_blocked, id=17796, stack(0x000000caf5500000,0x000000caf5600000) (1024K)]
  0x00000211cb378620 JavaThread "Unconstrained build operations Thread 32"        [_thread_blocked, id=20312, stack(0x000000caf5600000,0x000000caf5700000) (1024K)]
  0x00000211cb376550 JavaThread "Unconstrained build operations Thread 33"        [_thread_blocked, id=19420, stack(0x000000caf5700000,0x000000caf5800000) (1024K)]
  0x00000211cb376be0 JavaThread "Unconstrained build operations Thread 34"        [_thread_blocked, id=27288, stack(0x000000caf5800000,0x000000caf5900000) (1024K)]
  0x00000211cb377900 JavaThread "Unconstrained build operations Thread 35"        [_thread_blocked, id=1456, stack(0x000000caf5900000,0x000000caf5a00000) (1024K)]
  0x00000211cb377f90 JavaThread "Unconstrained build operations Thread 36"        [_thread_blocked, id=20020, stack(0x000000caf5a00000,0x000000caf5b00000) (1024K)]
  0x00000211cc364100 JavaThread "Unconstrained build operations Thread 37"        [_thread_blocked, id=15888, stack(0x000000caf5b00000,0x000000caf5c00000) (1024K)]
  0x00000211cc367c10 JavaThread "Unconstrained build operations Thread 38"        [_thread_blocked, id=14924, stack(0x000000caf5c00000,0x000000caf5d00000) (1024K)]
  0x00000211cc3626c0 JavaThread "Unconstrained build operations Thread 39"        [_thread_blocked, id=27208, stack(0x000000caf5d00000,0x000000caf5e00000) (1024K)]
  0x00000211cc361310 JavaThread "Unconstrained build operations Thread 40"        [_thread_blocked, id=27348, stack(0x000000caf5e00000,0x000000caf5f00000) (1024K)]
  0x00000211cc364e20 JavaThread "Unconstrained build operations Thread 41"        [_thread_blocked, id=108, stack(0x000000caf5f00000,0x000000caf6000000) (1024K)]
  0x00000211cc3619a0 JavaThread "Unconstrained build operations Thread 42"        [_thread_blocked, id=15320, stack(0x000000caf6000000,0x000000caf6100000) (1024K)]
  0x00000211cc367580 JavaThread "Unconstrained build operations Thread 43"        [_thread_blocked, id=23020, stack(0x000000caf6100000,0x000000caf6200000) (1024K)]
  0x00000211cc366ef0 JavaThread "Unconstrained build operations Thread 44"        [_thread_blocked, id=23168, stack(0x000000caf6200000,0x000000caf6300000) (1024K)]
  0x00000211cc360c80 JavaThread "Unconstrained build operations Thread 45"        [_thread_blocked, id=23072, stack(0x000000caf6300000,0x000000caf6400000) (1024K)]
  0x00000211cc3633e0 JavaThread "build event listener"              [_thread_blocked, id=27604, stack(0x000000caf6400000,0x000000caf6500000) (1024K)]
  0x00000211cc3654b0 JavaThread "Memory manager"                    [_thread_blocked, id=1876, stack(0x000000caf4e00000,0x000000caf4f00000) (1024K)]
  0x00000211c9c19f40 JavaThread "build event listener"              [_thread_blocked, id=27692, stack(0x000000caf6600000,0x000000caf6700000) (1024K)]
  0x00000211c9c1b2f0 JavaThread "included builds"                   [_thread_blocked, id=22260, stack(0x000000caf6700000,0x000000caf6800000) (1024K)]
  0x00000211c9c18500 JavaThread "Execution worker"                  [_thread_blocked, id=10208, stack(0x000000caf6800000,0x000000caf6900000) (1024K)]
  0x00000211c9c1b980 JavaThread "Execution worker Thread 2"         [_thread_blocked, id=18776, stack(0x000000caf6900000,0x000000caf6a00000) (1024K)]
  0x00000211c9c17150 JavaThread "Execution worker Thread 3"         [_thread_blocked, id=9468, stack(0x000000caf6a00000,0x000000caf6b00000) (1024K)]
  0x00000211c9c149f0 JavaThread "Execution worker Thread 4"         [_thread_blocked, id=13572, stack(0x000000caf6b00000,0x000000caf6c00000) (1024K)]
  0x00000211c9c15710 JavaThread "Execution worker Thread 5"         [_thread_blocked, id=28108, stack(0x000000caf6c00000,0x000000caf6d00000) (1024K)]
  0x00000211c9c16ac0 JavaThread "Execution worker Thread 6"         [_thread_blocked, id=24628, stack(0x000000caf6d00000,0x000000caf6e00000) (1024K)]
  0x00000211c758d040 JavaThread "Execution worker Thread 7"         [_thread_blocked, id=21356, stack(0x000000caf6e00000,0x000000caf6f00000) (1024K)]
  0x00000211c758fe30 JavaThread "Cache worker for execution history cache (C:\PRAKTAM2\.gradle\9.2.1\executionHistory)"        [_thread_blocked, id=7120, stack(0x000000caf6f00000,0x000000caf7000000) (1024K)]
  0x00000211c75904c0 JavaThread "Unconstrained build operations Thread 46"        [_thread_blocked, id=26864, stack(0x000000caf7000000,0x000000caf7100000) (1024K)]
  0x00000211c7589bc0 JavaThread "Unconstrained build operations Thread 47"        [_thread_blocked, id=13472, stack(0x000000caf7100000,0x000000caf7200000) (1024K)]
  0x00000211c758c320 JavaThread "Unconstrained build operations Thread 48"        [_thread_blocked, id=24600, stack(0x000000caf7200000,0x000000caf7300000) (1024K)]
  0x00000211c758a250 JavaThread "Unconstrained build operations Thread 49"        [_thread_blocked, id=20296, stack(0x000000caf7300000,0x000000caf7400000) (1024K)]
  0x00000211c758d6d0 JavaThread "Unconstrained build operations Thread 50"        [_thread_blocked, id=12056, stack(0x000000caf7400000,0x000000caf7500000) (1024K)]
  0x00000211c758a8e0 JavaThread "Unconstrained build operations Thread 51"        [_thread_blocked, id=18992, stack(0x000000caf7500000,0x000000caf7600000) (1024K)]
  0x00000211c9c1a5d0 JavaThread "Unconstrained build operations Thread 52"        [_thread_blocked, id=25464, stack(0x000000caf7600000,0x000000caf7700000) (1024K)]
  0x00000211cc45fdb0 JavaThread "Unconstrained build operations Thread 53"        [_thread_blocked, id=19872, stack(0x000000caf7700000,0x000000caf7800000) (1024K)]
  0x00000211cc460440 JavaThread "Unconstrained build operations Thread 54"        [_thread_blocked, id=1524, stack(0x000000caf7800000,0x000000caf7900000) (1024K)]
  0x00000211cc463230 JavaThread "Unconstrained build operations Thread 55"        [_thread_blocked, id=26796, stack(0x000000caf7900000,0x000000caf7a00000) (1024K)]
  0x00000211cc463f50 JavaThread "Unconstrained build operations Thread 56"        [_thread_blocked, id=24776, stack(0x000000caf7a00000,0x000000caf7b00000) (1024K)]
  0x00000211cc460ad0 JavaThread "Unconstrained build operations Thread 57"        [_thread_blocked, id=16316, stack(0x000000caf7b00000,0x000000caf7c00000) (1024K)]
  0x00000211cc4638c0 JavaThread "Unconstrained build operations Thread 58"        [_thread_blocked, id=21036, stack(0x000000caf7c00000,0x000000caf7d00000) (1024K)]
  0x00000211cc45dce0 JavaThread "Unconstrained build operations Thread 59"        [_thread_blocked, id=27560, stack(0x000000caf7d00000,0x000000caf7e00000) (1024K)]
  0x00000211cc462510 JavaThread "Unconstrained build operations Thread 60"        [_thread_blocked, id=6184, stack(0x000000caf7e00000,0x000000caf7f00000) (1024K)]
  0x00000211cc45e370 JavaThread "Unconstrained build operations Thread 61"        [_thread_blocked, id=1200, stack(0x000000caf7f00000,0x000000caf8000000) (1024K)]
  0x00000211cc4617f0 JavaThread "Unconstrained build operations Thread 62"        [_thread_blocked, id=19920, stack(0x000000caf8000000,0x000000caf8100000) (1024K)]
  0x00000211cc462ba0 JavaThread "Unconstrained build operations Thread 63"        [_thread_blocked, id=16428, stack(0x000000caf8100000,0x000000caf8200000) (1024K)]
  0x00000211cc4645e0 JavaThread "Unconstrained build operations Thread 64"        [_thread_blocked, id=27564, stack(0x000000caf8200000,0x000000caf8300000) (1024K)]
  0x00000211cc45d650 JavaThread "Unconstrained build operations Thread 65"        [_thread_blocked, id=14184, stack(0x000000caf8300000,0x000000caf8400000) (1024K)]
  0x00000211cc464c70 JavaThread "Unconstrained build operations Thread 66"        [_thread_blocked, id=6188, stack(0x000000caf8400000,0x000000caf8500000) (1024K)]
  0x00000211cc461160 JavaThread "Unconstrained build operations Thread 67"        [_thread_blocked, id=13256, stack(0x000000caf8500000,0x000000caf8600000) (1024K)]
  0x00000211cc461e80 JavaThread "Unconstrained build operations Thread 68"        [_thread_blocked, id=24620, stack(0x000000caf8600000,0x000000caf8700000) (1024K)]
  0x00000211cc45f090 JavaThread "Unconstrained build operations Thread 69"        [_thread_blocked, id=6900, stack(0x000000caf8700000,0x000000caf8800000) (1024K)]
  0x00000211cc45f720 JavaThread "Unconstrained build operations Thread 70"        [_thread_blocked, id=7264, stack(0x000000caf8800000,0x000000caf8900000) (1024K)]
  0x00000211c91265a0 JavaThread "Unconstrained build operations Thread 71"        [_thread_blocked, id=2748, stack(0x000000caf8900000,0x000000caf8a00000) (1024K)]
  0x00000211c9c15080 JavaThread "Unconstrained build operations Thread 72"        [_thread_blocked, id=24732, stack(0x000000caf8a00000,0x000000caf8b00000) (1024K)]
  0x00000211cbf05bc0 JavaThread "Unconstrained build operations Thread 73"        [_thread_blocked, id=8536, stack(0x000000caf8b00000,0x000000caf8c00000) (1024K)]
  0x00000211d20ff3a0 JavaThread "Unconstrained build operations Thread 74"        [_thread_blocked, id=25924, stack(0x000000caf8c00000,0x000000caf8d00000) (1024K)]
  0x00000211cbb8fbb0 JavaThread "C2 CompilerThread1"         daemon [_thread_blocked, id=19688, stack(0x000000caf1000000,0x000000caf1100000) (1024K)]
  0x00000211cd69e520 JavaThread "Unconstrained build operations Thread 75"        [_thread_blocked, id=21176, stack(0x000000caf6500000,0x000000caf6600000) (1024K)]
  0x00000211cd69d800 JavaThread "WorkerExecutor Queue"              [_thread_in_native, id=18692, stack(0x000000caf8d00000,0x000000caf8e00000) (1024K)]
  0x00000211cd698940 JavaThread "Unconstrained build operations Thread 76"        [_thread_blocked, id=25068, stack(0x000000caf8e00000,0x000000caf8f00000) (1024K)]
  0x00000211cd6982b0 JavaThread "Unconstrained build operations Thread 77"        [_thread_blocked, id=8608, stack(0x000000caf8f00000,0x000000caf9000000) (1024K)]
  0x00000211cd697590 JavaThread "Unconstrained build operations Thread 78"        [_thread_blocked, id=20208, stack(0x000000caf9000000,0x000000caf9100000) (1024K)]
  0x00000211cd69ebb0 JavaThread "Unconstrained build operations Thread 79"        [_thread_blocked, id=3972, stack(0x000000caf9100000,0x000000caf9200000) (1024K)]
  0x00000211cd698fd0 JavaThread "Unconstrained build operations Thread 80"        [_thread_blocked, id=24700, stack(0x000000caf9200000,0x000000caf9300000) (1024K)]
  0x00000211cbb916f0 JavaThread "C2 CompilerThread2"         daemon [_thread_blocked, id=22236, stack(0x000000caf9400000,0x000000caf9500000) (1024K)]
  0x00000211cd693a80 JavaThread "RMI Scheduler(0)"           daemon [_thread_blocked, id=180, stack(0x000000caf9300000,0x000000caf9400000) (1024K)]
  0x00000211cd6947a0 JavaThread "RMI RenewClean-[127.0.0.1:17298,org.jetbrains.kotlin.daemon.common.LoopbackNetworkInterface$ClientLoopbackSocketFactory@5d6eddf5]" daemon [_thread_blocked, id=26508, stack(0x000000caf9500000,0x000000caf9600000) (1024K)]
  0x00000211cd690c90 JavaThread "RMI GC Daemon"              daemon [_thread_blocked, id=24204, stack(0x000000caf9600000,0x000000caf9700000) (1024K)]
  0x00000211cd5bf3e0 JavaThread "RMI TCP Accept-0"           daemon [_thread_in_native, id=20868, stack(0x000000caf9700000,0x000000caf9800000) (1024K)]
  0x00000211cd5c14b0 JavaThread "RMI Reaper"                        [_thread_blocked, id=25488, stack(0x000000caf9800000,0x000000caf9900000) (1024K)]
  0x00000211cd5bd9a0 JavaThread "RMI TCP Connection(1)-127.0.0.1" daemon [_thread_in_native, id=23300, stack(0x000000caf9900000,0x000000caf9a00000) (1024K)]
Total: 141

Other Threads:
=>0x00000211c074cd50 VMThread "VM Thread"                           [id=26888, stack(0x000000caf0500000,0x000000caf0600000) (1024K)]
  0x00000211c05bf9e0 WatcherThread "VM Periodic Task Thread"        [id=26076, stack(0x000000caf0400000,0x000000caf0500000) (1024K)]
  0x00000211a8ef5ed0 WorkerThread "GC Thread#0"                     [id=28424, stack(0x000000caeff00000,0x000000caf0000000) (1024K)]
  0x00000211c5281980 WorkerThread "GC Thread#1"                     [id=28624, stack(0x000000caf1100000,0x000000caf1200000) (1024K)]
  0x00000211c5429660 WorkerThread "GC Thread#2"                     [id=1400, stack(0x000000caf1200000,0x000000caf1300000) (1024K)]
  0x00000211c519eee0 WorkerThread "GC Thread#3"                     [id=23284, stack(0x000000caf1300000,0x000000caf1400000) (1024K)]
  0x00000211c519f280 WorkerThread "GC Thread#4"                     [id=26176, stack(0x000000caf1400000,0x000000caf1500000) (1024K)]
  0x00000211c519f620 WorkerThread "GC Thread#5"                     [id=18424, stack(0x000000caf1500000,0x000000caf1600000) (1024K)]
  0x00000211c62a07d0 WorkerThread "GC Thread#6"                     [id=24260, stack(0x000000caf1d00000,0x000000caf1e00000) (1024K)]
  0x00000211c62a12b0 WorkerThread "GC Thread#7"                     [id=17492, stack(0x000000caf1e00000,0x000000caf1f00000) (1024K)]
  0x00000211a8f06eb0 ConcurrentGCThread "G1 Main Marker"            [id=10760, stack(0x000000caf0000000,0x000000caf0100000) (1024K)]
  0x00000211a8f081c0 WorkerThread "G1 Conc#0"                       [id=22580, stack(0x000000caf0100000,0x000000caf0200000) (1024K)]
  0x00000211c62a19f0 WorkerThread "G1 Conc#1"                       [id=17476, stack(0x000000caf1f00000,0x000000caf2000000) (1024K)]
  0x00000211c0494a90 ConcurrentGCThread "G1 Refine#0"               [id=6108, stack(0x000000caf0200000,0x000000caf0300000) (1024K)]
  0x00000211c04982d0 ConcurrentGCThread "G1 Service"                [id=26932, stack(0x000000caf0300000,0x000000caf0400000) (1024K)]
Total: 15

Threads with active compile tasks:
C2 CompilerThread0  37206 20656       4       com.android.tools.r8.graph.u2::a (439 bytes)
C2 CompilerThread1  37206 20709       4       com.android.tools.r8.internal.t52::a (2026 bytes)
C2 CompilerThread2  37206 20702 %     4       com.android.tools.r8.internal.u51::a @ 1905 (3928 bytes)
Total: 3

VM state: at safepoint (normal execution)

VM Mutex/Monitor currently owned by a thread:  ([mutex/lock_event])
[0x00007ff921818690] Threads_lock - owner thread: 0x00000211c074cd50
[0x00007ff921818790] Heap_lock - owner thread: 0x00000211cb0075b0

Heap address: 0x0000000080000000, size: 2048 MB, Compressed Oops mode: 32-bit

CDS archive(s) not mapped
Compressed class space mapped at: 0x0000000100000000-0x0000000140000000, reserved size: 1073741824
Narrow klass base: 0x0000000000000000, Narrow klass shift: 3, Narrow klass range: 0x140000000

GC Precious Log:
 CardTable entry size: 512
 Card Set container configuration: InlinePtr #cards 5 size 8 Array Of Cards #cards 12 size 40 Howl #buckets 4 coarsen threshold 1843 Howl Bitmap #cards 512 size 80 coarsen threshold 460 Card regions per heap region 1 cards per card region 2048
 CPUs: 8 total, 8 available
 Memory: 16198M
 Large Page Support: Disabled
 NUMA Support: Disabled
 Compressed Oops: Enabled (32-bit)
 Heap Region Size: 1M
 Heap Min Capacity: 8M
 Heap Initial Capacity: 254M
 Heap Max Capacity: 2G
 Pre-touch: Disabled
 Parallel Workers: 8
 Concurrent Workers: 2
 Concurrent Refinement Workers: 8
 Periodic GC: Disabled

Heap:
 garbage-first heap   total 565248K, used 315780K [0x0000000080000000, 0x0000000100000000)
  region size 1024K, 13 young (13312K), 13 survivors (13312K)
 Metaspace       used 141410K, committed 143872K, reserved 1179648K
  class space    used 20034K, committed 21248K, reserved 1048576K

Heap Regions: E=young(eden), S=young(survivor), O=old, HS=humongous(starts), HC=humongous(continues), CS=collection set, F=free, TAMS=top-at-mark-start, PB=parsable bottom
|   0|0x0000000080000000, 0x0000000080100000, 0x0000000080100000|100%|HS|  |TAMS 0x0000000080000000| PB 0x0000000080000000| Complete 
|   1|0x0000000080100000, 0x0000000080200000, 0x0000000080200000|100%|HC|  |TAMS 0x0000000080100000| PB 0x0000000080100000| Complete 
|   2|0x0000000080200000, 0x0000000080300000, 0x0000000080300000|100%|HC|  |TAMS 0x0000000080200000| PB 0x0000000080200000| Complete 
|   3|0x0000000080300000, 0x0000000080400000, 0x0000000080400000|100%|HC|  |TAMS 0x0000000080300000| PB 0x0000000080300000| Complete 
|   4|0x0000000080400000, 0x0000000080500000, 0x0000000080500000|100%| O|  |TAMS 0x0000000080400000| PB 0x0000000080400000| Untracked 
|   5|0x0000000080500000, 0x00000000805efdc0, 0x0000000080600000| 93%| O|  |TAMS 0x0000000080500000| PB 0x0000000080500000| Untracked 
|   6|0x0000000080600000, 0x0000000080700000, 0x0000000080700000|100%|HS|  |TAMS 0x0000000080600000| PB 0x0000000080600000| Complete 
|   7|0x0000000080700000, 0x0000000080800000, 0x0000000080800000|100%| O|  |TAMS 0x0000000080700000| PB 0x0000000080700000| Untracked 
|   8|0x0000000080800000, 0x0000000080900000, 0x0000000080900000|100%| O|  |TAMS 0x0000000080800000| PB 0x0000000080800000| Untracked 
|   9|0x0000000080900000, 0x0000000080a00000, 0x0000000080a00000|100%| O|  |TAMS 0x0000000080900000| PB 0x0000000080900000| Untracked 
|  10|0x0000000080a00000, 0x0000000080b00000, 0x0000000080b00000|100%| O|  |TAMS 0x0000000080a00000| PB 0x0000000080a00000| Untracked 
|  11|0x0000000080b00000, 0x0000000080c00000, 0x0000000080c00000|100%| O|  |TAMS 0x0000000080b00000| PB 0x0000000080b00000| Untracked 
|  12|0x0000000080c00000, 0x0000000080d00000, 0x0000000080d00000|100%| O|  |TAMS 0x0000000080c00000| PB 0x0000000080c00000| Untracked 
|  13|0x0000000080d00000, 0x0000000080e00000, 0x0000000080e00000|100%| O|  |TAMS 0x0000000080d00000| PB 0x0000000080d00000| Untracked 
|  14|0x0000000080e00000, 0x0000000080f00000, 0x0000000080f00000|100%| O|  |TAMS 0x0000000080e00000| PB 0x0000000080e00000| Untracked 
|  15|0x0000000080f00000, 0x0000000081000000, 0x0000000081000000|100%| O|  |TAMS 0x0000000080f00000| PB 0x0000000080f00000| Untracked 
|  16|0x0000000081000000, 0x0000000081100000, 0x0000000081100000|100%| O|  |TAMS 0x0000000081000000| PB 0x0000000081000000| Untracked 
|  17|0x0000000081100000, 0x0000000081200000, 0x0000000081200000|100%| O|  |TAMS 0x0000000081100000| PB 0x0000000081100000| Untracked 
|  18|0x0000000081200000, 0x0000000081300000, 0x0000000081300000|100%| O|  |TAMS 0x0000000081200000| PB 0x0000000081200000| Untracked 
|  19|0x0000000081300000, 0x0000000081400000, 0x0000000081400000|100%| O|  |TAMS 0x0000000081300000| PB 0x0000000081300000| Untracked 
|  20|0x0000000081400000, 0x0000000081500000, 0x0000000081500000|100%| O|  |TAMS 0x0000000081400000| PB 0x0000000081400000| Untracked 
|  21|0x0000000081500000, 0x0000000081600000, 0x0000000081600000|100%| O|  |TAMS 0x0000000081500000| PB 0x0000000081500000| Untracked 
|  22|0x0000000081600000, 0x0000000081700000, 0x0000000081700000|100%| O|  |TAMS 0x0000000081600000| PB 0x0000000081600000| Untracked 
|  23|0x0000000081700000, 0x0000000081800000, 0x0000000081800000|100%| O|  |TAMS 0x0000000081700000| PB 0x0000000081700000| Untracked 
|  24|0x0000000081800000, 0x0000000081900000, 0x0000000081900000|100%| O|  |TAMS 0x0000000081800000| PB 0x0000000081800000| Untracked 
|  25|0x0000000081900000, 0x0000000081a00000, 0x0000000081a00000|100%| O|  |TAMS 0x0000000081900000| PB 0x0000000081900000| Untracked 
|  26|0x0000000081a00000, 0x0000000081b00000, 0x0000000081b00000|100%| O|  |TAMS 0x0000000081a00000| PB 0x0000000081a00000| Untracked 
|  27|0x0000000081b00000, 0x0000000081c00000, 0x0000000081c00000|100%|HS|  |TAMS 0x0000000081b00000| PB 0x0000000081b00000| Complete 
|  28|0x0000000081c00000, 0x0000000081d00000, 0x0000000081d00000|100%|HC|  |TAMS 0x0000000081c00000| PB 0x0000000081c00000| Complete 
|  29|0x0000000081d00000, 0x0000000081e00000, 0x0000000081e00000|100%| O|  |TAMS 0x0000000081d00000| PB 0x0000000081d00000| Untracked 
|  30|0x0000000081e00000, 0x0000000081f00000, 0x0000000081f00000|100%| O|  |TAMS 0x0000000081e00000| PB 0x0000000081e00000| Untracked 
|  31|0x0000000081f00000, 0x0000000082000000, 0x0000000082000000|100%| O|  |TAMS 0x0000000081f00000| PB 0x0000000081f00000| Untracked 
|  32|0x0000000082000000, 0x0000000082100000, 0x0000000082100000|100%| O|  |TAMS 0x0000000082000000| PB 0x0000000082000000| Untracked 
|  33|0x0000000082100000, 0x0000000082200000, 0x0000000082200000|100%| O|  |TAMS 0x0000000082100000| PB 0x0000000082100000| Untracked 
|  34|0x0000000082200000, 0x0000000082300000, 0x0000000082300000|100%| O|  |TAMS 0x0000000082200000| PB 0x0000000082200000| Untracked 
|  35|0x0000000082300000, 0x0000000082400000, 0x0000000082400000|100%| O|  |TAMS 0x0000000082300000| PB 0x0000000082300000| Untracked 
|  36|0x0000000082400000, 0x0000000082500000, 0x0000000082500000|100%| O|  |TAMS 0x0000000082400000| PB 0x0000000082400000| Untracked 
|  37|0x0000000082500000, 0x0000000082600000, 0x0000000082600000|100%| O|  |TAMS 0x0000000082500000| PB 0x0000000082500000| Untracked 
|  38|0x0000000082600000, 0x0000000082700000, 0x0000000082700000|100%|HS|  |TAMS 0x0000000082600000| PB 0x0000000082600000| Complete 
|  39|0x0000000082700000, 0x0000000082800000, 0x0000000082800000|100%| O|  |TAMS 0x0000000082700000| PB 0x0000000082700000| Untracked 
|  40|0x0000000082800000, 0x0000000082900000, 0x0000000082900000|100%| O|  |TAMS 0x0000000082800000| PB 0x0000000082800000| Untracked 
|  41|0x0000000082900000, 0x0000000082a00000, 0x0000000082a00000|100%|HS|  |TAMS 0x0000000082900000| PB 0x0000000082900000| Complete 
|  42|0x0000000082a00000, 0x0000000082b00000, 0x0000000082b00000|100%| O|  |TAMS 0x0000000082a00000| PB 0x0000000082a00000| Untracked 
|  43|0x0000000082b00000, 0x0000000082c00000, 0x0000000082c00000|100%| O|  |TAMS 0x0000000082b00000| PB 0x0000000082b00000| Untracked 
|  44|0x0000000082c00000, 0x0000000082d00000, 0x0000000082d00000|100%| O|  |TAMS 0x0000000082c00000| PB 0x0000000082c00000| Untracked 
|  45|0x0000000082d00000, 0x0000000082e00000, 0x0000000082e00000|100%| O|  |TAMS 0x0000000082d00000| PB 0x0000000082d00000| Untracked 
|  46|0x0000000082e00000, 0x0000000082f00000, 0x0000000082f00000|100%| O|  |TAMS 0x0000000082e00000| PB 0x0000000082e00000| Untracked 
|  47|0x0000000082f00000, 0x0000000083000000, 0x0000000083000000|100%| O|  |TAMS 0x0000000082f00000| PB 0x0000000082f00000| Untracked 
|  48|0x0000000083000000, 0x0000000083100000, 0x0000000083100000|100%| O|  |TAMS 0x0000000083000000| PB 0x0000000083000000| Untracked 
|  49|0x0000000083100000, 0x0000000083200000, 0x0000000083200000|100%| O|  |TAMS 0x0000000083100000| PB 0x0000000083100000| Untracked 
|  50|0x0000000083200000, 0x0000000083300000, 0x0000000083300000|100%|HS|  |TAMS 0x0000000083200000| PB 0x0000000083200000| Complete 
|  51|0x0000000083300000, 0x0000000083400000, 0x0000000083400000|100%| O|  |TAMS 0x0000000083300000| PB 0x0000000083300000| Untracked 
|  52|0x0000000083400000, 0x0000000083500000, 0x0000000083500000|100%| O|  |TAMS 0x0000000083400000| PB 0x0000000083400000| Untracked 
|  53|0x0000000083500000, 0x0000000083600000, 0x0000000083600000|100%| O|  |TAMS 0x0000000083500000| PB 0x0000000083500000| Untracked 
|  54|0x0000000083600000, 0x0000000083700000, 0x0000000083700000|100%|HS|  |TAMS 0x0000000083600000| PB 0x0000000083600000| Complete 
|  55|0x0000000083700000, 0x0000000083800000, 0x0000000083800000|100%|HC|  |TAMS 0x0000000083700000| PB 0x0000000083700000| Complete 
|  56|0x0000000083800000, 0x0000000083900000, 0x0000000083900000|100%| O|  |TAMS 0x0000000083800000| PB 0x0000000083800000| Untracked 
|  57|0x0000000083900000, 0x0000000083a00000, 0x0000000083a00000|100%|HS|  |TAMS 0x0000000083900000| PB 0x0000000083900000| Complete 
|  58|0x0000000083a00000, 0x0000000083b00000, 0x0000000083b00000|100%|HS|  |TAMS 0x0000000083a00000| PB 0x0000000083a00000| Complete 
|  59|0x0000000083b00000, 0x0000000083c00000, 0x0000000083c00000|100%| O|  |TAMS 0x0000000083b00000| PB 0x0000000083b00000| Untracked 
|  60|0x0000000083c00000, 0x0000000083d00000, 0x0000000083d00000|100%| O|  |TAMS 0x0000000083c00000| PB 0x0000000083c00000| Untracked 
|  61|0x0000000083d00000, 0x0000000083e00000, 0x0000000083e00000|100%| O|  |TAMS 0x0000000083d00000| PB 0x0000000083d00000| Untracked 
|  62|0x0000000083e00000, 0x0000000083f00000, 0x0000000083f00000|100%|HS|  |TAMS 0x0000000083e00000| PB 0x0000000083e00000| Complete 
|  63|0x0000000083f00000, 0x0000000084000000, 0x0000000084000000|100%| O|  |TAMS 0x0000000083f00000| PB 0x0000000083f00000| Untracked 
|  64|0x0000000084000000, 0x0000000084100000, 0x0000000084100000|100%| O|  |TAMS 0x0000000084000000| PB 0x0000000084000000| Untracked 
|  65|0x0000000084100000, 0x0000000084200000, 0x0000000084200000|100%| O|  |TAMS 0x0000000084100000| PB 0x0000000084100000| Untracked 
|  66|0x0000000084200000, 0x0000000084300000, 0x0000000084300000|100%|HS|  |TAMS 0x0000000084200000| PB 0x0000000084200000| Complete 
|  67|0x0000000084300000, 0x0000000084400000, 0x0000000084400000|100%|HC|  |TAMS 0x0000000084300000| PB 0x0000000084300000| Complete 
|  68|0x0000000084400000, 0x0000000084500000, 0x0000000084500000|100%| O|  |TAMS 0x0000000084400000| PB 0x0000000084400000| Untracked 
|  69|0x0000000084500000, 0x0000000084600000, 0x0000000084600000|100%| O|  |TAMS 0x0000000084500000| PB 0x0000000084500000| Untracked 
|  70|0x0000000084600000, 0x0000000084700000, 0x0000000084700000|100%| O|  |TAMS 0x0000000084600000| PB 0x0000000084600000| Untracked 
|  71|0x0000000084700000, 0x0000000084800000, 0x0000000084800000|100%| O|  |TAMS 0x0000000084700000| PB 0x0000000084700000| Untracked 
|  72|0x0000000084800000, 0x0000000084900000, 0x0000000084900000|100%| O|  |TAMS 0x0000000084800000| PB 0x0000000084800000| Untracked 
|  73|0x0000000084900000, 0x0000000084a00000, 0x0000000084a00000|100%| O|  |TAMS 0x0000000084900000| PB 0x0000000084900000| Untracked 
|  74|0x0000000084a00000, 0x0000000084b00000, 0x0000000084b00000|100%| O|  |TAMS 0x0000000084a00000| PB 0x0000000084a00000| Untracked 
|  75|0x0000000084b00000, 0x0000000084c00000, 0x0000000084c00000|100%| O|  |TAMS 0x0000000084b00000| PB 0x0000000084b00000| Untracked 
|  76|0x0000000084c00000, 0x0000000084d00000, 0x0000000084d00000|100%|HS|  |TAMS 0x0000000084c00000| PB 0x0000000084c00000| Complete 
|  77|0x0000000084d00000, 0x0000000084e00000, 0x0000000084e00000|100%| O|  |TAMS 0x0000000084d00000| PB 0x0000000084d00000| Untracked 
|  78|0x0000000084e00000, 0x0000000084f00000, 0x0000000084f00000|100%| O|  |TAMS 0x0000000084e00000| PB 0x0000000084e00000| Untracked 
|  79|0x0000000084f00000, 0x0000000085000000, 0x0000000085000000|100%| O|  |TAMS 0x0000000084f00000| PB 0x0000000084f00000| Untracked 
|  80|0x0000000085000000, 0x0000000085100000, 0x0000000085100000|100%| O|  |TAMS 0x0000000085000000| PB 0x0000000085000000| Untracked 
|  81|0x0000000085100000, 0x0000000085200000, 0x0000000085200000|100%| O|  |TAMS 0x0000000085100000| PB 0x0000000085100000| Untracked 
|  82|0x0000000085200000, 0x0000000085300000, 0x0000000085300000|100%| O|  |TAMS 0x0000000085200000| PB 0x0000000085200000| Untracked 
|  83|0x0000000085300000, 0x0000000085400000, 0x0000000085400000|100%| O|  |TAMS 0x0000000085300000| PB 0x0000000085300000| Untracked 
|  84|0x0000000085400000, 0x0000000085500000, 0x0000000085500000|100%| O|  |TAMS 0x0000000085400000| PB 0x0000000085400000| Untracked 
|  85|0x0000000085500000, 0x0000000085600000, 0x0000000085600000|100%| O|  |TAMS 0x0000000085500000| PB 0x0000000085500000| Untracked 
|  86|0x0000000085600000, 0x0000000085700000, 0x0000000085700000|100%| O|  |TAMS 0x0000000085600000| PB 0x0000000085600000| Untracked 
|  87|0x0000000085700000, 0x0000000085800000, 0x0000000085800000|100%| O|  |TAMS 0x0000000085700000| PB 0x0000000085700000| Untracked 
|  88|0x0000000085800000, 0x0000000085900000, 0x0000000085900000|100%| O|  |TAMS 0x0000000085800000| PB 0x0000000085800000| Untracked 
|  89|0x0000000085900000, 0x0000000085a00000, 0x0000000085a00000|100%| O|  |TAMS 0x0000000085900000| PB 0x0000000085900000| Untracked 
|  90|0x0000000085a00000, 0x0000000085b00000, 0x0000000085b00000|100%| O|  |TAMS 0x0000000085a00000| PB 0x0000000085a00000| Untracked 
|  91|0x0000000085b00000, 0x0000000085c00000, 0x0000000085c00000|100%| O|  |TAMS 0x0000000085b00000| PB 0x0000000085b00000| Untracked 
|  92|0x0000000085c00000, 0x0000000085d00000, 0x0000000085d00000|100%| O|  |TAMS 0x0000000085c00000| PB 0x0000000085c00000| Untracked 
|  93|0x0000000085d00000, 0x0000000085e00000, 0x0000000085e00000|100%| O|  |TAMS 0x0000000085d00000| PB 0x0000000085d00000| Untracked 
|  94|0x0000000085e00000, 0x0000000085f00000, 0x0000000085f00000|100%| O|  |TAMS 0x0000000085e00000| PB 0x0000000085e00000| Untracked 
|  95|0x0000000085f00000, 0x0000000086000000, 0x0000000086000000|100%| O|  |TAMS 0x0000000085f00000| PB 0x0000000085f00000| Untracked 
|  96|0x0000000086000000, 0x0000000086100000, 0x0000000086100000|100%| O|  |TAMS 0x0000000086000000| PB 0x0000000086000000| Untracked 
|  97|0x0000000086100000, 0x0000000086200000, 0x0000000086200000|100%| O|  |TAMS 0x0000000086100000| PB 0x0000000086100000| Untracked 
|  98|0x0000000086200000, 0x0000000086300000, 0x0000000086300000|100%| O|  |TAMS 0x0000000086200000| PB 0x0000000086200000| Untracked 
|  99|0x0000000086300000, 0x0000000086400000, 0x0000000086400000|100%| O|  |TAMS 0x0000000086300000| PB 0x0000000086300000| Untracked 
| 100|0x0000000086400000, 0x0000000086500000, 0x0000000086500000|100%| O|  |TAMS 0x0000000086400000| PB 0x0000000086400000| Untracked 
| 101|0x0000000086500000, 0x0000000086600000, 0x0000000086600000|100%| O|  |TAMS 0x0000000086500000| PB 0x0000000086500000| Untracked 
| 102|0x0000000086600000, 0x0000000086700000, 0x0000000086700000|100%|HS|  |TAMS 0x0000000086600000| PB 0x0000000086600000| Complete 
| 103|0x0000000086700000, 0x0000000086800000, 0x0000000086800000|100%|HC|  |TAMS 0x0000000086700000| PB 0x0000000086700000| Complete 
| 104|0x0000000086800000, 0x0000000086900000, 0x0000000086900000|100%|HC|  |TAMS 0x0000000086800000| PB 0x0000000086800000| Complete 
| 105|0x0000000086900000, 0x0000000086a00000, 0x0000000086a00000|100%| O|  |TAMS 0x0000000086900000| PB 0x0000000086900000| Untracked 
| 106|0x0000000086a00000, 0x0000000086b00000, 0x0000000086b00000|100%| O|  |TAMS 0x0000000086a00000| PB 0x0000000086a00000| Untracked 
| 107|0x0000000086b00000, 0x0000000086c00000, 0x0000000086c00000|100%| O|  |TAMS 0x0000000086b00000| PB 0x0000000086b00000| Untracked 
| 108|0x0000000086c00000, 0x0000000086d00000, 0x0000000086d00000|100%| O|  |TAMS 0x0000000086c00000| PB 0x0000000086c00000| Untracked 
| 109|0x0000000086d00000, 0x0000000086e00000, 0x0000000086e00000|100%| O|  |TAMS 0x0000000086d00000| PB 0x0000000086d00000| Untracked 
| 110|0x0000000086e00000, 0x0000000086f00000, 0x0000000086f00000|100%| O|  |TAMS 0x0000000086e00000| PB 0x0000000086e00000| Untracked 
| 111|0x0000000086f00000, 0x0000000087000000, 0x0000000087000000|100%| O|  |TAMS 0x0000000086f00000| PB 0x0000000086f00000| Untracked 
| 112|0x0000000087000000, 0x0000000087100000, 0x0000000087100000|100%| O|  |TAMS 0x0000000087000000| PB 0x0000000087000000| Untracked 
| 113|0x0000000087100000, 0x0000000087200000, 0x0000000087200000|100%| O|  |TAMS 0x0000000087100000| PB 0x0000000087100000| Untracked 
| 114|0x0000000087200000, 0x0000000087300000, 0x0000000087300000|100%| O|  |TAMS 0x0000000087200000| PB 0x0000000087200000| Untracked 
| 115|0x0000000087300000, 0x0000000087400000, 0x0000000087400000|100%| O|  |TAMS 0x0000000087300000| PB 0x0000000087300000| Untracked 
| 116|0x0000000087400000, 0x0000000087500000, 0x0000000087500000|100%| O|  |TAMS 0x0000000087400000| PB 0x0000000087400000| Untracked 
| 117|0x0000000087500000, 0x0000000087600000, 0x0000000087600000|100%| O|  |TAMS 0x0000000087500000| PB 0x0000000087500000| Untracked 
| 118|0x0000000087600000, 0x0000000087700000, 0x0000000087700000|100%| O|  |TAMS 0x0000000087600000| PB 0x0000000087600000| Untracked 
| 119|0x0000000087700000, 0x0000000087800000, 0x0000000087800000|100%| O|  |TAMS 0x0000000087700000| PB 0x0000000087700000| Untracked 
| 120|0x0000000087800000, 0x0000000087900000, 0x0000000087900000|100%| O|  |TAMS 0x0000000087800000| PB 0x0000000087800000| Untracked 
| 121|0x0000000087900000, 0x0000000087a00000, 0x0000000087a00000|100%| O|  |TAMS 0x0000000087900000| PB 0x0000000087900000| Untracked 
| 122|0x0000000087a00000, 0x0000000087b00000, 0x0000000087b00000|100%| O|  |TAMS 0x0000000087a00000| PB 0x0000000087a00000| Untracked 
| 123|0x0000000087b00000, 0x0000000087c00000, 0x0000000087c00000|100%| O|  |TAMS 0x0000000087b00000| PB 0x0000000087b00000| Untracked 
| 124|0x0000000087c00000, 0x0000000087d00000, 0x0000000087d00000|100%| O|  |TAMS 0x0000000087c00000| PB 0x0000000087c00000| Untracked 
| 125|0x0000000087d00000, 0x0000000087e00000, 0x0000000087e00000|100%| O|  |TAMS 0x0000000087d00000| PB 0x0000000087d00000| Untracked 
| 126|0x0000000087e00000, 0x0000000087f00000, 0x0000000087f00000|100%| O|  |TAMS 0x0000000087e00000| PB 0x0000000087e00000| Untracked 
| 127|0x0000000087f00000, 0x0000000088000000, 0x0000000088000000|100%| O|  |TAMS 0x0000000087f00000| PB 0x0000000087f00000| Untracked 
| 128|0x0000000088000000, 0x0000000088100000, 0x0000000088100000|100%| O|  |TAMS 0x0000000088000000| PB 0x0000000088000000| Untracked 
| 129|0x0000000088100000, 0x0000000088200000, 0x0000000088200000|100%| O|  |TAMS 0x0000000088100000| PB 0x0000000088100000| Untracked 
| 130|0x0000000088200000, 0x0000000088300000, 0x0000000088300000|100%| O|  |TAMS 0x0000000088200000| PB 0x0000000088200000| Untracked 
| 131|0x0000000088300000, 0x0000000088400000, 0x0000000088400000|100%| O|  |TAMS 0x0000000088300000| PB 0x0000000088300000| Untracked 
| 132|0x0000000088400000, 0x0000000088500000, 0x0000000088500000|100%| O|  |TAMS 0x0000000088400000| PB 0x0000000088400000| Untracked 
| 133|0x0000000088500000, 0x0000000088600000, 0x0000000088600000|100%| O|  |TAMS 0x0000000088500000| PB 0x0000000088500000| Untracked 
| 134|0x0000000088600000, 0x0000000088700000, 0x0000000088700000|100%| O|  |TAMS 0x0000000088600000| PB 0x0000000088600000| Untracked 
| 135|0x0000000088700000, 0x0000000088800000, 0x0000000088800000|100%| O|  |TAMS 0x0000000088700000| PB 0x0000000088700000| Untracked 
| 136|0x0000000088800000, 0x0000000088900000, 0x0000000088900000|100%| O|  |TAMS 0x0000000088800000| PB 0x0000000088800000| Untracked 
| 137|0x0000000088900000, 0x0000000088a00000, 0x0000000088a00000|100%| O|  |TAMS 0x0000000088900000| PB 0x0000000088900000| Untracked 
| 138|0x0000000088a00000, 0x0000000088b00000, 0x0000000088b00000|100%| O|  |TAMS 0x0000000088a00000| PB 0x0000000088a00000| Untracked 
| 139|0x0000000088b00000, 0x0000000088c00000, 0x0000000088c00000|100%| O|  |TAMS 0x0000000088b00000| PB 0x0000000088b00000| Untracked 
| 140|0x0000000088c00000, 0x0000000088d00000, 0x0000000088d00000|100%| O|  |TAMS 0x0000000088c00000| PB 0x0000000088c00000| Untracked 
| 141|0x0000000088d00000, 0x0000000088e00000, 0x0000000088e00000|100%| O|  |TAMS 0x0000000088d00000| PB 0x0000000088d00000| Untracked 
| 142|0x0000000088e00000, 0x0000000088f00000, 0x0000000088f00000|100%| O|  |TAMS 0x0000000088e00000| PB 0x0000000088e00000| Untracked 
| 143|0x0000000088f00000, 0x0000000089000000, 0x0000000089000000|100%| O|  |TAMS 0x0000000088f00000| PB 0x0000000088f00000| Untracked 
| 144|0x0000000089000000, 0x0000000089100000, 0x0000000089100000|100%| O|  |TAMS 0x0000000089000000| PB 0x0000000089000000| Untracked 
| 145|0x0000000089100000, 0x0000000089200000, 0x0000000089200000|100%| O|  |TAMS 0x0000000089100000| PB 0x0000000089100000| Untracked 
| 146|0x0000000089200000, 0x0000000089300000, 0x0000000089300000|100%| O|  |TAMS 0x0000000089200000| PB 0x0000000089200000| Untracked 
| 147|0x0000000089300000, 0x0000000089400000, 0x0000000089400000|100%| O|  |TAMS 0x0000000089300000| PB 0x0000000089300000| Untracked 
| 148|0x0000000089400000, 0x0000000089500000, 0x0000000089500000|100%| O|  |TAMS 0x0000000089400000| PB 0x0000000089400000| Untracked 
| 149|0x0000000089500000, 0x0000000089600000, 0x0000000089600000|100%| O|  |TAMS 0x0000000089500000| PB 0x0000000089500000| Untracked 
| 150|0x0000000089600000, 0x0000000089600000, 0x0000000089700000|  0%| F|  |TAMS 0x0000000089600000| PB 0x0000000089600000| Untracked 
| 151|0x0000000089700000, 0x0000000089800000, 0x0000000089800000|100%| O|  |TAMS 0x0000000089700000| PB 0x0000000089700000| Untracked 
| 152|0x0000000089800000, 0x0000000089800000, 0x0000000089900000|  0%| F|  |TAMS 0x0000000089800000| PB 0x0000000089800000| Untracked 
| 153|0x0000000089900000, 0x0000000089a00000, 0x0000000089a00000|100%| O|  |TAMS 0x0000000089900000| PB 0x0000000089900000| Untracked 
| 154|0x0000000089a00000, 0x0000000089b00000, 0x0000000089b00000|100%| O|  |TAMS 0x0000000089a00000| PB 0x0000000089a00000| Untracked 
| 155|0x0000000089b00000, 0x0000000089c00000, 0x0000000089c00000|100%| O|  |TAMS 0x0000000089b00000| PB 0x0000000089b00000| Untracked 
| 156|0x0000000089c00000, 0x0000000089d00000, 0x0000000089d00000|100%| O|  |TAMS 0x0000000089c00000| PB 0x0000000089c00000| Untracked 
| 157|0x0000000089d00000, 0x0000000089e00000, 0x0000000089e00000|100%| O|  |TAMS 0x0000000089d00000| PB 0x0000000089d00000| Untracked 
| 158|0x0000000089e00000, 0x0000000089f00000, 0x0000000089f00000|100%| O|  |TAMS 0x0000000089e00000| PB 0x0000000089e00000| Untracked 
| 159|0x0000000089f00000, 0x000000008a000000, 0x000000008a000000|100%| O|  |TAMS 0x0000000089f00000| PB 0x0000000089f00000| Untracked 
| 160|0x000000008a000000, 0x000000008a100000, 0x000000008a100000|100%| O|  |TAMS 0x000000008a000000| PB 0x000000008a000000| Untracked 
| 161|0x000000008a100000, 0x000000008a200000, 0x000000008a200000|100%| O|  |TAMS 0x000000008a100000| PB 0x000000008a100000| Untracked 
| 162|0x000000008a200000, 0x000000008a300000, 0x000000008a300000|100%| O|  |TAMS 0x000000008a200000| PB 0x000000008a200000| Untracked 
| 163|0x000000008a300000, 0x000000008a400000, 0x000000008a400000|100%| O|  |TAMS 0x000000008a300000| PB 0x000000008a300000| Untracked 
| 164|0x000000008a400000, 0x000000008a500000, 0x000000008a500000|100%| O|  |TAMS 0x000000008a400000| PB 0x000000008a400000| Untracked 
| 165|0x000000008a500000, 0x000000008a600000, 0x000000008a600000|100%| O|  |TAMS 0x000000008a500000| PB 0x000000008a500000| Untracked 
| 166|0x000000008a600000, 0x000000008a700000, 0x000000008a700000|100%| O|  |TAMS 0x000000008a600000| PB 0x000000008a600000| Untracked 
| 167|0x000000008a700000, 0x000000008a800000, 0x000000008a800000|100%| O|  |TAMS 0x000000008a700000| PB 0x000000008a700000| Untracked 
| 168|0x000000008a800000, 0x000000008a900000, 0x000000008a900000|100%| O|  |TAMS 0x000000008a800000| PB 0x000000008a800000| Untracked 
| 169|0x000000008a900000, 0x000000008aa00000, 0x000000008aa00000|100%| O|  |TAMS 0x000000008a900000| PB 0x000000008a900000| Untracked 
| 170|0x000000008aa00000, 0x000000008ab00000, 0x000000008ab00000|100%| O|  |TAMS 0x000000008aa00000| PB 0x000000008aa00000| Untracked 
| 171|0x000000008ab00000, 0x000000008ac00000, 0x000000008ac00000|100%| O|  |TAMS 0x000000008ab00000| PB 0x000000008ab00000| Untracked 
| 172|0x000000008ac00000, 0x000000008ad00000, 0x000000008ad00000|100%| O|  |TAMS 0x000000008ac00000| PB 0x000000008ac00000| Untracked 
| 173|0x000000008ad00000, 0x000000008ae00000, 0x000000008ae00000|100%| O|  |TAMS 0x000000008ad00000| PB 0x000000008ad00000| Untracked 
| 174|0x000000008ae00000, 0x000000008af00000, 0x000000008af00000|100%| O|  |TAMS 0x000000008ae00000| PB 0x000000008ae00000| Untracked 
| 175|0x000000008af00000, 0x000000008b000000, 0x000000008b000000|100%| O|  |TAMS 0x000000008af00000| PB 0x000000008af00000| Untracked 
| 176|0x000000008b000000, 0x000000008b100000, 0x000000008b100000|100%| O|  |TAMS 0x000000008b000000| PB 0x000000008b000000| Untracked 
| 177|0x000000008b100000, 0x000000008b200000, 0x000000008b200000|100%| O|  |TAMS 0x000000008b100000| PB 0x000000008b100000| Untracked 
| 178|0x000000008b200000, 0x000000008b300000, 0x000000008b300000|100%| O|  |TAMS 0x000000008b200000| PB 0x000000008b200000| Untracked 
| 179|0x000000008b300000, 0x000000008b400000, 0x000000008b400000|100%| O|  |TAMS 0x000000008b300000| PB 0x000000008b300000| Untracked 
| 180|0x000000008b400000, 0x000000008b500000, 0x000000008b500000|100%| O|  |TAMS 0x000000008b400000| PB 0x000000008b400000| Untracked 
| 181|0x000000008b500000, 0x000000008b600000, 0x000000008b600000|100%| O|  |TAMS 0x000000008b500000| PB 0x000000008b500000| Untracked 
| 182|0x000000008b600000, 0x000000008b700000, 0x000000008b700000|100%| O|  |TAMS 0x000000008b600000| PB 0x000000008b600000| Untracked 
| 183|0x000000008b700000, 0x000000008b800000, 0x000000008b800000|100%| O|  |TAMS 0x000000008b700000| PB 0x000000008b700000| Untracked 
| 184|0x000000008b800000, 0x000000008b900000, 0x000000008b900000|100%| O|  |TAMS 0x000000008b800000| PB 0x000000008b800000| Untracked 
| 185|0x000000008b900000, 0x000000008ba00000, 0x000000008ba00000|100%| O|  |TAMS 0x000000008b900000| PB 0x000000008b900000| Untracked 
| 186|0x000000008ba00000, 0x000000008bb00000, 0x000000008bb00000|100%| O|  |TAMS 0x000000008ba00000| PB 0x000000008ba00000| Untracked 
| 187|0x000000008bb00000, 0x000000008bc00000, 0x000000008bc00000|100%| O|  |TAMS 0x000000008bb00000| PB 0x000000008bb00000| Untracked 
| 188|0x000000008bc00000, 0x000000008bd00000, 0x000000008bd00000|100%| O|  |TAMS 0x000000008bc00000| PB 0x000000008bc00000| Untracked 
| 189|0x000000008bd00000, 0x000000008be00000, 0x000000008be00000|100%| O|  |TAMS 0x000000008bd00000| PB 0x000000008bd00000| Untracked 
| 190|0x000000008be00000, 0x000000008bf00000, 0x000000008bf00000|100%| O|  |TAMS 0x000000008be00000| PB 0x000000008be00000| Untracked 
| 191|0x000000008bf00000, 0x000000008c000000, 0x000000008c000000|100%| O|  |TAMS 0x000000008bf00000| PB 0x000000008bf00000| Untracked 
| 192|0x000000008c000000, 0x000000008c100000, 0x000000008c100000|100%| O|  |TAMS 0x000000008c000000| PB 0x000000008c000000| Untracked 
| 193|0x000000008c100000, 0x000000008c200000, 0x000000008c200000|100%| O|  |TAMS 0x000000008c100000| PB 0x000000008c100000| Untracked 
| 194|0x000000008c200000, 0x000000008c300000, 0x000000008c300000|100%| O|  |TAMS 0x000000008c200000| PB 0x000000008c200000| Untracked 
| 195|0x000000008c300000, 0x000000008c400000, 0x000000008c400000|100%| O|  |TAMS 0x000000008c300000| PB 0x000000008c300000| Untracked 
| 196|0x000000008c400000, 0x000000008c500000, 0x000000008c500000|100%| O|  |TAMS 0x000000008c400000| PB 0x000000008c400000| Untracked 
| 197|0x000000008c500000, 0x000000008c600000, 0x000000008c600000|100%| O|  |TAMS 0x000000008c500000| PB 0x000000008c500000| Untracked 
| 198|0x000000008c600000, 0x000000008c700000, 0x000000008c700000|100%| O|  |TAMS 0x000000008c600000| PB 0x000000008c600000| Untracked 
| 199|0x000000008c700000, 0x000000008c800000, 0x000000008c800000|100%| O|  |TAMS 0x000000008c700000| PB 0x000000008c700000| Untracked 
| 200|0x000000008c800000, 0x000000008c900000, 0x000000008c900000|100%| O|  |TAMS 0x000000008c800000| PB 0x000000008c800000| Untracked 
| 201|0x000000008c900000, 0x000000008ca00000, 0x000000008ca00000|100%| O|  |TAMS 0x000000008c900000| PB 0x000000008c900000| Untracked 
| 202|0x000000008ca00000, 0x000000008cb00000, 0x000000008cb00000|100%| O|  |TAMS 0x000000008ca00000| PB 0x000000008ca00000| Untracked 
| 203|0x000000008cb00000, 0x000000008cc00000, 0x000000008cc00000|100%| O|  |TAMS 0x000000008cb00000| PB 0x000000008cb00000| Untracked 
| 204|0x000000008cc00000, 0x000000008cd00000, 0x000000008cd00000|100%| O|  |TAMS 0x000000008cc00000| PB 0x000000008cc00000| Untracked 
| 205|0x000000008cd00000, 0x000000008ce00000, 0x000000008ce00000|100%| O|  |TAMS 0x000000008cd00000| PB 0x000000008cd00000| Untracked 
| 206|0x000000008ce00000, 0x000000008cf00000, 0x000000008cf00000|100%| O|  |TAMS 0x000000008ce00000| PB 0x000000008ce00000| Untracked 
| 207|0x000000008cf00000, 0x000000008d000000, 0x000000008d000000|100%| O|  |TAMS 0x000000008cf00000| PB 0x000000008cf00000| Untracked 
| 208|0x000000008d000000, 0x000000008d100000, 0x000000008d100000|100%| O|  |TAMS 0x000000008d000000| PB 0x000000008d000000| Untracked 
| 209|0x000000008d100000, 0x000000008d200000, 0x000000008d200000|100%| O|  |TAMS 0x000000008d100000| PB 0x000000008d100000| Untracked 
| 210|0x000000008d200000, 0x000000008d300000, 0x000000008d300000|100%| O|  |TAMS 0x000000008d200000| PB 0x000000008d200000| Untracked 
| 211|0x000000008d300000, 0x000000008d400000, 0x000000008d400000|100%| O|  |TAMS 0x000000008d300000| PB 0x000000008d300000| Untracked 
| 212|0x000000008d400000, 0x000000008d500000, 0x000000008d500000|100%| O|  |TAMS 0x000000008d400000| PB 0x000000008d400000| Untracked 
| 213|0x000000008d500000, 0x000000008d600000, 0x000000008d600000|100%| O|  |TAMS 0x000000008d500000| PB 0x000000008d500000| Untracked 
| 214|0x000000008d600000, 0x000000008d700000, 0x000000008d700000|100%| O|  |TAMS 0x000000008d600000| PB 0x000000008d600000| Untracked 
| 215|0x000000008d700000, 0x000000008d700000, 0x000000008d800000|  0%| F|  |TAMS 0x000000008d700000| PB 0x000000008d700000| Untracked 
| 216|0x000000008d800000, 0x000000008d900000, 0x000000008d900000|100%| O|  |TAMS 0x000000008d800000| PB 0x000000008d800000| Untracked 
| 217|0x000000008d900000, 0x000000008da00000, 0x000000008da00000|100%| O|  |TAMS 0x000000008d900000| PB 0x000000008d900000| Untracked 
| 218|0x000000008da00000, 0x000000008db00000, 0x000000008db00000|100%| O|  |TAMS 0x000000008da00000| PB 0x000000008da00000| Untracked 
| 219|0x000000008db00000, 0x000000008db00000, 0x000000008dc00000|  0%| F|  |TAMS 0x000000008db00000| PB 0x000000008db00000| Untracked 
| 220|0x000000008dc00000, 0x000000008dd00000, 0x000000008dd00000|100%| O|  |TAMS 0x000000008dc00000| PB 0x000000008dc00000| Untracked 
| 221|0x000000008dd00000, 0x000000008de00000, 0x000000008de00000|100%| O|  |TAMS 0x000000008dd00000| PB 0x000000008dd00000| Untracked 
| 222|0x000000008de00000, 0x000000008df00000, 0x000000008df00000|100%| O|  |TAMS 0x000000008de00000| PB 0x000000008de00000| Untracked 
| 223|0x000000008df00000, 0x000000008e000000, 0x000000008e000000|100%| O|  |TAMS 0x000000008df00000| PB 0x000000008df00000| Untracked 
| 224|0x000000008e000000, 0x000000008e100000, 0x000000008e100000|100%| O|  |TAMS 0x000000008e000000| PB 0x000000008e000000| Untracked 
| 225|0x000000008e100000, 0x000000008e200000, 0x000000008e200000|100%| O|  |TAMS 0x000000008e100000| PB 0x000000008e100000| Untracked 
| 226|0x000000008e200000, 0x000000008e300000, 0x000000008e300000|100%| O|  |TAMS 0x000000008e200000| PB 0x000000008e200000| Untracked 
| 227|0x000000008e300000, 0x000000008e400000, 0x000000008e400000|100%| O|  |TAMS 0x000000008e300000| PB 0x000000008e300000| Untracked 
| 228|0x000000008e400000, 0x000000008e500000, 0x000000008e500000|100%| O|  |TAMS 0x000000008e400000| PB 0x000000008e400000| Untracked 
| 229|0x000000008e500000, 0x000000008e600000, 0x000000008e600000|100%| O|  |TAMS 0x000000008e500000| PB 0x000000008e500000| Untracked 
| 230|0x000000008e600000, 0x000000008e700000, 0x000000008e700000|100%| O|  |TAMS 0x000000008e600000| PB 0x000000008e600000| Untracked 
| 231|0x000000008e700000, 0x000000008e800000, 0x000000008e800000|100%| O|  |TAMS 0x000000008e700000| PB 0x000000008e700000| Untracked 
| 232|0x000000008e800000, 0x000000008e900000, 0x000000008e900000|100%| O|  |TAMS 0x000000008e800000| PB 0x000000008e800000| Untracked 
| 233|0x000000008e900000, 0x000000008ea00000, 0x000000008ea00000|100%| O|  |TAMS 0x000000008e900000| PB 0x000000008e900000| Untracked 
| 234|0x000000008ea00000, 0x000000008eb00000, 0x000000008eb00000|100%| O|  |TAMS 0x000000008ea00000| PB 0x000000008ea00000| Untracked 
| 235|0x000000008eb00000, 0x000000008ec00000, 0x000000008ec00000|100%| O|  |TAMS 0x000000008eb00000| PB 0x000000008eb00000| Untracked 
| 236|0x000000008ec00000, 0x000000008ed00000, 0x000000008ed00000|100%| O|  |TAMS 0x000000008ec00000| PB 0x000000008ec00000| Untracked 
| 237|0x000000008ed00000, 0x000000008ee00000, 0x000000008ee00000|100%| O|  |TAMS 0x000000008ed00000| PB 0x000000008ed00000| Untracked 
| 238|0x000000008ee00000, 0x000000008ef00000, 0x000000008ef00000|100%| O|  |TAMS 0x000000008ee00000| PB 0x000000008ee00000| Untracked 
| 239|0x000000008ef00000, 0x000000008f000000, 0x000000008f000000|100%| O|  |TAMS 0x000000008ef00000| PB 0x000000008ef00000| Untracked 
| 240|0x000000008f000000, 0x000000008f100000, 0x000000008f100000|100%| O|  |TAMS 0x000000008f000000| PB 0x000000008f000000| Untracked 
| 241|0x000000008f100000, 0x000000008f200000, 0x000000008f200000|100%| O|  |TAMS 0x000000008f100000| PB 0x000000008f100000| Untracked 
| 242|0x000000008f200000, 0x000000008f300000, 0x000000008f300000|100%| O|  |TAMS 0x000000008f200000| PB 0x000000008f200000| Untracked 
| 243|0x000000008f300000, 0x000000008f400000, 0x000000008f400000|100%| O|  |TAMS 0x000000008f300000| PB 0x000000008f300000| Untracked 
| 244|0x000000008f400000, 0x000000008f500000, 0x000000008f500000|100%| O|  |TAMS 0x000000008f400000| PB 0x000000008f400000| Untracked 
| 245|0x000000008f500000, 0x000000008f600000, 0x000000008f600000|100%| O|  |TAMS 0x000000008f500000| PB 0x000000008f500000| Untracked 
| 246|0x000000008f600000, 0x000000008f700000, 0x000000008f700000|100%| O|  |TAMS 0x000000008f600000| PB 0x000000008f600000| Untracked 
| 247|0x000000008f700000, 0x000000008f800000, 0x000000008f800000|100%| O|  |TAMS 0x000000008f700000| PB 0x000000008f700000| Untracked 
| 248|0x000000008f800000, 0x000000008f900000, 0x000000008f900000|100%| O|  |TAMS 0x000000008f800000| PB 0x000000008f800000| Untracked 
| 249|0x000000008f900000, 0x000000008f900000, 0x000000008fa00000|  0%| F|  |TAMS 0x000000008f900000| PB 0x000000008f900000| Untracked 
| 250|0x000000008fa00000, 0x000000008fa00000, 0x000000008fb00000|  0%| F|  |TAMS 0x000000008fa00000| PB 0x000000008fa00000| Untracked 
| 251|0x000000008fb00000, 0x000000008fb00000, 0x000000008fc00000|  0%| F|  |TAMS 0x000000008fb00000| PB 0x000000008fb00000| Untracked 
| 252|0x000000008fc00000, 0x000000008fd00000, 0x000000008fd00000|100%| O|  |TAMS 0x000000008fc00000| PB 0x000000008fc00000| Untracked 
| 253|0x000000008fd00000, 0x000000008fe00000, 0x000000008fe00000|100%| O|  |TAMS 0x000000008fd00000| PB 0x000000008fd00000| Untracked 
| 254|0x000000008fe00000, 0x000000008ff00000, 0x000000008ff00000|100%| O|  |TAMS 0x000000008fe00000| PB 0x000000008fe00000| Untracked 
| 255|0x000000008ff00000, 0x0000000090000000, 0x0000000090000000|100%| O|  |TAMS 0x000000008ff00000| PB 0x000000008ff00000| Untracked 
| 256|0x0000000090000000, 0x0000000090000000, 0x0000000090100000|  0%| F|  |TAMS 0x0000000090000000| PB 0x0000000090000000| Untracked 
| 257|0x0000000090100000, 0x0000000090200000, 0x0000000090200000|100%| O|  |TAMS 0x0000000090100000| PB 0x0000000090100000| Untracked 
| 258|0x0000000090200000, 0x0000000090300000, 0x0000000090300000|100%| O|  |TAMS 0x0000000090200000| PB 0x0000000090200000| Untracked 
| 259|0x0000000090300000, 0x0000000090400000, 0x0000000090400000|100%| O|  |TAMS 0x0000000090300000| PB 0x0000000090300000| Untracked 
| 260|0x0000000090400000, 0x0000000090500000, 0x0000000090500000|100%| O|  |TAMS 0x0000000090400000| PB 0x0000000090400000| Untracked 
| 261|0x0000000090500000, 0x0000000090600000, 0x0000000090600000|100%| O|  |TAMS 0x0000000090500000| PB 0x0000000090500000| Untracked 
| 262|0x0000000090600000, 0x0000000090700000, 0x0000000090700000|100%| O|  |TAMS 0x0000000090600000| PB 0x0000000090600000| Untracked 
| 263|0x0000000090700000, 0x0000000090800000, 0x0000000090800000|100%| O|  |TAMS 0x0000000090700000| PB 0x0000000090700000| Untracked 
| 264|0x0000000090800000, 0x0000000090900000, 0x0000000090900000|100%| O|  |TAMS 0x0000000090800000| PB 0x0000000090800000| Untracked 
| 265|0x0000000090900000, 0x0000000090a00000, 0x0000000090a00000|100%| O|  |TAMS 0x0000000090900000| PB 0x0000000090900000| Untracked 
| 266|0x0000000090a00000, 0x0000000090b00000, 0x0000000090b00000|100%| O|  |TAMS 0x0000000090a00000| PB 0x0000000090a00000| Untracked 
| 267|0x0000000090b00000, 0x0000000090c00000, 0x0000000090c00000|100%| O|  |TAMS 0x0000000090b00000| PB 0x0000000090b00000| Untracked 
| 268|0x0000000090c00000, 0x0000000090d00000, 0x0000000090d00000|100%| O|  |TAMS 0x0000000090c00000| PB 0x0000000090c00000| Untracked 
| 269|0x0000000090d00000, 0x0000000090e00000, 0x0000000090e00000|100%| O|  |TAMS 0x0000000090d00000| PB 0x0000000090d00000| Untracked 
| 270|0x0000000090e00000, 0x0000000090f00000, 0x0000000090f00000|100%| O|  |TAMS 0x0000000090e00000| PB 0x0000000090e00000| Untracked 
| 271|0x0000000090f00000, 0x0000000091000000, 0x0000000091000000|100%| O|  |TAMS 0x0000000090f00000| PB 0x0000000090f00000| Untracked 
| 272|0x0000000091000000, 0x0000000091000000, 0x0000000091100000|  0%| F|  |TAMS 0x0000000091000000| PB 0x0000000091000000| Untracked 
| 273|0x0000000091100000, 0x0000000091200000, 0x0000000091200000|100%| O|  |TAMS 0x0000000091100000| PB 0x0000000091100000| Untracked 
| 274|0x0000000091200000, 0x0000000091300000, 0x0000000091300000|100%| O|  |TAMS 0x0000000091200000| PB 0x0000000091200000| Untracked 
| 275|0x0000000091300000, 0x0000000091400000, 0x0000000091400000|100%| O|  |TAMS 0x0000000091300000| PB 0x0000000091300000| Untracked 
| 276|0x0000000091400000, 0x0000000091500000, 0x0000000091500000|100%| O|  |TAMS 0x0000000091400000| PB 0x0000000091400000| Untracked 
| 277|0x0000000091500000, 0x0000000091600000, 0x0000000091600000|100%| O|  |TAMS 0x0000000091500000| PB 0x0000000091500000| Untracked 
| 278|0x0000000091600000, 0x0000000091700000, 0x0000000091700000|100%| O|  |TAMS 0x0000000091600000| PB 0x0000000091600000| Untracked 
| 279|0x0000000091700000, 0x0000000091800000, 0x0000000091800000|100%| O|  |TAMS 0x0000000091700000| PB 0x0000000091700000| Untracked 
| 280|0x0000000091800000, 0x0000000091900000, 0x0000000091900000|100%| O|  |TAMS 0x0000000091800000| PB 0x0000000091800000| Untracked 
| 281|0x0000000091900000, 0x0000000091a00000, 0x0000000091a00000|100%| O|  |TAMS 0x0000000091900000| PB 0x0000000091900000| Untracked 
| 282|0x0000000091a00000, 0x0000000091b00000, 0x0000000091b00000|100%| O|  |TAMS 0x0000000091a00000| PB 0x0000000091a00000| Untracked 
| 283|0x0000000091b00000, 0x0000000091be2f40, 0x0000000091c00000| 88%| O|  |TAMS 0x0000000091b00000| PB 0x0000000091b00000| Untracked 
| 284|0x0000000091c00000, 0x0000000091c00000, 0x0000000091d00000|  0%| F|  |TAMS 0x0000000091c00000| PB 0x0000000091c00000| Untracked 
| 285|0x0000000091d00000, 0x0000000091d00000, 0x0000000091e00000|  0%| F|  |TAMS 0x0000000091d00000| PB 0x0000000091d00000| Untracked 
| 286|0x0000000091e00000, 0x0000000091e00000, 0x0000000091f00000|  0%| F|  |TAMS 0x0000000091e00000| PB 0x0000000091e00000| Untracked 
| 287|0x0000000091f00000, 0x0000000091f00000, 0x0000000092000000|  0%| F|  |TAMS 0x0000000091f00000| PB 0x0000000091f00000| Untracked 
| 288|0x0000000092000000, 0x0000000092000000, 0x0000000092100000|  0%| F|  |TAMS 0x0000000092000000| PB 0x0000000092000000| Untracked 
| 289|0x0000000092100000, 0x0000000092100000, 0x0000000092200000|  0%| F|  |TAMS 0x0000000092100000| PB 0x0000000092100000| Untracked 
| 290|0x0000000092200000, 0x0000000092200000, 0x0000000092300000|  0%| F|  |TAMS 0x0000000092200000| PB 0x0000000092200000| Untracked 
| 291|0x0000000092300000, 0x0000000092300000, 0x0000000092400000|  0%| F|  |TAMS 0x0000000092300000| PB 0x0000000092300000| Untracked 
| 292|0x0000000092400000, 0x0000000092400000, 0x0000000092500000|  0%| F|  |TAMS 0x0000000092400000| PB 0x0000000092400000| Untracked 
| 293|0x0000000092500000, 0x0000000092500000, 0x0000000092600000|  0%| F|  |TAMS 0x0000000092500000| PB 0x0000000092500000| Untracked 
| 294|0x0000000092600000, 0x0000000092600000, 0x0000000092700000|  0%| F|  |TAMS 0x0000000092600000| PB 0x0000000092600000| Untracked 
| 295|0x0000000092700000, 0x0000000092700000, 0x0000000092800000|  0%| F|  |TAMS 0x0000000092700000| PB 0x0000000092700000| Untracked 
| 296|0x0000000092800000, 0x0000000092800000, 0x0000000092900000|  0%| F|  |TAMS 0x0000000092800000| PB 0x0000000092800000| Untracked 
| 297|0x0000000092900000, 0x0000000092900000, 0x0000000092a00000|  0%| F|  |TAMS 0x0000000092900000| PB 0x0000000092900000| Untracked 
| 298|0x0000000092a00000, 0x0000000092a8e370, 0x0000000092b00000| 55%| S|CS|TAMS 0x0000000092a00000| PB 0x0000000092a00000| Complete 
| 299|0x0000000092b00000, 0x0000000092c00000, 0x0000000092c00000|100%| S|CS|TAMS 0x0000000092b00000| PB 0x0000000092b00000| Complete 
| 300|0x0000000092c00000, 0x0000000092d00000, 0x0000000092d00000|100%| S|CS|TAMS 0x0000000092c00000| PB 0x0000000092c00000| Complete 
| 301|0x0000000092d00000, 0x0000000092e00000, 0x0000000092e00000|100%| S|CS|TAMS 0x0000000092d00000| PB 0x0000000092d00000| Complete 
| 302|0x0000000092e00000, 0x0000000092f00000, 0x0000000092f00000|100%| S|CS|TAMS 0x0000000092e00000| PB 0x0000000092e00000| Complete 
| 303|0x0000000092f00000, 0x0000000092f00000, 0x0000000093000000|  0%| F|  |TAMS 0x0000000092f00000| PB 0x0000000092f00000| Untracked 
| 304|0x0000000093000000, 0x0000000093000000, 0x0000000093100000|  0%| F|  |TAMS 0x0000000093000000| PB 0x0000000093000000| Untracked 
| 305|0x0000000093100000, 0x0000000093100000, 0x0000000093200000|  0%| F|  |TAMS 0x0000000093100000| PB 0x0000000093100000| Untracked 
| 306|0x0000000093200000, 0x0000000093200000, 0x0000000093300000|  0%| F|  |TAMS 0x0000000093200000| PB 0x0000000093200000| Untracked 
| 307|0x0000000093300000, 0x0000000093300000, 0x0000000093400000|  0%| F|  |TAMS 0x0000000093300000| PB 0x0000000093300000| Untracked 
| 308|0x0000000093400000, 0x0000000093500000, 0x0000000093500000|100%| S|CS|TAMS 0x0000000093400000| PB 0x0000000093400000| Complete 
| 309|0x0000000093500000, 0x0000000093600000, 0x0000000093600000|100%| S|CS|TAMS 0x0000000093500000| PB 0x0000000093500000| Complete 
| 310|0x0000000093600000, 0x0000000093700000, 0x0000000093700000|100%| S|CS|TAMS 0x0000000093600000| PB 0x0000000093600000| Complete 
| 311|0x0000000093700000, 0x0000000093800000, 0x0000000093800000|100%| S|CS|TAMS 0x0000000093700000| PB 0x0000000093700000| Complete 
| 312|0x0000000093800000, 0x0000000093900000, 0x0000000093900000|100%| S|CS|TAMS 0x0000000093800000| PB 0x0000000093800000| Complete 
| 313|0x0000000093900000, 0x0000000093a00000, 0x0000000093a00000|100%| S|CS|TAMS 0x0000000093900000| PB 0x0000000093900000| Complete 
| 314|0x0000000093a00000, 0x0000000093b00000, 0x0000000093b00000|100%| S|CS|TAMS 0x0000000093a00000| PB 0x0000000093a00000| Complete 
| 315|0x0000000093b00000, 0x0000000093c00000, 0x0000000093c00000|100%| S|CS|TAMS 0x0000000093b00000| PB 0x0000000093b00000| Complete 
| 316|0x0000000093c00000, 0x0000000093c00000, 0x0000000093d00000|  0%| F|  |TAMS 0x0000000093c00000| PB 0x0000000093c00000| Untracked 
| 317|0x0000000093d00000, 0x0000000093d00000, 0x0000000093e00000|  0%| F|  |TAMS 0x0000000093d00000| PB 0x0000000093d00000| Untracked 
| 318|0x0000000093e00000, 0x0000000093e00000, 0x0000000093f00000|  0%| F|  |TAMS 0x0000000093e00000| PB 0x0000000093e00000| Untracked 
| 319|0x0000000093f00000, 0x0000000093f00000, 0x0000000094000000|  0%| F|  |TAMS 0x0000000093f00000| PB 0x0000000093f00000| Untracked 
| 320|0x0000000094000000, 0x0000000094000000, 0x0000000094100000|  0%| F|  |TAMS 0x0000000094000000| PB 0x0000000094000000| Untracked 
| 321|0x0000000094100000, 0x0000000094100000, 0x0000000094200000|  0%| F|  |TAMS 0x0000000094100000| PB 0x0000000094100000| Untracked 
| 322|0x0000000094200000, 0x0000000094200000, 0x0000000094300000|  0%| F|  |TAMS 0x0000000094200000| PB 0x0000000094200000| Untracked 
| 323|0x0000000094300000, 0x0000000094300000, 0x0000000094400000|  0%| F|  |TAMS 0x0000000094300000| PB 0x0000000094300000| Untracked 
| 324|0x0000000094400000, 0x0000000094400000, 0x0000000094500000|  0%| F|  |TAMS 0x0000000094400000| PB 0x0000000094400000| Untracked 
| 325|0x0000000094500000, 0x0000000094500000, 0x0000000094600000|  0%| F|  |TAMS 0x0000000094500000| PB 0x0000000094500000| Untracked 
| 326|0x0000000094600000, 0x0000000094600000, 0x0000000094700000|  0%| F|  |TAMS 0x0000000094600000| PB 0x0000000094600000| Untracked 
| 327|0x0000000094700000, 0x0000000094700000, 0x0000000094800000|  0%| F|  |TAMS 0x0000000094700000| PB 0x0000000094700000| Untracked 
| 328|0x0000000094800000, 0x0000000094800000, 0x0000000094900000|  0%| F|  |TAMS 0x0000000094800000| PB 0x0000000094800000| Untracked 
| 329|0x0000000094900000, 0x0000000094900000, 0x0000000094a00000|  0%| F|  |TAMS 0x0000000094900000| PB 0x0000000094900000| Untracked 
| 330|0x0000000094a00000, 0x0000000094a00000, 0x0000000094b00000|  0%| F|  |TAMS 0x0000000094a00000| PB 0x0000000094a00000| Untracked 
| 331|0x0000000094b00000, 0x0000000094b00000, 0x0000000094c00000|  0%| F|  |TAMS 0x0000000094b00000| PB 0x0000000094b00000| Untracked 
| 332|0x0000000094c00000, 0x0000000094c00000, 0x0000000094d00000|  0%| F|  |TAMS 0x0000000094c00000| PB 0x0000000094c00000| Untracked 
| 333|0x0000000094d00000, 0x0000000094d00000, 0x0000000094e00000|  0%| F|  |TAMS 0x0000000094d00000| PB 0x0000000094d00000| Untracked 
| 334|0x0000000094e00000, 0x0000000094e00000, 0x0000000094f00000|  0%| F|  |TAMS 0x0000000094e00000| PB 0x0000000094e00000| Untracked 
| 335|0x0000000094f00000, 0x0000000094f00000, 0x0000000095000000|  0%| F|  |TAMS 0x0000000094f00000| PB 0x0000000094f00000| Untracked 
| 336|0x0000000095000000, 0x0000000095000000, 0x0000000095100000|  0%| F|  |TAMS 0x0000000095000000| PB 0x0000000095000000| Untracked 
| 337|0x0000000095100000, 0x0000000095100000, 0x0000000095200000|  0%| F|  |TAMS 0x0000000095100000| PB 0x0000000095100000| Untracked 
| 338|0x0000000095200000, 0x0000000095200000, 0x0000000095300000|  0%| F|  |TAMS 0x0000000095200000| PB 0x0000000095200000| Untracked 
| 339|0x0000000095300000, 0x0000000095300000, 0x0000000095400000|  0%| F|  |TAMS 0x0000000095300000| PB 0x0000000095300000| Untracked 
| 340|0x0000000095400000, 0x0000000095400000, 0x0000000095500000|  0%| F|  |TAMS 0x0000000095400000| PB 0x0000000095400000| Untracked 
| 341|0x0000000095500000, 0x0000000095500000, 0x0000000095600000|  0%| F|  |TAMS 0x0000000095500000| PB 0x0000000095500000| Untracked 
| 342|0x0000000095600000, 0x0000000095600000, 0x0000000095700000|  0%| F|  |TAMS 0x0000000095600000| PB 0x0000000095600000| Untracked 
| 343|0x0000000095700000, 0x0000000095700000, 0x0000000095800000|  0%| F|  |TAMS 0x0000000095700000| PB 0x0000000095700000| Untracked 
| 344|0x0000000095800000, 0x0000000095800000, 0x0000000095900000|  0%| F|  |TAMS 0x0000000095800000| PB 0x0000000095800000| Untracked 
| 345|0x0000000095900000, 0x0000000095900000, 0x0000000095a00000|  0%| F|  |TAMS 0x0000000095900000| PB 0x0000000095900000| Untracked 
| 346|0x0000000095a00000, 0x0000000095a00000, 0x0000000095b00000|  0%| F|  |TAMS 0x0000000095a00000| PB 0x0000000095a00000| Untracked 
| 347|0x0000000095b00000, 0x0000000095b00000, 0x0000000095c00000|  0%| F|  |TAMS 0x0000000095b00000| PB 0x0000000095b00000| Untracked 
| 348|0x0000000095c00000, 0x0000000095c00000, 0x0000000095d00000|  0%| F|  |TAMS 0x0000000095c00000| PB 0x0000000095c00000| Untracked 
| 349|0x0000000095d00000, 0x0000000095d00000, 0x0000000095e00000|  0%| F|  |TAMS 0x0000000095d00000| PB 0x0000000095d00000| Untracked 
| 350|0x0000000095e00000, 0x0000000095e00000, 0x0000000095f00000|  0%| F|  |TAMS 0x0000000095e00000| PB 0x0000000095e00000| Untracked 
| 351|0x0000000095f00000, 0x0000000095f00000, 0x0000000096000000|  0%| F|  |TAMS 0x0000000095f00000| PB 0x0000000095f00000| Untracked 
| 352|0x0000000096000000, 0x0000000096000000, 0x0000000096100000|  0%| F|  |TAMS 0x0000000096000000| PB 0x0000000096000000| Untracked 
| 353|0x0000000096100000, 0x0000000096100000, 0x0000000096200000|  0%| F|  |TAMS 0x0000000096100000| PB 0x0000000096100000| Untracked 
| 354|0x0000000096200000, 0x0000000096200000, 0x0000000096300000|  0%| F|  |TAMS 0x0000000096200000| PB 0x0000000096200000| Untracked 
| 355|0x0000000096300000, 0x0000000096300000, 0x0000000096400000|  0%| F|  |TAMS 0x0000000096300000| PB 0x0000000096300000| Untracked 
| 356|0x0000000096400000, 0x0000000096400000, 0x0000000096500000|  0%| F|  |TAMS 0x0000000096400000| PB 0x0000000096400000| Untracked 
| 357|0x0000000096500000, 0x0000000096500000, 0x0000000096600000|  0%| F|  |TAMS 0x0000000096500000| PB 0x0000000096500000| Untracked 
| 358|0x0000000096600000, 0x0000000096600000, 0x0000000096700000|  0%| F|  |TAMS 0x0000000096600000| PB 0x0000000096600000| Untracked 
| 359|0x0000000096700000, 0x0000000096700000, 0x0000000096800000|  0%| F|  |TAMS 0x0000000096700000| PB 0x0000000096700000| Untracked 
| 360|0x0000000096800000, 0x0000000096800000, 0x0000000096900000|  0%| F|  |TAMS 0x0000000096800000| PB 0x0000000096800000| Untracked 
| 361|0x0000000096900000, 0x0000000096900000, 0x0000000096a00000|  0%| F|  |TAMS 0x0000000096900000| PB 0x0000000096900000| Untracked 
| 362|0x0000000096a00000, 0x0000000096a00000, 0x0000000096b00000|  0%| F|  |TAMS 0x0000000096a00000| PB 0x0000000096a00000| Untracked 
| 363|0x0000000096b00000, 0x0000000096b00000, 0x0000000096c00000|  0%| F|  |TAMS 0x0000000096b00000| PB 0x0000000096b00000| Untracked 
| 364|0x0000000096c00000, 0x0000000096c00000, 0x0000000096d00000|  0%| F|  |TAMS 0x0000000096c00000| PB 0x0000000096c00000| Untracked 
| 365|0x0000000096d00000, 0x0000000096d00000, 0x0000000096e00000|  0%| F|  |TAMS 0x0000000096d00000| PB 0x0000000096d00000| Untracked 
| 366|0x0000000096e00000, 0x0000000096e00000, 0x0000000096f00000|  0%| F|  |TAMS 0x0000000096e00000| PB 0x0000000096e00000| Untracked 
| 367|0x0000000096f00000, 0x0000000096f00000, 0x0000000097000000|  0%| F|  |TAMS 0x0000000096f00000| PB 0x0000000096f00000| Untracked 
| 368|0x0000000097000000, 0x0000000097000000, 0x0000000097100000|  0%| F|  |TAMS 0x0000000097000000| PB 0x0000000097000000| Untracked 
| 369|0x0000000097100000, 0x0000000097100000, 0x0000000097200000|  0%| F|  |TAMS 0x0000000097100000| PB 0x0000000097100000| Untracked 
| 370|0x0000000097200000, 0x0000000097200000, 0x0000000097300000|  0%| F|  |TAMS 0x0000000097200000| PB 0x0000000097200000| Untracked 
| 371|0x0000000097300000, 0x0000000097300000, 0x0000000097400000|  0%| F|  |TAMS 0x0000000097300000| PB 0x0000000097300000| Untracked 
| 372|0x0000000097400000, 0x0000000097400000, 0x0000000097500000|  0%| F|  |TAMS 0x0000000097400000| PB 0x0000000097400000| Untracked 
| 373|0x0000000097500000, 0x0000000097500000, 0x0000000097600000|  0%| F|  |TAMS 0x0000000097500000| PB 0x0000000097500000| Untracked 
| 374|0x0000000097600000, 0x0000000097600000, 0x0000000097700000|  0%| F|  |TAMS 0x0000000097600000| PB 0x0000000097600000| Untracked 
| 375|0x0000000097700000, 0x0000000097700000, 0x0000000097800000|  0%| F|  |TAMS 0x0000000097700000| PB 0x0000000097700000| Untracked 
| 376|0x0000000097800000, 0x0000000097800000, 0x0000000097900000|  0%| F|  |TAMS 0x0000000097800000| PB 0x0000000097800000| Untracked 
| 377|0x0000000097900000, 0x0000000097900000, 0x0000000097a00000|  0%| F|  |TAMS 0x0000000097900000| PB 0x0000000097900000| Untracked 
| 378|0x0000000097a00000, 0x0000000097a00000, 0x0000000097b00000|  0%| F|  |TAMS 0x0000000097a00000| PB 0x0000000097a00000| Untracked 
| 379|0x0000000097b00000, 0x0000000097b00000, 0x0000000097c00000|  0%| F|  |TAMS 0x0000000097b00000| PB 0x0000000097b00000| Untracked 
| 380|0x0000000097c00000, 0x0000000097c00000, 0x0000000097d00000|  0%| F|  |TAMS 0x0000000097c00000| PB 0x0000000097c00000| Untracked 
| 381|0x0000000097d00000, 0x0000000097d00000, 0x0000000097e00000|  0%| F|  |TAMS 0x0000000097d00000| PB 0x0000000097d00000| Untracked 
| 382|0x0000000097e00000, 0x0000000097e00000, 0x0000000097f00000|  0%| F|  |TAMS 0x0000000097e00000| PB 0x0000000097e00000| Untracked 
| 383|0x0000000097f00000, 0x0000000097f00000, 0x0000000098000000|  0%| F|  |TAMS 0x0000000097f00000| PB 0x0000000097f00000| Untracked 
| 384|0x0000000098000000, 0x0000000098000000, 0x0000000098100000|  0%| F|  |TAMS 0x0000000098000000| PB 0x0000000098000000| Untracked 
| 385|0x0000000098100000, 0x0000000098100000, 0x0000000098200000|  0%| F|  |TAMS 0x0000000098100000| PB 0x0000000098100000| Untracked 
| 386|0x0000000098200000, 0x0000000098200000, 0x0000000098300000|  0%| F|  |TAMS 0x0000000098200000| PB 0x0000000098200000| Untracked 
| 387|0x0000000098300000, 0x0000000098300000, 0x0000000098400000|  0%| F|  |TAMS 0x0000000098300000| PB 0x0000000098300000| Untracked 
| 388|0x0000000098400000, 0x0000000098400000, 0x0000000098500000|  0%| F|  |TAMS 0x0000000098400000| PB 0x0000000098400000| Untracked 
| 389|0x0000000098500000, 0x0000000098500000, 0x0000000098600000|  0%| F|  |TAMS 0x0000000098500000| PB 0x0000000098500000| Untracked 
| 390|0x0000000098600000, 0x0000000098600000, 0x0000000098700000|  0%| F|  |TAMS 0x0000000098600000| PB 0x0000000098600000| Untracked 
| 391|0x0000000098700000, 0x0000000098700000, 0x0000000098800000|  0%| F|  |TAMS 0x0000000098700000| PB 0x0000000098700000| Untracked 
| 392|0x0000000098800000, 0x0000000098800000, 0x0000000098900000|  0%| F|  |TAMS 0x0000000098800000| PB 0x0000000098800000| Untracked 
| 393|0x0000000098900000, 0x0000000098900000, 0x0000000098a00000|  0%| F|  |TAMS 0x0000000098900000| PB 0x0000000098900000| Untracked 
| 394|0x0000000098a00000, 0x0000000098a00000, 0x0000000098b00000|  0%| F|  |TAMS 0x0000000098a00000| PB 0x0000000098a00000| Untracked 
| 395|0x0000000098b00000, 0x0000000098b00000, 0x0000000098c00000|  0%| F|  |TAMS 0x0000000098b00000| PB 0x0000000098b00000| Untracked 
| 396|0x0000000098c00000, 0x0000000098c00000, 0x0000000098d00000|  0%| F|  |TAMS 0x0000000098c00000| PB 0x0000000098c00000| Untracked 
| 397|0x0000000098d00000, 0x0000000098d00000, 0x0000000098e00000|  0%| F|  |TAMS 0x0000000098d00000| PB 0x0000000098d00000| Untracked 
| 398|0x0000000098e00000, 0x0000000098e00000, 0x0000000098f00000|  0%| F|  |TAMS 0x0000000098e00000| PB 0x0000000098e00000| Untracked 
| 399|0x0000000098f00000, 0x0000000098f00000, 0x0000000099000000|  0%| F|  |TAMS 0x0000000098f00000| PB 0x0000000098f00000| Untracked 
| 400|0x0000000099000000, 0x0000000099000000, 0x0000000099100000|  0%| F|  |TAMS 0x0000000099000000| PB 0x0000000099000000| Untracked 
| 401|0x0000000099100000, 0x0000000099100000, 0x0000000099200000|  0%| F|  |TAMS 0x0000000099100000| PB 0x0000000099100000| Untracked 
| 402|0x0000000099200000, 0x0000000099200000, 0x0000000099300000|  0%| F|  |TAMS 0x0000000099200000| PB 0x0000000099200000| Untracked 
| 403|0x0000000099300000, 0x0000000099300000, 0x0000000099400000|  0%| F|  |TAMS 0x0000000099300000| PB 0x0000000099300000| Untracked 
| 404|0x0000000099400000, 0x0000000099400000, 0x0000000099500000|  0%| F|  |TAMS 0x0000000099400000| PB 0x0000000099400000| Untracked 
| 405|0x0000000099500000, 0x0000000099500000, 0x0000000099600000|  0%| F|  |TAMS 0x0000000099500000| PB 0x0000000099500000| Untracked 
| 406|0x0000000099600000, 0x0000000099600000, 0x0000000099700000|  0%| F|  |TAMS 0x0000000099600000| PB 0x0000000099600000| Untracked 
| 407|0x0000000099700000, 0x0000000099700000, 0x0000000099800000|  0%| F|  |TAMS 0x0000000099700000| PB 0x0000000099700000| Untracked 
| 408|0x0000000099800000, 0x0000000099800000, 0x0000000099900000|  0%| F|  |TAMS 0x0000000099800000| PB 0x0000000099800000| Untracked 
| 409|0x0000000099900000, 0x0000000099900000, 0x0000000099a00000|  0%| F|  |TAMS 0x0000000099900000| PB 0x0000000099900000| Untracked 
| 410|0x0000000099a00000, 0x0000000099a00000, 0x0000000099b00000|  0%| F|  |TAMS 0x0000000099a00000| PB 0x0000000099a00000| Untracked 
| 411|0x0000000099b00000, 0x0000000099b00000, 0x0000000099c00000|  0%| F|  |TAMS 0x0000000099b00000| PB 0x0000000099b00000| Untracked 
| 412|0x0000000099c00000, 0x0000000099c00000, 0x0000000099d00000|  0%| F|  |TAMS 0x0000000099c00000| PB 0x0000000099c00000| Untracked 
| 413|0x0000000099d00000, 0x0000000099d00000, 0x0000000099e00000|  0%| F|  |TAMS 0x0000000099d00000| PB 0x0000000099d00000| Untracked 
| 414|0x0000000099e00000, 0x0000000099e00000, 0x0000000099f00000|  0%| F|  |TAMS 0x0000000099e00000| PB 0x0000000099e00000| Untracked 
| 415|0x0000000099f00000, 0x0000000099f00000, 0x000000009a000000|  0%| F|  |TAMS 0x0000000099f00000| PB 0x0000000099f00000| Untracked 
| 416|0x000000009a000000, 0x000000009a000000, 0x000000009a100000|  0%| F|  |TAMS 0x000000009a000000| PB 0x000000009a000000| Untracked 
| 417|0x000000009a100000, 0x000000009a100000, 0x000000009a200000|  0%| F|  |TAMS 0x000000009a100000| PB 0x000000009a100000| Untracked 
| 418|0x000000009a200000, 0x000000009a200000, 0x000000009a300000|  0%| F|  |TAMS 0x000000009a200000| PB 0x000000009a200000| Untracked 
| 419|0x000000009a300000, 0x000000009a300000, 0x000000009a400000|  0%| F|  |TAMS 0x000000009a300000| PB 0x000000009a300000| Untracked 
| 420|0x000000009a400000, 0x000000009a400000, 0x000000009a500000|  0%| F|  |TAMS 0x000000009a400000| PB 0x000000009a400000| Untracked 
| 421|0x000000009a500000, 0x000000009a500000, 0x000000009a600000|  0%| F|  |TAMS 0x000000009a500000| PB 0x000000009a500000| Untracked 
| 422|0x000000009a600000, 0x000000009a600000, 0x000000009a700000|  0%| F|  |TAMS 0x000000009a600000| PB 0x000000009a600000| Untracked 
| 423|0x000000009a700000, 0x000000009a700000, 0x000000009a800000|  0%| F|  |TAMS 0x000000009a700000| PB 0x000000009a700000| Untracked 
| 424|0x000000009a800000, 0x000000009a800000, 0x000000009a900000|  0%| F|  |TAMS 0x000000009a800000| PB 0x000000009a800000| Untracked 
| 425|0x000000009a900000, 0x000000009a900000, 0x000000009aa00000|  0%| F|  |TAMS 0x000000009a900000| PB 0x000000009a900000| Untracked 
| 426|0x000000009aa00000, 0x000000009aa00000, 0x000000009ab00000|  0%| F|  |TAMS 0x000000009aa00000| PB 0x000000009aa00000| Untracked 
| 427|0x000000009ab00000, 0x000000009ab00000, 0x000000009ac00000|  0%| F|  |TAMS 0x000000009ab00000| PB 0x000000009ab00000| Untracked 
| 428|0x000000009ac00000, 0x000000009ac00000, 0x000000009ad00000|  0%| F|  |TAMS 0x000000009ac00000| PB 0x000000009ac00000| Untracked 
| 429|0x000000009ad00000, 0x000000009ad00000, 0x000000009ae00000|  0%| F|  |TAMS 0x000000009ad00000| PB 0x000000009ad00000| Untracked 
| 430|0x000000009ae00000, 0x000000009ae00000, 0x000000009af00000|  0%| F|  |TAMS 0x000000009ae00000| PB 0x000000009ae00000| Untracked 
| 431|0x000000009af00000, 0x000000009af00000, 0x000000009b000000|  0%| F|  |TAMS 0x000000009af00000| PB 0x000000009af00000| Untracked 
| 432|0x000000009b000000, 0x000000009b000000, 0x000000009b100000|  0%| F|  |TAMS 0x000000009b000000| PB 0x000000009b000000| Untracked 
| 433|0x000000009b100000, 0x000000009b100000, 0x000000009b200000|  0%| F|  |TAMS 0x000000009b100000| PB 0x000000009b100000| Untracked 
| 434|0x000000009b200000, 0x000000009b200000, 0x000000009b300000|  0%| F|  |TAMS 0x000000009b200000| PB 0x000000009b200000| Untracked 
| 435|0x000000009b300000, 0x000000009b300000, 0x000000009b400000|  0%| F|  |TAMS 0x000000009b300000| PB 0x000000009b300000| Untracked 
| 436|0x000000009b400000, 0x000000009b400000, 0x000000009b500000|  0%| F|  |TAMS 0x000000009b400000| PB 0x000000009b400000| Untracked 
| 437|0x000000009b500000, 0x000000009b500000, 0x000000009b600000|  0%| F|  |TAMS 0x000000009b500000| PB 0x000000009b500000| Untracked 
| 438|0x000000009b600000, 0x000000009b600000, 0x000000009b700000|  0%| F|  |TAMS 0x000000009b600000| PB 0x000000009b600000| Untracked 
| 439|0x000000009b700000, 0x000000009b700000, 0x000000009b800000|  0%| F|  |TAMS 0x000000009b700000| PB 0x000000009b700000| Untracked 
| 440|0x000000009b800000, 0x000000009b800000, 0x000000009b900000|  0%| F|  |TAMS 0x000000009b800000| PB 0x000000009b800000| Untracked 
| 441|0x000000009b900000, 0x000000009b900000, 0x000000009ba00000|  0%| F|  |TAMS 0x000000009b900000| PB 0x000000009b900000| Untracked 
| 442|0x000000009ba00000, 0x000000009ba00000, 0x000000009bb00000|  0%| F|  |TAMS 0x000000009ba00000| PB 0x000000009ba00000| Untracked 
| 443|0x000000009bb00000, 0x000000009bb00000, 0x000000009bc00000|  0%| F|  |TAMS 0x000000009bb00000| PB 0x000000009bb00000| Untracked 
| 444|0x000000009bc00000, 0x000000009bc00000, 0x000000009bd00000|  0%| F|  |TAMS 0x000000009bc00000| PB 0x000000009bc00000| Untracked 
| 445|0x000000009bd00000, 0x000000009bd00000, 0x000000009be00000|  0%| F|  |TAMS 0x000000009bd00000| PB 0x000000009bd00000| Untracked 
| 446|0x000000009be00000, 0x000000009be00000, 0x000000009bf00000|  0%| F|  |TAMS 0x000000009be00000| PB 0x000000009be00000| Untracked 
| 447|0x000000009bf00000, 0x000000009bf00000, 0x000000009c000000|  0%| F|  |TAMS 0x000000009bf00000| PB 0x000000009bf00000| Untracked 
| 448|0x000000009c000000, 0x000000009c000000, 0x000000009c100000|  0%| F|  |TAMS 0x000000009c000000| PB 0x000000009c000000| Untracked 
| 449|0x000000009c100000, 0x000000009c100000, 0x000000009c200000|  0%| F|  |TAMS 0x000000009c100000| PB 0x000000009c100000| Untracked 
| 450|0x000000009c200000, 0x000000009c200000, 0x000000009c300000|  0%| F|  |TAMS 0x000000009c200000| PB 0x000000009c200000| Untracked 
| 451|0x000000009c300000, 0x000000009c300000, 0x000000009c400000|  0%| F|  |TAMS 0x000000009c300000| PB 0x000000009c300000| Untracked 
| 452|0x000000009c400000, 0x000000009c400000, 0x000000009c500000|  0%| F|  |TAMS 0x000000009c400000| PB 0x000000009c400000| Untracked 
| 453|0x000000009c500000, 0x000000009c500000, 0x000000009c600000|  0%| F|  |TAMS 0x000000009c500000| PB 0x000000009c500000| Untracked 
| 454|0x000000009c600000, 0x000000009c600000, 0x000000009c700000|  0%| F|  |TAMS 0x000000009c600000| PB 0x000000009c600000| Untracked 
| 455|0x000000009c700000, 0x000000009c700000, 0x000000009c800000|  0%| F|  |TAMS 0x000000009c700000| PB 0x000000009c700000| Untracked 
| 456|0x000000009c800000, 0x000000009c800000, 0x000000009c900000|  0%| F|  |TAMS 0x000000009c800000| PB 0x000000009c800000| Untracked 
| 457|0x000000009c900000, 0x000000009c900000, 0x000000009ca00000|  0%| F|  |TAMS 0x000000009c900000| PB 0x000000009c900000| Untracked 
| 458|0x000000009ca00000, 0x000000009ca00000, 0x000000009cb00000|  0%| F|  |TAMS 0x000000009ca00000| PB 0x000000009ca00000| Untracked 
| 459|0x000000009cb00000, 0x000000009cb00000, 0x000000009cc00000|  0%| F|  |TAMS 0x000000009cb00000| PB 0x000000009cb00000| Untracked 
| 460|0x000000009cc00000, 0x000000009cc00000, 0x000000009cd00000|  0%| F|  |TAMS 0x000000009cc00000| PB 0x000000009cc00000| Untracked 
| 461|0x000000009cd00000, 0x000000009cd00000, 0x000000009ce00000|  0%| F|  |TAMS 0x000000009cd00000| PB 0x000000009cd00000| Untracked 
| 462|0x000000009ce00000, 0x000000009ce00000, 0x000000009cf00000|  0%| F|  |TAMS 0x000000009ce00000| PB 0x000000009ce00000| Untracked 
| 463|0x000000009cf00000, 0x000000009cf00000, 0x000000009d000000|  0%| F|  |TAMS 0x000000009cf00000| PB 0x000000009cf00000| Untracked 
| 464|0x000000009d000000, 0x000000009d000000, 0x000000009d100000|  0%| F|  |TAMS 0x000000009d000000| PB 0x000000009d000000| Untracked 
| 465|0x000000009d100000, 0x000000009d100000, 0x000000009d200000|  0%| F|  |TAMS 0x000000009d100000| PB 0x000000009d100000| Untracked 
| 466|0x000000009d200000, 0x000000009d200000, 0x000000009d300000|  0%| F|  |TAMS 0x000000009d200000| PB 0x000000009d200000| Untracked 
| 467|0x000000009d300000, 0x000000009d300000, 0x000000009d400000|  0%| F|  |TAMS 0x000000009d300000| PB 0x000000009d300000| Untracked 
| 468|0x000000009d400000, 0x000000009d400000, 0x000000009d500000|  0%| F|  |TAMS 0x000000009d400000| PB 0x000000009d400000| Untracked 
| 469|0x000000009d500000, 0x000000009d500000, 0x000000009d600000|  0%| F|  |TAMS 0x000000009d500000| PB 0x000000009d500000| Untracked 
| 470|0x000000009d600000, 0x000000009d600000, 0x000000009d700000|  0%| F|  |TAMS 0x000000009d600000| PB 0x000000009d600000| Untracked 
| 471|0x000000009d700000, 0x000000009d700000, 0x000000009d800000|  0%| F|  |TAMS 0x000000009d700000| PB 0x000000009d700000| Untracked 
| 472|0x000000009d800000, 0x000000009d800000, 0x000000009d900000|  0%| F|  |TAMS 0x000000009d800000| PB 0x000000009d800000| Untracked 
| 473|0x000000009d900000, 0x000000009d900000, 0x000000009da00000|  0%| F|  |TAMS 0x000000009d900000| PB 0x000000009d900000| Untracked 
| 474|0x000000009da00000, 0x000000009da00000, 0x000000009db00000|  0%| F|  |TAMS 0x000000009da00000| PB 0x000000009da00000| Untracked 
| 475|0x000000009db00000, 0x000000009db00000, 0x000000009dc00000|  0%| F|  |TAMS 0x000000009db00000| PB 0x000000009db00000| Untracked 
| 476|0x000000009dc00000, 0x000000009dc00000, 0x000000009dd00000|  0%| F|  |TAMS 0x000000009dc00000| PB 0x000000009dc00000| Untracked 
| 477|0x000000009dd00000, 0x000000009dd00000, 0x000000009de00000|  0%| F|  |TAMS 0x000000009dd00000| PB 0x000000009dd00000| Untracked 
| 478|0x000000009de00000, 0x000000009de00000, 0x000000009df00000|  0%| F|  |TAMS 0x000000009de00000| PB 0x000000009de00000| Untracked 
| 479|0x000000009df00000, 0x000000009df00000, 0x000000009e000000|  0%| F|  |TAMS 0x000000009df00000| PB 0x000000009df00000| Untracked 
| 480|0x000000009e000000, 0x000000009e000000, 0x000000009e100000|  0%| F|  |TAMS 0x000000009e000000| PB 0x000000009e000000| Untracked 
| 481|0x000000009e100000, 0x000000009e100000, 0x000000009e200000|  0%| F|  |TAMS 0x000000009e100000| PB 0x000000009e100000| Untracked 
| 482|0x000000009e200000, 0x000000009e200000, 0x000000009e300000|  0%| F|  |TAMS 0x000000009e200000| PB 0x000000009e200000| Untracked 
| 483|0x000000009e300000, 0x000000009e300000, 0x000000009e400000|  0%| F|  |TAMS 0x000000009e300000| PB 0x000000009e300000| Untracked 
| 484|0x000000009e400000, 0x000000009e400000, 0x000000009e500000|  0%| F|  |TAMS 0x000000009e400000| PB 0x000000009e400000| Untracked 
| 485|0x000000009e500000, 0x000000009e500000, 0x000000009e600000|  0%| F|  |TAMS 0x000000009e500000| PB 0x000000009e500000| Untracked 
| 486|0x000000009e600000, 0x000000009e600000, 0x000000009e700000|  0%| F|  |TAMS 0x000000009e600000| PB 0x000000009e600000| Untracked 
| 487|0x000000009e700000, 0x000000009e700000, 0x000000009e800000|  0%| F|  |TAMS 0x000000009e700000| PB 0x000000009e700000| Untracked 
| 488|0x000000009e800000, 0x000000009e800000, 0x000000009e900000|  0%| F|  |TAMS 0x000000009e800000| PB 0x000000009e800000| Untracked 
| 489|0x000000009e900000, 0x000000009e900000, 0x000000009ea00000|  0%| F|  |TAMS 0x000000009e900000| PB 0x000000009e900000| Untracked 
| 490|0x000000009ea00000, 0x000000009ea00000, 0x000000009eb00000|  0%| F|  |TAMS 0x000000009ea00000| PB 0x000000009ea00000| Untracked 
| 491|0x000000009eb00000, 0x000000009eb00000, 0x000000009ec00000|  0%| F|  |TAMS 0x000000009eb00000| PB 0x000000009eb00000| Untracked 
| 492|0x000000009ec00000, 0x000000009ec00000, 0x000000009ed00000|  0%| F|  |TAMS 0x000000009ec00000| PB 0x000000009ec00000| Untracked 
| 493|0x000000009ed00000, 0x000000009ed00000, 0x000000009ee00000|  0%| F|  |TAMS 0x000000009ed00000| PB 0x000000009ed00000| Untracked 
| 494|0x000000009ee00000, 0x000000009ee00000, 0x000000009ef00000|  0%| F|  |TAMS 0x000000009ee00000| PB 0x000000009ee00000| Untracked 
| 495|0x000000009ef00000, 0x000000009ef00000, 0x000000009f000000|  0%| F|  |TAMS 0x000000009ef00000| PB 0x000000009ef00000| Untracked 
| 496|0x000000009f000000, 0x000000009f000000, 0x000000009f100000|  0%| F|  |TAMS 0x000000009f000000| PB 0x000000009f000000| Untracked 
| 497|0x000000009f100000, 0x000000009f100000, 0x000000009f200000|  0%| F|  |TAMS 0x000000009f100000| PB 0x000000009f100000| Untracked 
| 498|0x000000009f200000, 0x000000009f200000, 0x000000009f300000|  0%| F|  |TAMS 0x000000009f200000| PB 0x000000009f200000| Untracked 
| 499|0x000000009f300000, 0x000000009f300000, 0x000000009f400000|  0%| F|  |TAMS 0x000000009f300000| PB 0x000000009f300000| Untracked 
| 500|0x000000009f400000, 0x000000009f400000, 0x000000009f500000|  0%| F|  |TAMS 0x000000009f400000| PB 0x000000009f400000| Untracked 
| 501|0x000000009f500000, 0x000000009f500000, 0x000000009f600000|  0%| F|  |TAMS 0x000000009f500000| PB 0x000000009f500000| Untracked 
| 502|0x000000009f600000, 0x000000009f600000, 0x000000009f700000|  0%| F|  |TAMS 0x000000009f600000| PB 0x000000009f600000| Untracked 
| 503|0x000000009f700000, 0x000000009f700000, 0x000000009f800000|  0%| F|  |TAMS 0x000000009f700000| PB 0x000000009f700000| Untracked 
| 504|0x000000009f800000, 0x000000009f800000, 0x000000009f900000|  0%| F|  |TAMS 0x000000009f800000| PB 0x000000009f800000| Untracked 
| 505|0x000000009f900000, 0x000000009f900000, 0x000000009fa00000|  0%| F|  |TAMS 0x000000009f900000| PB 0x000000009f900000| Untracked 
| 506|0x000000009fa00000, 0x000000009fa00000, 0x000000009fb00000|  0%| F|  |TAMS 0x000000009fa00000| PB 0x000000009fa00000| Untracked 
| 507|0x000000009fb00000, 0x000000009fb00000, 0x000000009fc00000|  0%| F|  |TAMS 0x000000009fb00000| PB 0x000000009fb00000| Untracked 
| 508|0x000000009fc00000, 0x000000009fc00000, 0x000000009fd00000|  0%| F|  |TAMS 0x000000009fc00000| PB 0x000000009fc00000| Untracked 
| 509|0x000000009fd00000, 0x000000009fd00000, 0x000000009fe00000|  0%| F|  |TAMS 0x000000009fd00000| PB 0x000000009fd00000| Untracked 
| 510|0x000000009fe00000, 0x000000009fe00000, 0x000000009ff00000|  0%| F|  |TAMS 0x000000009fe00000| PB 0x000000009fe00000| Untracked 
| 511|0x000000009ff00000, 0x000000009ff00000, 0x00000000a0000000|  0%| F|  |TAMS 0x000000009ff00000| PB 0x000000009ff00000| Untracked 
| 512|0x00000000a0000000, 0x00000000a0000000, 0x00000000a0100000|  0%| F|  |TAMS 0x00000000a0000000| PB 0x00000000a0000000| Untracked 
| 513|0x00000000a0100000, 0x00000000a0100000, 0x00000000a0200000|  0%| F|  |TAMS 0x00000000a0100000| PB 0x00000000a0100000| Untracked 
| 514|0x00000000a0200000, 0x00000000a0200000, 0x00000000a0300000|  0%| F|  |TAMS 0x00000000a0200000| PB 0x00000000a0200000| Untracked 
| 515|0x00000000a0300000, 0x00000000a0300000, 0x00000000a0400000|  0%| F|  |TAMS 0x00000000a0300000| PB 0x00000000a0300000| Untracked 
| 516|0x00000000a0400000, 0x00000000a0400000, 0x00000000a0500000|  0%| F|  |TAMS 0x00000000a0400000| PB 0x00000000a0400000| Untracked 
| 517|0x00000000a0500000, 0x00000000a0500000, 0x00000000a0600000|  0%| F|  |TAMS 0x00000000a0500000| PB 0x00000000a0500000| Untracked 
| 518|0x00000000a0600000, 0x00000000a0600000, 0x00000000a0700000|  0%| F|  |TAMS 0x00000000a0600000| PB 0x00000000a0600000| Untracked 
| 519|0x00000000a0700000, 0x00000000a0700000, 0x00000000a0800000|  0%| F|  |TAMS 0x00000000a0700000| PB 0x00000000a0700000| Untracked 
| 520|0x00000000a0800000, 0x00000000a0800000, 0x00000000a0900000|  0%| F|  |TAMS 0x00000000a0800000| PB 0x00000000a0800000| Untracked 
| 521|0x00000000a0900000, 0x00000000a0900000, 0x00000000a0a00000|  0%| F|  |TAMS 0x00000000a0900000| PB 0x00000000a0900000| Untracked 
| 522|0x00000000a0a00000, 0x00000000a0a00000, 0x00000000a0b00000|  0%| F|  |TAMS 0x00000000a0a00000| PB 0x00000000a0a00000| Untracked 
| 523|0x00000000a0b00000, 0x00000000a0b00000, 0x00000000a0c00000|  0%| F|  |TAMS 0x00000000a0b00000| PB 0x00000000a0b00000| Untracked 
|2020|0x00000000fe400000, 0x00000000fe400000, 0x00000000fe500000|  0%| F|  |TAMS 0x00000000fe400000| PB 0x00000000fe400000| Untracked 
|2021|0x00000000fe500000, 0x00000000fe600000, 0x00000000fe600000|100%| O|  |TAMS 0x00000000fe500000| PB 0x00000000fe500000| Untracked 
|2022|0x00000000fe600000, 0x00000000fe700000, 0x00000000fe700000|100%| O|  |TAMS 0x00000000fe600000| PB 0x00000000fe600000| Untracked 
|2023|0x00000000fe700000, 0x00000000fe800000, 0x00000000fe800000|100%| O|  |TAMS 0x00000000fe700000| PB 0x00000000fe700000| Untracked 
|2024|0x00000000fe800000, 0x00000000fe900000, 0x00000000fe900000|100%| O|  |TAMS 0x00000000fe800000| PB 0x00000000fe800000| Untracked 
|2025|0x00000000fe900000, 0x00000000fea00000, 0x00000000fea00000|100%| O|  |TAMS 0x00000000fe900000| PB 0x00000000fe900000| Untracked 
|2026|0x00000000fea00000, 0x00000000feb00000, 0x00000000feb00000|100%| O|  |TAMS 0x00000000fea00000| PB 0x00000000fea00000| Untracked 
|2027|0x00000000feb00000, 0x00000000fec00000, 0x00000000fec00000|100%| O|  |TAMS 0x00000000feb00000| PB 0x00000000feb00000| Untracked 
|2028|0x00000000fec00000, 0x00000000fed00000, 0x00000000fed00000|100%| O|  |TAMS 0x00000000fec00000| PB 0x00000000fec00000| Untracked 
|2029|0x00000000fed00000, 0x00000000fee00000, 0x00000000fee00000|100%| O|  |TAMS 0x00000000fed00000| PB 0x00000000fed00000| Untracked 
|2030|0x00000000fee00000, 0x00000000fef00000, 0x00000000fef00000|100%| O|  |TAMS 0x00000000fee00000| PB 0x00000000fee00000| Untracked 
|2031|0x00000000fef00000, 0x00000000fef00000, 0x00000000ff000000|  0%| F|  |TAMS 0x00000000fef00000| PB 0x00000000fef00000| Untracked 
|2032|0x00000000ff000000, 0x00000000ff100000, 0x00000000ff100000|100%| O|  |TAMS 0x00000000ff000000| PB 0x00000000ff000000| Untracked 
|2033|0x00000000ff100000, 0x00000000ff200000, 0x00000000ff200000|100%| O|  |TAMS 0x00000000ff100000| PB 0x00000000ff100000| Untracked 
|2034|0x00000000ff200000, 0x00000000ff300000, 0x00000000ff300000|100%| O|  |TAMS 0x00000000ff200000| PB 0x00000000ff200000| Untracked 
|2035|0x00000000ff300000, 0x00000000ff400000, 0x00000000ff400000|100%| O|  |TAMS 0x00000000ff300000| PB 0x00000000ff300000| Untracked 
|2036|0x00000000ff400000, 0x00000000ff400000, 0x00000000ff500000|  0%| F|  |TAMS 0x00000000ff400000| PB 0x00000000ff400000| Untracked 
|2037|0x00000000ff500000, 0x00000000ff600000, 0x00000000ff600000|100%| O|  |TAMS 0x00000000ff500000| PB 0x00000000ff500000| Untracked 
|2038|0x00000000ff600000, 0x00000000ff700000, 0x00000000ff700000|100%| O|  |TAMS 0x00000000ff600000| PB 0x00000000ff600000| Untracked 
|2039|0x00000000ff700000, 0x00000000ff800000, 0x00000000ff800000|100%| O|  |TAMS 0x00000000ff700000| PB 0x00000000ff700000| Untracked 
|2040|0x00000000ff800000, 0x00000000ff800000, 0x00000000ff900000|  0%| F|  |TAMS 0x00000000ff800000| PB 0x00000000ff800000| Untracked 
|2041|0x00000000ff900000, 0x00000000ffa00000, 0x00000000ffa00000|100%| O|  |TAMS 0x00000000ff900000| PB 0x00000000ff900000| Untracked 
|2042|0x00000000ffa00000, 0x00000000ffb00000, 0x00000000ffb00000|100%| O|  |TAMS 0x00000000ffa00000| PB 0x00000000ffa00000| Untracked 
|2043|0x00000000ffb00000, 0x00000000ffc00000, 0x00000000ffc00000|100%| O|  |TAMS 0x00000000ffb00000| PB 0x00000000ffb00000| Untracked 
|2044|0x00000000ffc00000, 0x00000000ffc00000, 0x00000000ffd00000|  0%| F|  |TAMS 0x00000000ffc00000| PB 0x00000000ffc00000| Untracked 
|2045|0x00000000ffd00000, 0x00000000ffd00000, 0x00000000ffe00000|  0%| F|  |TAMS 0x00000000ffd00000| PB 0x00000000ffd00000| Untracked 
|2046|0x00000000ffe00000, 0x00000000ffe00000, 0x00000000fff00000|  0%| F|  |TAMS 0x00000000ffe00000| PB 0x00000000ffe00000| Untracked 
|2047|0x00000000fff00000, 0x0000000100000000, 0x0000000100000000|100%| O|  |TAMS 0x00000000fff00000| PB 0x00000000fff00000| Untracked 

Card table byte_map: [0x00000211bb750000,0x00000211bbb50000] _byte_map_base: 0x00000211bb350000

Marking Bits: (CMBitMap*) 0x00000211a8ef65d0
 Bits: [0x00000211bbb50000, 0x00000211bdb50000)

Polling page: 0x00000211a6d50000

Metaspace:

Usage:
  Non-class:    118.53 MB used.
      Class:     19.57 MB used.
       Both:    138.10 MB used.

Virtual space:
  Non-class space:      128.00 MB reserved,     119.75 MB ( 94%) committed,  2 nodes.
      Class space:        1.00 GB reserved,      20.75 MB (  2%) committed,  1 nodes.
             Both:        1.12 GB reserved,     140.50 MB ( 12%) committed. 

Chunk freelists:
   Non-Class:  7.89 MB
       Class:  11.26 MB
        Both:  19.15 MB

MaxMetaspaceSize: unlimited
CompressedClassSpaceSize: 1.00 GB
Initial GC threshold: 21.00 MB
Current GC threshold: 234.19 MB
CDS: off
 - commit_granule_bytes: 65536.
 - commit_granule_words: 8192.
 - virtual_space_node_default_size: 8388608.
 - enlarge_chunks_in_place: 1.
 - use_allocation_guard: 0.


Internal statistics:

num_allocs_failed_limit: 9.
num_arena_births: 4848.
num_arena_deaths: 16.
num_vsnodes_births: 3.
num_vsnodes_deaths: 0.
num_space_committed: 2248.
num_space_uncommitted: 0.
num_chunks_returned_to_freelist: 30.
num_chunks_taken_from_freelist: 11022.
num_chunk_merges: 12.
num_chunk_splits: 7189.
num_chunks_enlarged: 4588.
num_inconsistent_stats: 0.

CodeHeap 'non-profiled nmethods': size=120000Kb used=11815Kb max_used=11815Kb free=108184Kb
 bounds [0x00000211b3ae0000, 0x00000211b4690000, 0x00000211bb010000]
CodeHeap 'profiled nmethods': size=120000Kb used=37995Kb max_used=38113Kb free=82004Kb
 bounds [0x00000211ac010000, 0x00000211ae570000, 0x00000211b3540000]
CodeHeap 'non-nmethods': size=5760Kb used=2078Kb max_used=2241Kb free=3681Kb
 bounds [0x00000211b3540000, 0x00000211b37b0000, 0x00000211b3ae0000]
CodeCache: size=245760Kb, used=51888Kb, max_used=52169Kb, free=193869Kb
 total_blobs=18677, nmethods=17730, adapters=850, full_count=0
Compilation: enabled, stopped_count=0, restarted_count=0

Compilation events (20 events):
Event: 37.122 Thread 0x00000211c07f7010 20799       3       com.android.tools.r8.internal.al::b (24 bytes)
Event: 37.123 Thread 0x00000211c07f7010 nmethod 20799 0x00000211acb2a790 code [0x00000211acb2a9c0, 0x00000211acb2b168]
Event: 37.123 Thread 0x00000211c07f7010 20800       3       com.android.tools.r8.internal.al$$Lambda/0x0000000101404c20::<init> (32 bytes)
Event: 37.123 Thread 0x00000211c07f7010 nmethod 20800 0x00000211acc40910 code [0x00000211acc40ac0, 0x00000211acc40df0]
Event: 37.123 Thread 0x00000211c07f7010 20801       3       com.android.tools.r8.internal.al$$Lambda/0x0000000101404c20::apply (32 bytes)
Event: 37.124 Thread 0x00000211c07f7010 nmethod 20801 0x00000211acc40190 code [0x00000211acc40360, 0x00000211acc406a8]
Event: 37.124 Thread 0x00000211c07f7010 20802       3       com.android.tools.r8.internal.al::a (68 bytes)
Event: 37.125 Thread 0x00000211c07f7010 nmethod 20802 0x00000211ac258f90 code [0x00000211ac259200, 0x00000211ac259cc0]
Event: 37.125 Thread 0x00000211c07f7010 20803       3       com.android.tools.r8.internal.nl$$Lambda/0x0000000101404738::apply (16 bytes)
Event: 37.125 Thread 0x00000211c07f7010 nmethod 20803 0x00000211ad292390 code [0x00000211ad2925c0, 0x00000211ad292fe0]
Event: 37.125 Thread 0x00000211c07f7010 20805       3       com.android.tools.r8.internal.ec1::a (238 bytes)
Event: 37.127 Thread 0x00000211c07f7010 nmethod 20805 0x00000211ad5c1f90 code [0x00000211ad5c2340, 0x00000211ad5c3ac8]
Event: 37.127 Thread 0x00000211c07f7010 20806       3       com.android.tools.r8.internal.ck1::<init> (47 bytes)
Event: 37.128 Thread 0x00000211c07f7010 nmethod 20806 0x00000211ac908510 code [0x00000211ac908700, 0x00000211ac908d28]
Event: 37.130 Thread 0x00000211c07f7010 20809       3       com.android.tools.r8.internal.t52::c (803 bytes)
Event: 37.136 Thread 0x00000211c07f7010 nmethod 20809 0x00000211ad240e90 code [0x00000211ad2415e0, 0x00000211ad245788]
Event: 37.136 Thread 0x00000211c07f7010 20810       3       com.android.tools.r8.internal.t52::a (330 bytes)
Event: 37.139 Thread 0x00000211c07f7010 nmethod 20810 0x00000211ad46b410 code [0x00000211ad46b820, 0x00000211ad46d368]
Event: 37.141 Thread 0x00000211c07f7010 20811       2       com.android.tools.r8.internal.ci2::<init> (10 bytes)
Event: 37.142 Thread 0x00000211c07f7010 nmethod 20811 0x00000211ac2f8990 code [0x00000211ac2f8b40, 0x00000211ac2f8c60]

GC Heap History (20 events):
Event: 27.948 GC heap after
{Heap after GC invocations=60 (full 0):
 garbage-first heap   total 565248K, used 187203K [0x0000000080000000, 0x0000000100000000)
  region size 1024K, 10 young (10240K), 10 survivors (10240K)
 Metaspace       used 128885K, committed 131328K, reserved 1179648K
  class space    used 18297K, committed 19456K, reserved 1048576K
}
Event: 29.244 GC heap before
{Heap before GC invocations=60 (full 0):
 garbage-first heap   total 565248K, used 467779K [0x0000000080000000, 0x0000000100000000)
  region size 1024K, 285 young (291840K), 10 survivors (10240K)
 Metaspace       used 134516K, committed 136960K, reserved 1179648K
  class space    used 19165K, committed 20352K, reserved 1048576K
}
Event: 29.316 GC heap after
{Heap after GC invocations=61 (full 0):
 garbage-first heap   total 565248K, used 243135K [0x0000000080000000, 0x0000000100000000)
  region size 1024K, 36 young (36864K), 36 survivors (36864K)
 Metaspace       used 134516K, committed 136960K, reserved 1179648K
  class space    used 19165K, committed 20352K, reserved 1048576K
}
Event: 30.293 GC heap before
{Heap before GC invocations=61 (full 0):
 garbage-first heap   total 565248K, used 446911K [0x0000000080000000, 0x0000000100000000)
  region size 1024K, 236 young (241664K), 36 survivors (36864K)
 Metaspace       used 137225K, committed 139648K, reserved 1179648K
  class space    used 19579K, committed 20736K, reserved 1048576K
}
Event: 30.381 GC heap after
{Heap after GC invocations=62 (full 0):
 garbage-first heap   total 565248K, used 278463K [0x0000000080000000, 0x0000000100000000)
  region size 1024K, 30 young (30720K), 30 survivors (30720K)
 Metaspace       used 137225K, committed 139648K, reserved 1179648K
  class space    used 19579K, committed 20736K, reserved 1048576K
}
Event: 31.571 GC heap before
{Heap before GC invocations=62 (full 0):
 garbage-first heap   total 565248K, used 467903K [0x0000000080000000, 0x0000000100000000)
  region size 1024K, 216 young (221184K), 30 survivors (30720K)
 Metaspace       used 139856K, committed 142272K, reserved 1179648K
  class space    used 19853K, committed 20992K, reserved 1048576K
}
Event: 31.620 GC heap after
{Heap after GC invocations=63 (full 0):
 garbage-first heap   total 565248K, used 302015K [0x0000000080000000, 0x0000000100000000)
  region size 1024K, 21 young (21504K), 21 survivors (21504K)
 Metaspace       used 139856K, committed 142272K, reserved 1179648K
  class space    used 19853K, committed 20992K, reserved 1048576K
}
Event: 32.815 GC heap before
{Heap before GC invocations=63 (full 0):
 garbage-first heap   total 565248K, used 485311K [0x0000000080000000, 0x0000000100000000)
  region size 1024K, 201 young (205824K), 21 survivors (21504K)
 Metaspace       used 140535K, committed 143040K, reserved 1179648K
  class space    used 19909K, committed 21120K, reserved 1048576K
}
Event: 32.838 GC heap after
{Heap after GC invocations=64 (full 0):
 garbage-first heap   total 565248K, used 305087K [0x0000000080000000, 0x0000000100000000)
  region size 1024K, 4 young (4096K), 4 survivors (4096K)
 Metaspace       used 140535K, committed 143040K, reserved 1179648K
  class space    used 19909K, committed 21120K, reserved 1048576K
}
Event: 33.616 GC heap before
{Heap before GC invocations=64 (full 0):
 garbage-first heap   total 565248K, used 499647K [0x0000000080000000, 0x0000000100000000)
  region size 1024K, 194 young (198656K), 4 survivors (4096K)
 Metaspace       used 140741K, committed 143296K, reserved 1179648K
  class space    used 19930K, committed 21184K, reserved 1048576K
}
Event: 33.626 GC heap after
{Heap after GC invocations=65 (full 0):
 garbage-first heap   total 565248K, used 311065K [0x0000000080000000, 0x0000000100000000)
  region size 1024K, 10 young (10240K), 10 survivors (10240K)
 Metaspace       used 140741K, committed 143296K, reserved 1179648K
  class space    used 19930K, committed 21184K, reserved 1048576K
}
Event: 34.230 GC heap before
{Heap before GC invocations=65 (full 0):
 garbage-first heap   total 565248K, used 506649K [0x0000000080000000, 0x0000000100000000)
  region size 1024K, 202 young (206848K), 10 survivors (10240K)
 Metaspace       used 141176K, committed 143680K, reserved 1179648K
  class space    used 20021K, committed 21248K, reserved 1048576K
}
Event: 34.244 GC heap after
{Heap after GC invocations=66 (full 0):
 garbage-first heap   total 565248K, used 317887K [0x0000000080000000, 0x0000000100000000)
  region size 1024K, 16 young (16384K), 16 survivors (16384K)
 Metaspace       used 141176K, committed 143680K, reserved 1179648K
  class space    used 20021K, committed 21248K, reserved 1048576K
}
Event: 34.860 GC heap before
{Heap before GC invocations=66 (full 0):
 garbage-first heap   total 565248K, used 515519K [0x0000000080000000, 0x0000000100000000)
  region size 1024K, 210 young (215040K), 16 survivors (16384K)
 Metaspace       used 141350K, committed 143872K, reserved 1179648K
  class space    used 20033K, committed 21248K, reserved 1048576K
}
Event: 34.875 GC heap after
{Heap after GC invocations=67 (full 0):
 garbage-first heap   total 565248K, used 317635K [0x0000000080000000, 0x0000000100000000)
  region size 1024K, 8 young (8192K), 8 survivors (8192K)
 Metaspace       used 141350K, committed 143872K, reserved 1179648K
  class space    used 20033K, committed 21248K, reserved 1048576K
}
Event: 35.534 GC heap before
{Heap before GC invocations=67 (full 0):
 garbage-first heap   total 565248K, used 523459K [0x0000000080000000, 0x0000000100000000)
  region size 1024K, 210 young (215040K), 8 survivors (8192K)
 Metaspace       used 141406K, committed 143872K, reserved 1179648K
  class space    used 20036K, committed 21248K, reserved 1048576K
}
Event: 35.548 GC heap after
{Heap after GC invocations=68 (full 0):
 garbage-first heap   total 565248K, used 322930K [0x0000000080000000, 0x0000000100000000)
  region size 1024K, 13 young (13312K), 13 survivors (13312K)
 Metaspace       used 141406K, committed 143872K, reserved 1179648K
  class space    used 20036K, committed 21248K, reserved 1048576K
}
Event: 36.564 GC heap before
{Heap before GC invocations=69 (full 0):
 garbage-first heap   total 565248K, used 528754K [0x0000000080000000, 0x0000000100000000)
  region size 1024K, 215 young (220160K), 13 survivors (13312K)
 Metaspace       used 141401K, committed 143872K, reserved 1179648K
  class space    used 20034K, committed 21248K, reserved 1048576K
}
Event: 36.578 GC heap after
{Heap after GC invocations=70 (full 0):
 garbage-first heap   total 565248K, used 322356K [0x0000000080000000, 0x0000000100000000)
  region size 1024K, 13 young (13312K), 13 survivors (13312K)
 Metaspace       used 141401K, committed 143872K, reserved 1179648K
  class space    used 20034K, committed 21248K, reserved 1048576K
}
Event: 37.154 GC heap before
{Heap before GC invocations=70 (full 0):
 garbage-first heap   total 565248K, used 534324K [0x0000000080000000, 0x0000000100000000)
  region size 1024K, 220 young (225280K), 13 survivors (13312K)
 Metaspace       used 141410K, committed 143872K, reserved 1179648K
  class space    used 20034K, committed 21248K, reserved 1048576K
}

Dll operation events (3 events):
Event: 0.005 Loaded shared library E:\data download dian\android studio dian\jbr\bin\java.dll
Event: 0.009 Loaded shared library E:\data download dian\android studio dian\jbr\bin\zip.dll
Event: 0.583 Loaded shared library E:\data download dian\android studio dian\jbr\bin\verify.dll

Deoptimization events (20 events):
Event: 36.724 Thread 0x00000211cb0075b0 DEOPT PACKING pc=0x00000211adc1f9aa sp=0x000000caf3ef9080
Event: 36.724 Thread 0x00000211cb0075b0 DEOPT UNPACKING pc=0x00000211b3594b42 sp=0x000000caf3ef8780 mode 0
Event: 36.725 Thread 0x00000211cb0075b0 Uncommon trap: trap_request=0xffffff6e fr.pc=0x00000211b41db70c relative=0x0000000000008eac
Event: 36.725 Thread 0x00000211cb0075b0 Uncommon trap: reason=loop_limit_check action=maybe_recompile pc=0x00000211b41db70c method=com.android.tools.r8.internal.vi1.add(I)Z @ 10 c2
Event: 36.725 Thread 0x00000211cb0075b0 DEOPT PACKING pc=0x00000211b41db70c sp=0x000000caf3ef9280
Event: 36.725 Thread 0x00000211cb0075b0 DEOPT UNPACKING pc=0x00000211b35943a2 sp=0x000000caf3ef9188 mode 2
Event: 36.902 Thread 0x00000211cb006f20 DEOPT PACKING pc=0x00000211adf66842 sp=0x000000caf3df98d0
Event: 36.902 Thread 0x00000211cb006f20 DEOPT UNPACKING pc=0x00000211b3594b42 sp=0x000000caf3df8de0 mode 0
Event: 36.995 Thread 0x00000211cb006f20 DEOPT PACKING pc=0x00000211ae44f3fe sp=0x000000caf3dfa7f0
Event: 36.995 Thread 0x00000211cb006f20 DEOPT UNPACKING pc=0x00000211b3594b42 sp=0x000000caf3df9ca8 mode 0
Event: 37.020 Thread 0x00000211cb0075b0 Uncommon trap: trap_request=0xffffff45 fr.pc=0x00000211b45b4168 relative=0x0000000000000168
Event: 37.020 Thread 0x00000211cb0075b0 Uncommon trap: reason=unstable_if action=reinterpret pc=0x00000211b45b4168 method=com.android.tools.r8.internal.ph1.contains(Ljava/lang/Object;)Z @ 189 c2
Event: 37.020 Thread 0x00000211cb0075b0 DEOPT PACKING pc=0x00000211b45b4168 sp=0x000000caf3ef9190
Event: 37.020 Thread 0x00000211cb0075b0 DEOPT UNPACKING pc=0x00000211b35943a2 sp=0x000000caf3ef9100 mode 2
Event: 37.129 Thread 0x00000211cb0075b0 Uncommon trap: trap_request=0xffffff45 fr.pc=0x00000211b465956c relative=0x00000000000032cc
Event: 37.129 Thread 0x00000211cb0075b0 Uncommon trap: reason=unstable_if action=reinterpret pc=0x00000211b465956c method=com.android.tools.r8.internal.t52.c(ILcom/android/tools/r8/internal/s82;)Lcom/android/tools/r8/internal/kh3; @ 722 c2
Event: 37.129 Thread 0x00000211cb0075b0 DEOPT PACKING pc=0x00000211b465956c sp=0x000000caf3ef8ec0
Event: 37.130 Thread 0x00000211cb0075b0 DEOPT UNPACKING pc=0x00000211b35943a2 sp=0x000000caf3ef8e88 mode 2
Event: 37.133 Thread 0x00000211cb0075b0 DEOPT PACKING pc=0x00000211ae059744 sp=0x000000caf3ef8b80
Event: 37.133 Thread 0x00000211cb0075b0 DEOPT UNPACKING pc=0x00000211b3594b42 sp=0x000000caf3ef8050 mode 0

Classes loaded (20 events):
Event: 29.192 Loading class java/util/IdentityHashMap$IdentityHashMapSpliterator done
Event: 29.192 Loading class java/util/IdentityHashMap$EntrySpliterator done
Event: 29.231 Loading class java/util/SortedSet$1
Event: 29.232 Loading class java/util/SortedSet$1 done
Event: 29.352 Loading class java/util/PriorityQueue
Event: 29.353 Loading class java/util/PriorityQueue done
Event: 29.402 Loading class java/util/IdentityHashMap$ValueIterator
Event: 29.402 Loading class java/util/IdentityHashMap$ValueIterator done
Event: 29.619 Loading class java/util/concurrent/ConcurrentHashMap$TreeNode
Event: 29.619 Loading class java/util/concurrent/ConcurrentHashMap$TreeNode done
Event: 29.619 Loading class java/util/concurrent/ConcurrentHashMap$TreeBin
Event: 29.620 Loading class java/util/concurrent/ConcurrentHashMap$TreeBin done
Event: 31.415 Loading class java/nio/ShortBuffer
Event: 31.417 Loading class java/nio/ShortBuffer done
Event: 31.655 Loading class java/nio/ByteBufferAsShortBufferL
Event: 31.662 Loading class java/nio/ByteBufferAsShortBufferL done
Event: 31.781 Loading class java/util/zip/Adler32
Event: 31.782 Loading class java/util/zip/Adler32 done
Event: 31.899 Loading class java/nio/file/Files$2
Event: 31.899 Loading class java/nio/file/Files$2 done

Classes unloaded (8 events):
Event: 36.130 Thread 0x00000211c074cd50 Unloading class 0x0000000101424000 'java/lang/invoke/LambdaForm$DMH+0x0000000101424000'
Event: 36.130 Thread 0x00000211c074cd50 Unloading class 0x0000000101368000 'java/lang/invoke/LambdaForm$DMH+0x0000000101368000'
Event: 36.130 Thread 0x00000211c074cd50 Unloading class 0x0000000101368800 'java/lang/invoke/LambdaForm$DMH+0x0000000101368800'
Event: 36.130 Thread 0x00000211c074cd50 Unloading class 0x00000001012e5000 'java/lang/invoke/LambdaForm$DMH+0x00000001012e5000'
Event: 36.130 Thread 0x00000211c074cd50 Unloading class 0x00000001012e4c00 'java/lang/invoke/LambdaForm$DMH+0x00000001012e4c00'
Event: 36.130 Thread 0x00000211c074cd50 Unloading class 0x00000001012e4000 'java/lang/invoke/LambdaForm$DMH+0x00000001012e4000'
Event: 36.130 Thread 0x00000211c074cd50 Unloading class 0x00000001012e4400 'java/lang/invoke/LambdaForm$DMH+0x00000001012e4400'
Event: 36.130 Thread 0x00000211c074cd50 Unloading class 0x000000010126c400 'java/lang/invoke/LambdaForm$DMH+0x000000010126c400'

Classes redefined (0 events):
No events

Internal exceptions (20 events):
Event: 34.091 Thread 0x00000211cb0054e0 Exception <a 'sun/nio/fs/WindowsException'{0x0000000098863008}> (0x0000000098863008) 
thrown [s\src\hotspot\share\prims\jni.cpp, line 537]
Event: 34.092 Thread 0x00000211cb0054e0 Exception <a 'sun/nio/fs/WindowsException'{0x000000009886cce0}> (0x000000009886cce0) 
thrown [s\src\hotspot\share\prims\jni.cpp, line 537]
Event: 34.171 Thread 0x00000211cb0054e0 Exception <a 'sun/nio/fs/WindowsException'{0x0000000096b0f8d8}> (0x0000000096b0f8d8) 
thrown [s\src\hotspot\share\prims\jni.cpp, line 537]
Event: 34.196 Thread 0x00000211cb008ff0 Exception <a 'sun/nio/fs/WindowsException'{0x00000000961ed350}> (0x00000000961ed350) 
thrown [s\src\hotspot\share\prims\jni.cpp, line 537]
Event: 34.312 Thread 0x00000211cb0054e0 Exception <a 'sun/nio/fs/WindowsException'{0x000000009f550770}> (0x000000009f550770) 
thrown [s\src\hotspot\share\prims\jni.cpp, line 537]
Event: 34.538 Thread 0x00000211cb0054e0 Exception <a 'java/lang/IncompatibleClassChangeError'{0x000000009a395858}: Found class java.lang.Object, but interface was expected> (0x000000009a395858) 
thrown [s\src\hotspot\share\interpreter\linkResolver.cpp, line 851]
Event: 34.564 Thread 0x00000211cb008ff0 Exception <a 'sun/nio/fs/WindowsException'{0x0000000099a19758}> (0x0000000099a19758) 
thrown [s\src\hotspot\share\prims\jni.cpp, line 537]
Event: 34.825 Thread 0x00000211cb0054e0 Exception <a 'sun/nio/fs/WindowsException'{0x000000009570d678}> (0x000000009570d678) 
thrown [s\src\hotspot\share\prims\jni.cpp, line 537]
Event: 35.015 Thread 0x00000211cb0054e0 Exception <a 'sun/nio/fs/WindowsException'{0x000000009fc7be40}> (0x000000009fc7be40) 
thrown [s\src\hotspot\share\prims\jni.cpp, line 537]
Event: 35.027 Thread 0x00000211cb008ff0 Exception <a 'sun/nio/fs/WindowsException'{0x000000009e1bc4f0}> (0x000000009e1bc4f0) 
thrown [s\src\hotspot\share\prims\jni.cpp, line 537]
Event: 35.028 Thread 0x00000211cb0054e0 Exception <a 'sun/nio/fs/WindowsException'{0x000000009e061b38}> (0x000000009e061b38) 
thrown [s\src\hotspot\share\prims\jni.cpp, line 537]
Event: 35.128 Thread 0x00000211cb0054e0 Exception <a 'sun/nio/fs/WindowsException'{0x000000009e07d0f0}> (0x000000009e07d0f0) 
thrown [s\src\hotspot\share\prims\jni.cpp, line 537]
Event: 35.140 Thread 0x00000211cb0054e0 Exception <a 'sun/nio/fs/WindowsException'{0x000000009b823008}> (0x000000009b823008) 
thrown [s\src\hotspot\share\prims\jni.cpp, line 537]
Event: 35.142 Thread 0x00000211cb0054e0 Exception <a 'sun/nio/fs/WindowsException'{0x000000009b82bc30}> (0x000000009b82bc30) 
thrown [s\src\hotspot\share\prims\jni.cpp, line 537]
Event: 35.142 Thread 0x00000211cb0054e0 Exception <a 'sun/nio/fs/WindowsException'{0x000000009b82ca68}> (0x000000009b82ca68) 
thrown [s\src\hotspot\share\prims\jni.cpp, line 537]
Event: 35.142 Thread 0x00000211cb0054e0 Exception <a 'sun/nio/fs/WindowsException'{0x000000009b700b58}> (0x000000009b700b58) 
thrown [s\src\hotspot\share\prims\jni.cpp, line 537]
Event: 35.142 Thread 0x00000211cb0054e0 Exception <a 'sun/nio/fs/WindowsException'{0x000000009b701de0}> (0x000000009b701de0) 
thrown [s\src\hotspot\share\prims\jni.cpp, line 537]
Event: 35.145 Thread 0x00000211cb0054e0 Exception <a 'sun/nio/fs/WindowsException'{0x000000009b708880}> (0x000000009b708880) 
thrown [s\src\hotspot\share\prims\jni.cpp, line 537]
Event: 35.145 Thread 0x00000211cb0054e0 Exception <a 'sun/nio/fs/WindowsException'{0x000000009b7099b0}> (0x000000009b7099b0) 
thrown [s\src\hotspot\share\prims\jni.cpp, line 537]
Event: 36.225 Thread 0x00000211c9c17150 Exception <a 'sun/nio/fs/WindowsException'{0x00000000999934b8}> (0x00000000999934b8) 
thrown [s\src\hotspot\share\prims\jni.cpp, line 537]

ZGC Phase Switch (0 events):
No events

VM Operations (20 events):
Event: 34.244 Executing VM operation: G1CollectForAllocation (G1 Evacuation Pause) done
Event: 34.251 Executing VM operation: HandshakeAllThreads (Deoptimize)
Event: 34.282 Executing VM operation: HandshakeAllThreads (Deoptimize) done
Event: 34.497 Executing VM operation: HandshakeAllThreads (Deoptimize)
Event: 34.527 Executing VM operation: HandshakeAllThreads (Deoptimize) done
Event: 34.539 Executing VM operation: ICBufferFull
Event: 34.539 Executing VM operation: ICBufferFull done
Event: 34.732 Executing VM operation: ICBufferFull
Event: 34.739 Executing VM operation: ICBufferFull done
Event: 34.845 Executing VM operation: G1CollectForAllocation (G1 Evacuation Pause)
Event: 34.875 Executing VM operation: G1CollectForAllocation (G1 Evacuation Pause) done
Event: 35.531 Executing VM operation: G1CollectForAllocation (G1 Evacuation Pause)
Event: 35.549 Executing VM operation: G1CollectForAllocation (G1 Evacuation Pause) done
Event: 36.122 Executing VM operation: G1PauseRemark
Event: 36.148 Executing VM operation: G1PauseRemark done
Event: 36.405 Executing VM operation: G1PauseCleanup
Event: 36.419 Executing VM operation: G1PauseCleanup done
Event: 36.557 Executing VM operation: G1CollectForAllocation (G1 Evacuation Pause)
Event: 36.578 Executing VM operation: G1CollectForAllocation (G1 Evacuation Pause) done
Event: 37.151 Executing VM operation: G1CollectForAllocation (G1 Evacuation Pause)

Memory protections (0 events):
No events

Nmethod flushes (20 events):
Event: 36.146 Thread 0x00000211c074cd50 flushing  nmethod 0x00000211ac34a210
Event: 36.146 Thread 0x00000211c074cd50 flushing  nmethod 0x00000211ac4d9790
Event: 36.146 Thread 0x00000211c074cd50 flushing  nmethod 0x00000211ac544e10
Event: 36.146 Thread 0x00000211c074cd50 flushing  nmethod 0x00000211ac550f10
Event: 36.146 Thread 0x00000211c074cd50 flushing  nmethod 0x00000211ac551c90
Event: 36.146 Thread 0x00000211c074cd50 flushing  nmethod 0x00000211ac559290
Event: 36.146 Thread 0x00000211c074cd50 flushing  nmethod 0x00000211ac676010
Event: 36.146 Thread 0x00000211c074cd50 flushing  nmethod 0x00000211ac6b7190
Event: 36.146 Thread 0x00000211c074cd50 flushing  nmethod 0x00000211ac87e790
Event: 36.146 Thread 0x00000211c074cd50 flushing  nmethod 0x00000211acbc5a10
Event: 36.146 Thread 0x00000211c074cd50 flushing  nmethod 0x00000211acc38f90
Event: 36.146 Thread 0x00000211c074cd50 flushing  nmethod 0x00000211accbae10
Event: 36.146 Thread 0x00000211c074cd50 flushing  nmethod 0x00000211acf37010
Event: 36.146 Thread 0x00000211c074cd50 flushing  nmethod 0x00000211acf3b010
Event: 36.146 Thread 0x00000211c074cd50 flushing  nmethod 0x00000211ad088690
Event: 36.146 Thread 0x00000211c074cd50 flushing  nmethod 0x00000211ad3ad490
Event: 36.146 Thread 0x00000211c074cd50 flushing  nmethod 0x00000211ad48bc90
Event: 36.146 Thread 0x00000211c074cd50 flushing  nmethod 0x00000211ad56a210
Event: 36.146 Thread 0x00000211c074cd50 flushing  nmethod 0x00000211ad598210
Event: 36.146 Thread 0x00000211c074cd50 flushing  nmethod 0x00000211ad5a1810

Events (20 events):
Event: 23.326 Thread 0x00000211cbb8ee10 Thread exited: 0x00000211cbb8ee10
Event: 23.781 Thread 0x00000211c7e94710 Thread exited: 0x00000211c7e94710
Event: 24.061 Thread 0x00000211c07f7010 Thread added: 0x00000211cbb8fbb0
Event: 24.076 Thread 0x00000211c9c16ac0 Thread added: 0x00000211cd69e520
Event: 24.519 Thread 0x00000211c9c16ac0 Thread added: 0x00000211cd69d800
Event: 24.538 Thread 0x00000211c9c149f0 Thread added: 0x00000211cd698940
Event: 24.538 Thread 0x00000211c9c149f0 Thread added: 0x00000211cd6982b0
Event: 24.539 Thread 0x00000211c9c149f0 Thread added: 0x00000211cd697590
Event: 24.539 Thread 0x00000211c9c149f0 Thread added: 0x00000211cd69ebb0
Event: 24.539 Thread 0x00000211c9c149f0 Thread added: 0x00000211cd698fd0
Event: 24.736 Thread 0x00000211cd69d800 Thread added: 0x00000211cd691320
Event: 24.900 Thread 0x00000211c07f7010 Thread added: 0x00000211cbb916f0
Event: 26.991 Thread 0x00000211cd691320 Thread exited: 0x00000211cd691320
Event: 27.279 Thread 0x00000211cd69d800 Thread added: 0x00000211cd693a80
Event: 27.300 Thread 0x00000211cd69d800 Thread added: 0x00000211cd6947a0
Event: 27.301 Loaded shared library E:\data download dian\android studio dian\jbr\bin\rmi.dll
Event: 27.303 Thread 0x00000211cd69d800 Thread added: 0x00000211cd690c90
Event: 27.709 Thread 0x00000211cd69d800 Thread added: 0x00000211cd5bf3e0
Event: 27.709 Thread 0x00000211cd69d800 Thread added: 0x00000211cd5c14b0
Event: 27.872 Thread 0x00000211cd5bf3e0 Thread added: 0x00000211cd5bd9a0


Dynamic libraries:
0x00007ff763650000 - 0x00007ff76365a000 	E:\data download dian\android studio dian\jbr\bin\java.exe
0x00007ff978dc0000 - 0x00007ff978fc9000 	C:\Windows\SYSTEM32\ntdll.dll
0x00007ff977f20000 - 0x00007ff977fde000 	C:\Windows\System32\KERNEL32.DLL
0x00007ff976800000 - 0x00007ff976b84000 	C:\Windows\System32\KERNELBASE.dll
0x00007ff976390000 - 0x00007ff9764a1000 	C:\Windows\System32\ucrtbase.dll
0x00007ff96c1a0000 - 0x00007ff96c1bb000 	E:\data download dian\android studio dian\jbr\bin\VCRUNTIME140.dll
0x00007ff971500000 - 0x00007ff971518000 	E:\data download dian\android studio dian\jbr\bin\jli.dll
0x00007ff978310000 - 0x00007ff9784bd000 	C:\Windows\System32\USER32.dll
0x00007ff976b90000 - 0x00007ff976bb6000 	C:\Windows\System32\win32u.dll
0x00007ff959010000 - 0x00007ff9592b5000 	C:\Windows\WinSxS\amd64_microsoft.windows.common-controls_6595b64144ccf1df_6.0.22000.120_none_9d947278b86cc467\COMCTL32.dll
0x00007ff977430000 - 0x00007ff97745a000 	C:\Windows\System32\GDI32.dll
0x00007ff978ac0000 - 0x00007ff978b63000 	C:\Windows\System32\msvcrt.dll
0x00007ff976270000 - 0x00007ff97638f000 	C:\Windows\System32\gdi32full.dll
0x00007ff9764b0000 - 0x00007ff97654d000 	C:\Windows\System32\msvcp_win.dll
0x00007ff977360000 - 0x00007ff977391000 	C:\Windows\System32\IMM32.DLL
0x00007ff972a30000 - 0x00007ff972a3c000 	E:\data download dian\android studio dian\jbr\bin\vcruntime140_1.dll
0x00007ff92aa60000 - 0x00007ff92aaed000 	E:\data download dian\android studio dian\jbr\bin\msvcp140.dll
0x00007ff920c60000 - 0x00007ff9218f6000 	E:\data download dian\android studio dian\jbr\bin\server\jvm.dll
0x00007ff977d80000 - 0x00007ff977e2f000 	C:\Windows\System32\ADVAPI32.dll
0x00007ff978660000 - 0x00007ff9786fe000 	C:\Windows\System32\sechost.dll
0x00007ff9784c0000 - 0x00007ff9785e1000 	C:\Windows\System32\RPCRT4.dll
0x00007ff9773c0000 - 0x00007ff97742f000 	C:\Windows\System32\WS2_32.dll
0x00007ff974be0000 - 0x00007ff974c2d000 	C:\Windows\SYSTEM32\POWRPROF.dll
0x00007ff970b80000 - 0x00007ff970bb3000 	C:\Windows\SYSTEM32\WINMM.dll
0x00007ff96f3a0000 - 0x00007ff96f3aa000 	C:\Windows\SYSTEM32\VERSION.dll
0x00007ff974cd0000 - 0x00007ff974ce3000 	C:\Windows\SYSTEM32\UMPDC.dll
0x00007ff9753e0000 - 0x00007ff9753f8000 	C:\Windows\SYSTEM32\kernel.appcore.dll
0x00007ff971c20000 - 0x00007ff971c2a000 	E:\data download dian\android studio dian\jbr\bin\jimage.dll
0x00007ff973e50000 - 0x00007ff974071000 	C:\Windows\SYSTEM32\DBGHELP.DLL
0x00007ff957260000 - 0x00007ff957291000 	C:\Windows\SYSTEM32\dbgcore.DLL
0x00007ff976780000 - 0x00007ff9767ff000 	C:\Windows\System32\bcryptPrimitives.dll
0x00007ff971bf0000 - 0x00007ff971bfe000 	E:\data download dian\android studio dian\jbr\bin\instrument.dll
0x00007ff95dae0000 - 0x00007ff95db00000 	E:\data download dian\android studio dian\jbr\bin\java.dll
0x00007ff95a960000 - 0x00007ff95a978000 	E:\data download dian\android studio dian\jbr\bin\zip.dll
0x00007ff977550000 - 0x00007ff977d15000 	C:\Windows\System32\SHELL32.dll
0x00007ff974360000 - 0x00007ff974bc4000 	C:\Windows\SYSTEM32\windows.storage.dll
0x00007ff978720000 - 0x00007ff978a96000 	C:\Windows\System32\combase.dll
0x00007ff9741f0000 - 0x00007ff974357000 	C:\Windows\SYSTEM32\wintypes.dll
0x00007ff978c90000 - 0x00007ff978d7a000 	C:\Windows\System32\SHCORE.dll
0x00007ff977d20000 - 0x00007ff977d7d000 	C:\Windows\System32\shlwapi.dll
0x00007ff9761a0000 - 0x00007ff9761c1000 	C:\Windows\SYSTEM32\profapi.dll
0x00007ff971bd0000 - 0x00007ff971be0000 	E:\data download dian\android studio dian\jbr\bin\net.dll
0x00007ff970d50000 - 0x00007ff970e63000 	C:\Windows\SYSTEM32\WINHTTP.dll
0x00007ff975880000 - 0x00007ff9758e7000 	C:\Windows\system32\mswsock.dll
0x00007ff95a940000 - 0x00007ff95a956000 	E:\data download dian\android studio dian\jbr\bin\nio.dll
0x00007ff95dad0000 - 0x00007ff95dae0000 	E:\data download dian\android studio dian\jbr\bin\verify.dll
0x00007ff95d490000 - 0x00007ff95d4b7000 	C:\Users\user\.gradle\native\660c5614fbf4a5f2a75b1949f50a0caf5cd603558e7d8a26e50b933a0cfb79d1\windows-amd64\native-platform.dll
0x00007ff921f80000 - 0x00007ff921ff7000 	C:\Users\user\.gradle\native\0.2.8\x86_64-windows-gnu\gradle-fileevents.dll
0x00007ff96c190000 - 0x00007ff96c199000 	E:\data download dian\android studio dian\jbr\bin\management.dll
0x00007ff968f40000 - 0x00007ff968f4b000 	E:\data download dian\android studio dian\jbr\bin\management_ext.dll
0x00007ff978710000 - 0x00007ff978718000 	C:\Windows\System32\PSAPI.DLL
0x00007ff974f40000 - 0x00007ff974f6d000 	C:\Windows\SYSTEM32\IPHLPAPI.DLL
0x00007ff977540000 - 0x00007ff977549000 	C:\Windows\System32\NSI.dll
0x00007ff9707b0000 - 0x00007ff9707b9000 	E:\data download dian\android studio dian\jbr\bin\extnet.dll
0x00007ff975ad0000 - 0x00007ff975ae8000 	C:\Windows\SYSTEM32\CRYPTSP.dll
0x00007ff975340000 - 0x00007ff975375000 	C:\Windows\system32\rsaenh.dll
0x00007ff975980000 - 0x00007ff9759a9000 	C:\Windows\SYSTEM32\USERENV.dll
0x00007ff975c50000 - 0x00007ff975c77000 	C:\Windows\SYSTEM32\bcrypt.dll
0x00007ff975af0000 - 0x00007ff975afc000 	C:\Windows\SYSTEM32\CRYPTBASE.dll
0x00007ff9714c0000 - 0x00007ff9714c8000 	C:\Windows\system32\wshunix.dll
0x00007ff9708f0000 - 0x00007ff9708f7000 	E:\data download dian\android studio dian\jbr\bin\rmi.dll

JVMTI agents:
C:\Users\user\.gradle\wrapper\dists\gradle-9.2.1-bin\2t0n5ozlw9xmuyvbp7dnzaxug\gradle-9.2.1\lib\agents\gradle-instrumentation-agent-9.2.1.jar path:E:\data download dian\android studio dian\jbr\bin\instrument.dll, loaded, initialized, instrumentlib options:none

dbghelp: loaded successfully - version: 4.0.5 - missing functions: none
symbol engine: initialized successfully - sym options: 0x614 - pdb path: .;E:\data download dian\android studio dian\jbr\bin;C:\Windows\SYSTEM32;C:\Windows\WinSxS\amd64_microsoft.windows.common-controls_6595b64144ccf1df_6.0.22000.120_none_9d947278b86cc467;E:\data download dian\android studio dian\jbr\bin\server;C:\Users\user\.gradle\native\660c5614fbf4a5f2a75b1949f50a0caf5cd603558e7d8a26e50b933a0cfb79d1\windows-amd64;C:\Users\user\.gradle\native\0.2.8\x86_64-windows-gnu

VM Arguments:
jvm_args: --add-opens=java.base/java.lang=ALL-UNNAMED --add-opens=java.base/java.lang.invoke=ALL-UNNAMED --add-opens=java.base/java.util=ALL-UNNAMED --add-opens=java.prefs/java.util.prefs=ALL-UNNAMED --add-exports=jdk.compiler/com.sun.tools.javac.api=ALL-UNNAMED --add-exports=jdk.compiler/com.sun.tools.javac.util=ALL-UNNAMED --add-opens=java.base/java.util=ALL-UNNAMED --add-opens=java.prefs/java.util.prefs=ALL-UNNAMED --add-opens=java.base/java.nio.charset=ALL-UNNAMED --add-opens=java.base/java.net=ALL-UNNAMED --add-opens=java.base/java.util.concurrent=ALL-UNNAMED --add-opens=java.base/java.util.concurrent.atomic=ALL-UNNAMED --add-opens=java.xml/javax.xml.namespace=ALL-UNNAMED --add-opens=java.base/java.time=ALL-UNNAMED -Xmx2048m -Dfile.encoding=UTF-8 -Duser.country=ID -Duser.language=en -Duser.variant -javaagent:C:\Users\user\.gradle\wrapper\dists\gradle-9.2.1-bin\2t0n5ozlw9xmuyvbp7dnzaxug\gradle-9.2.1\lib\agents\gradle-instrumentation-agent-9.2.1.jar 
java_command: org.gradle.launcher.daemon.bootstrap.GradleDaemon 9.2.1
java_class_path (initial): C:\Users\user\.gradle\wrapper\dists\gradle-9.2.1-bin\2t0n5ozlw9xmuyvbp7dnzaxug\gradle-9.2.1\lib\gradle-daemon-main-9.2.1.jar
Launcher Type: SUN_STANDARD

[Global flags]
     intx CICompilerCount                          = 4                                         {product} {ergonomic}
     uint ConcGCThreads                            = 2                                         {product} {ergonomic}
     uint G1ConcRefinementThreads                  = 8                                         {product} {ergonomic}
   size_t G1HeapRegionSize                         = 1048576                                   {product} {ergonomic}
    uintx GCDrainStackTargetSize                   = 64                                        {product} {ergonomic}
   size_t InitialHeapSize                          = 266338304                                 {product} {ergonomic}
   size_t MarkStackSize                            = 4194304                                   {product} {ergonomic}
   size_t MaxHeapSize                              = 2147483648                                {product} {command line}
   size_t MaxNewSize                               = 1287651328                                {product} {ergonomic}
   size_t MinHeapDeltaBytes                        = 1048576                                   {product} {ergonomic}
   size_t MinHeapSize                              = 8388608                                   {product} {ergonomic}
    uintx NonNMethodCodeHeapSize                   = 5839372                                {pd product} {ergonomic}
    uintx NonProfiledCodeHeapSize                  = 122909434                              {pd product} {ergonomic}
    uintx ProfiledCodeHeapSize                     = 122909434                              {pd product} {ergonomic}
    uintx ReservedCodeCacheSize                    = 251658240                              {pd product} {ergonomic}
     bool SegmentedCodeCache                       = true                                      {product} {ergonomic}
   size_t SoftMaxHeapSize                          = 2147483648                             {manageable} {ergonomic}
     bool UseCompressedOops                        = true                           {product lp64_product} {ergonomic}
     bool UseG1GC                                  = true                                      {product} {ergonomic}
     bool UseLargePagesIndividualAllocation        = false                                  {pd product} {ergonomic}

Logging:
Log output configuration:
 #0: stdout all=warning uptime,level,tags foldmultilines=false
 #1: stderr all=off uptime,level,tags foldmultilines=false

Release file:
JAVA_VERSION="21.0.9" 
MODULES="java.base java.compiler java.datatransfer java.xml java.prefs java.desktop java.instrument java.logging java.management java.security.sasl java.naming java.rmi java.management.rmi java.net.http java.scripting java.security.jgss java.transaction.xa java.sql java.sql.rowset java.xml.crypto java.se java.smartcardio jdk.accessibility jdk.internal.jvmstat jdk.attach jdk.charsets jdk.internal.opt jdk.zipfs jdk.compiler jdk.crypto.ec jdk.crypto.cryptoki jdk.dynalink jdk.hotspot.agent jdk.httpserver jdk.internal.ed jdk.internal.le jdk.internal.vm.ci jdk.jartool jdk.javadoc jdk.jcmd jdk.jdeps jdk.jdwp.agent jdk.jdi jdk.jfr jdk.jlink jdk.jsobject jdk.localedata jdk.management jdk.management.agent jdk.management.jfr jdk.naming.dns jdk.naming.rmi jdk.net jdk.sctp jdk.security.auth jdk.security.jgss jdk.unsupported jdk.unsupported.desktop jdk.xml.dom" 
IMPLEMENTOR="JetBrains s.r.o." 
JAVA_RUNTIME_VERSION="21.0.9+-14649483-b1163.86" 
LIBC="default" 
OS_ARCH="x86_64" 
OS_NAME="Windows" 
SOURCE=".:git:554d0c326095" 

Environment Variables:
PATH=C:\Program Files (x86)\VMware\VMware Player\bin\;C:\Program Files (x86)\Common Files\Oracle\Java\java8path;C:\Program Files (x86)\Common Files\Oracle\Java\javapath;C:\Windows\system32;C:\Windows;C:\Windows\System32\Wbem;C:\Windows\System32\WindowsPowerShell\v1.0\;C:\Windows\System32\OpenSSH\;C:\MinGW\bin;C:\Program Files\Git\cmd;C:\Program Files (x86)\Microsoft SQL Server\160\Tools\Binn\;C:\Program Files\Microsoft SQL Server\160\Tools\Binn\;C:\Program Files\Microsoft SQL Server\Client SDK\ODBC\170\Tools\Binn\;C:\Program Files\Microsoft SQL Server\160\DTS\Binn\;C:\Program Files (x86)\Microsoft SQL Server\160\DTS\Binn\;C:\laragon\bin\php\php-8.3.26-nts-Win32-vs16-x64;C:\laragon\bin;C:\laragon\bin\apache\httpd-2.4.54-win64-VS16\bin;C:\laragon\bin\composer;C:\laragon\bin\git\bin;C:\laragon\bin\git\cmd;C:\laragon\bin\git\mingw64\bin;C:\laragon\bin\git\usr\bin;C:\laragon\bin\laragon\utils;C:\laragon\bin\mysql\mysql-8.0.30-winx64\bin;C:\laragon\bin\nginx\nginx-1.22.0;C:\laragon\bin\ngrok;C:\laragon\bin\nodejs\node-v18;C:\laragon\bin\notepad++;C:\laragon\bin\php\php-8.3.26-nts-Win32-vs16-x64;C:\laragon\bin\python\python-3.10;C:\laragon\bin\python\python-3.10\Scripts;C:\laragon\bin\redis\redis-x64-5.0.14.1;C:\laragon\bin\telnet;C:\laragon\usr\bin;C:\Users\user\AppData\Local\Yarn\config\global\node_modules\.bin;C:\Users\user\AppData\Roaming\Composer\vendor\bin;C:\Users\user\AppData\Roaming\npm;C:\Users\user\AppData\Local\Programs\Python\Python313\Scripts\;C:\Users\user\AppData\Local\Programs\Python\Python313\;C:\Users\user\AppData\Local\Programs\Python\Launcher\;C:\Users\user\AppData\Local\Microsoft\WindowsApps;C:\Users\user\AppData\Local\Programs\Microsoft VS Code\bin;
USERNAME=user
OS=Windows_NT
PROCESSOR_IDENTIFIER=Intel64 Family 6 Model 142 Stepping 12, GenuineIntel
TMP=C:\Users\user\AppData\Local\Temp
TEMP=C:\Users\user\AppData\Local\Temp




Periodic native trim disabled

JNI global refs:
JNI global refs: 30, weak refs: 120

JNI global refs memory usage: 835, weak refs: 1465

Process memory usage:
Resident Set Size: 983844K (5% of 16587672K total physical memory with 572940K free physical memory)

OOME stack traces (most recent first):
Classloader memory used:
Loader org.gradle.internal.classloader.VisitableURLClassLoader$InstrumentingVisitableURLClassLoader: 48304K
Loader org.gradle.internal.classloader.VisitableURLClassLoader                         : 46109K
Loader bootstrap                                                                       : 29988K
Loader org.gradle.initialization.MixInLegacyTypesClassLoader                           : 13306K
Loader java.net.URLClassLoader                                                         : 2490K
Loader jdk.internal.reflect.DelegatingClassLoader                                      : 492K
Loader jdk.internal.loader.ClassLoaders$AppClassLoader                                 : 233K
Loader org.gradle.internal.classloader.VisitableURLClassLoader                         : 208K
Loader jdk.internal.loader.ClassLoaders$PlatformClassLoader                            : 149K
Loader org.gradle.groovy.scripts.internal.DefaultScriptCompilationHandler$ScriptClassLoader: 127K

Classes loaded by more than one classloader:
Class Program                                                                         : loaded 5 times (x 72B)
Class Build_gradle                                                                    : loaded 3 times (x 126B)
Class com.google.common.base.PairwiseEquivalence                                      : loaded 2 times (x 83B)
Class com.google.common.base.Equivalence$Identity                                     : loaded 2 times (x 82B)
Class com.google.common.collect.RegularImmutableMap$KeySet                            : loaded 2 times (x 152B)
Class org.gradle.internal.classloader.FilteringClassLoader                            : loaded 2 times (x 105B)
Class kotlin.io.FilesKt__FileTreeWalkKt                                               : loaded 2 times (x 71B)
Class kotlin.sequences.FilteringSequence$iterator$1                                   : loaded 2 times (x 79B)
Class kotlin.sequences.SequencesKt__SequenceBuilderKt                                 : loaded 2 times (x 71B)
Class kotlin.collections.CollectionsKt__ReversedViewsKt                               : loaded 2 times (x 71B)
Class com.google.common.base.CharMatcher$IsEither                                     : loaded 2 times (x 111B)
Class org.gradle.internal.classloader.ClassLoaderHierarchy                            : loaded 2 times (x 70B)
Class com.google.common.collect.ImmutableEnumSet                                      : loaded 2 times (x 146B)
Class com.google.common.util.concurrent.ExecutionError                                : loaded 2 times (x 82B)
Class com.google.common.collect.ImmutableList$1                                       : loaded 2 times (x 97B)
Class org.gradle.api.internal.classpath.ManifestUtil                                  : loaded 2 times (x 71B)
Class com.google.common.io.ByteArrayDataOutput                                        : loaded 2 times (x 70B)
Class com.google.common.collect.RegularImmutableMap                                   : loaded 2 times (x 121B)
Class com.google.common.collect.ImmutableMap$MapViewOfValuesAsSingletonSets           : loaded 2 times (x 126B)
Class [Lorg.objectweb.asm.Symbol;                                                     : loaded 2 times (x 69B)
Class org.objectweb.asm.ClassVisitor                                                  : loaded 2 times (x 88B)
Class com.google.common.collect.UnmodifiableListIterator                              : loaded 2 times (x 95B)
Class com.google.common.base.Platform$JdkPatternCompiler                              : loaded 2 times (x 75B)
Class org.objectweb.asm.MethodTooLargeException                                       : loaded 2 times (x 83B)
Class [Lcom.google.common.cache.CacheBuilder$OneWeigher;                              : loaded 2 times (x 69B)
Class com.google.common.base.Suppliers                                                : loaded 2 times (x 71B)
Class org.gradle.internal.classloader.DefaultClassLoaderFactory                       : loaded 2 times (x 82B)
Class kotlin.sequences.SequencesKt___SequencesKt                                      : loaded 2 times (x 71B)
Class kotlin.collections.AbstractList$Companion                                       : loaded 2 times (x 71B)
Class org.gradle.internal.classloader.ClassLoaderVisitor                              : loaded 2 times (x 76B)
Class [Lcom.google.common.collect.ImmutableMapEntry;                                  : loaded 2 times (x 69B)
Class org.gradle.api.internal.classpath.EffectiveClassPath                            : loaded 2 times (x 90B)
Class kotlin.text.StringsKt__AppendableKt                                             : loaded 2 times (x 71B)
Class com.google.common.collect.ListMultimap                                          : loaded 2 times (x 70B)
Class com.google.common.collect.ImmutableEnumMap                                      : loaded 2 times (x 126B)
Class com.google.common.collect.ImmutableSet$SerializedForm                           : loaded 2 times (x 73B)
Class com.google.common.collect.Sets$1                                                : loaded 2 times (x 139B)
Class org.objectweb.asm.AnnotationVisitor                                             : loaded 2 times (x 78B)
Class org.gradle.api.internal.DefaultClassPathProvider                                : loaded 2 times (x 76B)
Class kotlin.sequences.Sequence                                                       : loaded 2 times (x 70B)
Class kotlin.text.StringsKt__StringNumberConversionsJVMKt                             : loaded 2 times (x 71B)
Class com.google.common.collect.Sets$2                                                : loaded 2 times (x 139B)
Class [Lorg.gradle.api.internal.ClassPathProvider;                                    : loaded 2 times (x 69B)
Class org.gradle.api.internal.ClassPathProvider                                       : loaded 2 times (x 70B)
Class [Lorg.objectweb.asm.AnnotationVisitor;                                          : loaded 2 times (x 69B)
Class com.google.common.collect.Sets$3                                                : loaded 2 times (x 139B)
Class com.google.common.cache.LocalCache$LocalLoadingCache                            : loaded 2 times (x 134B)
Class org.gradle.internal.service.UnknownServiceException                             : loaded 2 times (x 83B)
Class com.google.common.io.ByteArrayDataInput                                         : loaded 2 times (x 70B)
Class com.google.common.collect.Sets$4                                                : loaded 2 times (x 139B)
Class org.objectweb.asm.ModuleVisitor                                                 : loaded 2 times (x 81B)
Class com.google.common.cache.LocalCache$Strength$1                                   : loaded 2 times (x 81B)
Class com.google.common.util.concurrent.SettableFuture                                : loaded 2 times (x 114B)
Class com.google.common.cache.LocalCache$Strength$2                                   : loaded 2 times (x 81B)
Class kotlin.collections.ArraysKt___ArraysJvmKt                                       : loaded 2 times (x 71B)
Class kotlin.collections.CollectionsKt__CollectionsKt                                 : loaded 2 times (x 71B)
Class kotlin.text.StringsKt__RegexExtensionsJVMKt                                     : loaded 2 times (x 71B)
Class com.google.common.io.ByteStreams                                                : loaded 2 times (x 71B)
Class com.google.common.cache.LocalCache$Strength$3                                   : loaded 2 times (x 81B)
Class com.google.common.collect.MapDifference                                         : loaded 2 times (x 70B)
Class kotlin._Assertions                                                              : loaded 2 times (x 71B)
Class org.objectweb.asm.FieldWriter                                                   : loaded 2 times (x 78B)
Class com.google.common.cache.CacheBuilder$NullListener                               : loaded 2 times (x 82B)
Class org.gradle.internal.classpath.TransformedClassPath                              : loaded 2 times (x 96B)
Class org.gradle.internal.classloader.InstrumentingClassLoader                        : loaded 2 times (x 70B)
Class kotlin.enums.EnumEntriesList                                                    : loaded 2 times (x 223B)
Class com.google.common.cache.CacheLoader$FunctionToCacheLoader                       : loaded 2 times (x 75B)
Class com.google.common.collect.Iterators$ArrayItr                                    : loaded 2 times (x 97B)
Class com.google.common.collect.ImmutableCollection$Builder                           : loaded 2 times (x 76B)
Class kotlin.comparisons.ComparisonsKt___ComparisonsJvmKt                             : loaded 2 times (x 71B)
Class kotlin.collections.CollectionsKt__IteratorsJVMKt                                : loaded 2 times (x 71B)
Class com.google.common.base.Joiner                                                   : loaded 2 times (x 79B)
Class com.google.common.base.MoreObjects                                              : loaded 2 times (x 71B)
Class kotlin.text.StringsKt__StringsKt                                                : loaded 2 times (x 71B)
Class org.jetbrains.kotlin.build.report.metrics.GradleBuildTime                       : loaded 2 times (x 86B)
Class com.google.common.collect.Platform                                              : loaded 2 times (x 71B)
Class [Lorg.objectweb.asm.Type;                                                       : loaded 2 times (x 69B)
Class com.google.common.collect.UnmodifiableIterator                                  : loaded 2 times (x 80B)
Class org.gradle.internal.service.ServiceLocator                                      : loaded 2 times (x 70B)
Class kotlin.Pair                                                                     : loaded 2 times (x 72B)
Class [Lkotlin.Function;                                                              : loaded 2 times (x 69B)
Class com.google.common.base.Ascii                                                    : loaded 2 times (x 71B)
Class com.google.common.collect.SingletonImmutableBiMap                               : loaded 2 times (x 143B)
Class com.google.common.cache.LocalCache$1                                            : loaded 2 times (x 89B)
Class com.google.common.collect.Iterators$SingletonIterator                           : loaded 2 times (x 81B)
Class com.google.common.collect.AbstractMapEntry                                      : loaded 2 times (x 81B)
Class kotlin.io.CloseableKt                                                           : loaded 2 times (x 71B)
Class kotlin.collections.CollectionsKt__MutableCollectionsKt                          : loaded 2 times (x 71B)
Class com.google.common.collect.Sets$ImprovedAbstractSet                              : loaded 2 times (x 135B)
Class com.google.common.collect.ImmutableList$Builder                                 : loaded 2 times (x 77B)
Class com.google.common.collect.AbstractMultimap                                      : loaded 2 times (x 123B)
Class com.google.common.cache.LocalCache$2                                            : loaded 2 times (x 142B)
Class kotlin.io.TerminateException                                                    : loaded 2 times (x 82B)
Class kotlin.io.FilesKt__FilePathComponentsKt                                         : loaded 2 times (x 71B)
Class com.google.common.collect.RegularImmutableAsList                                : loaded 2 times (x 217B)
Class com.google.common.util.concurrent.AbstractFuture$Trusted                        : loaded 2 times (x 70B)
Class com.google.common.collect.Iterators                                             : loaded 2 times (x 71B)
Class [Lorg.jetbrains.kotlin.build.report.metrics.BuildTime;                          : loaded 2 times (x 69B)
Class com.google.common.collect.Lists$StringAsImmutableList                           : loaded 2 times (x 207B)
Class com.google.common.util.concurrent.UncheckedExecutionException                   : loaded 2 times (x 82B)
Class org.gradle.kotlin.dsl.VersionCatalogAccessorsKt                                 : loaded 2 times (x 71B)
Class ijKotlinCoroutineJvmDebugInit1_9sv6alppme9gmt0k1rtk5kuhh$_run_closure1$_closure2: loaded 2 times (x 139B)
Class kotlin.collections.EmptyList                                                    : loaded 2 times (x 174B)
Class kotlin.collections.MapsKt__MapsJVMKt                                            : loaded 2 times (x 71B)
Class com.google.common.collect.AbstractMapBasedMultimap$KeySet$1                     : loaded 2 times (x 82B)
Class org.objectweb.asm.ClassWriter                                                   : loaded 2 times (x 106B)
Class com.google.common.cache.CacheLoader$UnsupportedLoadingOperationException        : loaded 2 times (x 82B)
Class com.google.common.base.CharMatcher$And                                          : loaded 2 times (x 112B)
Class org.gradle.internal.classloader.ClasspathUtil$1                                 : loaded 2 times (x 76B)
Class org.objectweb.asm.FieldVisitor                                                  : loaded 2 times (x 77B)
Class com.google.common.collect.IndexedImmutableSet                                   : loaded 2 times (x 152B)
Class com.google.common.collect.ImmutableMap$1                                        : loaded 2 times (x 81B)
Class com.google.common.collect.BiMap                                                 : loaded 2 times (x 70B)
Class org.gradle.api.internal.classpath.DefaultModuleRegistry$DefaultModule           : loaded 2 times (x 86B)
Class com.google.common.primitives.Ints                                               : loaded 2 times (x 71B)
Class com.google.common.collect.AbstractIterator                                      : loaded 2 times (x 82B)
Class kotlin.collections.ArraysKt__ArraysKt                                           : loaded 2 times (x 71B)
Class com.google.common.collect.ObjectArrays                                          : loaded 2 times (x 71B)
Class com.google.common.math.MathPreconditions                                        : loaded 2 times (x 71B)
Class com.google.common.collect.Multiset                                              : loaded 2 times (x 70B)
Class com.google.common.collect.ArrayListMultimapGwtSerializationDependencies         : loaded 2 times (x 172B)
Class com.google.common.collect.AbstractIndexedListIterator                           : loaded 2 times (x 96B)
Class kotlin.collections.SetsKt__SetsJVMKt                                            : loaded 2 times (x 71B)
Class kotlin.Function                                                                 : loaded 2 times (x 70B)
Class com.google.common.collect.ImmutableMapEntrySet                                  : loaded 2 times (x 152B)
Class org.gradle.api.internal.classpath.Module                                        : loaded 2 times (x 70B)
Class kotlin.io.FileAlreadyExistsException                                            : loaded 2 times (x 82B)
Class com.google.common.cache.Weigher                                                 : loaded 2 times (x 70B)
Class org.gradle.api.internal.classpath.UnknownModuleException                        : loaded 2 times (x 82B)
Class com.google.common.base.Stopwatch                                                : loaded 2 times (x 72B)
Class com.google.common.cache.LocalCache$Strength                                     : loaded 2 times (x 81B)
Class com.google.common.cache.Cache                                                   : loaded 2 times (x 70B)
Class org.jetbrains.kotlin.build.report.metrics.BuildMetricsReporter                  : loaded 2 times (x 70B)
Class com.google.common.base.NullnessCasts                                            : loaded 2 times (x 71B)
Class com.google.common.util.concurrent.AbstractFuture$Cancellation                   : loaded 2 times (x 72B)
Class com.google.common.collect.ImmutableMap$Builder                                  : loaded 2 times (x 82B)
Class com.google.common.cache.RemovalListener                                         : loaded 2 times (x 70B)
Class org.gradle.api.internal.DefaultClassPathRegistry                                : loaded 2 times (x 76B)
Class com.google.common.primitives.IntsMethodsForWeb                                  : loaded 2 times (x 71B)
Class com.google.common.collect.Multimap                                              : loaded 2 times (x 70B)
Class org.gradle.api.internal.ClassPathRegistry                                       : loaded 2 times (x 70B)
Class org.gradle.internal.classpath.DefaultClassPath$ImmutableUniqueList              : loaded 2 times (x 199B)
Class kotlin.text.StringsKt__StringsJVMKt                                             : loaded 2 times (x 71B)
Class kotlin.collections.SetsKt                                                       : loaded 2 times (x 71B)
Class kotlin.text.StringsKt__IndentKt                                                 : loaded 2 times (x 71B)
Class [Lorg.jetbrains.kotlin.com.intellij.openapi.diagnostic.LogLevel;                : loaded 2 times (x 69B)
Class com.google.common.cache.CacheBuilder                                            : loaded 2 times (x 72B)
Class com.google.common.collect.SingletonImmutableList                                : loaded 2 times (x 207B)
Class Settings_gradle$1                                                               : loaded 2 times (x 74B)
Class org.gradle.internal.classpath.ClassPath                                         : loaded 2 times (x 70B)
Class com.google.common.base.JdkPattern                                               : loaded 2 times (x 75B)
Class com.google.common.collect.ImmutableList$ReverseImmutableList                    : loaded 2 times (x 209B)
Class ijKotlinCoroutineJvmDebugInit1_9sv6alppme9gmt0k1rtk5kuhh$_run_closure1          : loaded 2 times (x 139B)
Class org.jetbrains.kotlin.com.intellij.openapi.diagnostic.Logger                     : loaded 2 times (x 99B)
Class kotlin.collections.MapsKt__MapsKt                                               : loaded 2 times (x 71B)
Class org.objectweb.asm.SymbolTable$Entry                                             : loaded 2 times (x 74B)
Class org.objectweb.asm.Edge                                                          : loaded 2 times (x 72B)
Class com.google.common.base.Suppliers$SupplierOfInstance                             : loaded 2 times (x 79B)
Class com.google.common.collect.Iterators$1                                           : loaded 2 times (x 81B)
Class kotlin.UninitializedPropertyAccessException                                     : loaded 2 times (x 82B)
Class com.google.common.cache.LocalCache$ComputingValueReference                      : loaded 2 times (x 96B)
Class com.google.common.collect.SingletonImmutableSet                                 : loaded 2 times (x 146B)
Class com.google.common.collect.ImmutableMap$IteratorBasedImmutableMap                : loaded 2 times (x 126B)
Class com.google.common.cache.LocalCache$Segment                                      : loaded 2 times (x 154B)
Class com.google.common.collect.AbstractListMultimap                                  : loaded 2 times (x 172B)
Class [Lorg.objectweb.asm.SymbolTable$Entry;                                          : loaded 2 times (x 69B)
Class com.google.common.cache.CacheLoader                                             : loaded 2 times (x 74B)
Class com.google.common.collect.Iterators$4                                           : loaded 2 times (x 82B)
Class com.google.common.collect.ImmutableBiMap                                        : loaded 2 times (x 143B)
Class org.gradle.api.internal.classpath.ModuleRegistry                                : loaded 2 times (x 70B)
Class org.gradle.internal.installation.GradleInstallation$1                           : loaded 2 times (x 75B)
Class com.google.common.collect.ImmutableSet$JdkBackedSetBuilderImpl                  : loaded 2 times (x 76B)
Class com.google.common.util.concurrent.internal.InternalFutureFailureAccess          : loaded 2 times (x 72B)
Class com.google.common.collect.Iterators$5                                           : loaded 2 times (x 82B)
Class com.google.common.cache.LocalCache$LocalManualCache$1                           : loaded 2 times (x 75B)
Class com.google.common.base.CharMatcher$ForPredicate                                 : loaded 2 times (x 112B)
Class kotlin.io.FilesKt__UtilsKt                                                      : loaded 2 times (x 71B)
Class kotlin.collections.CollectionsKt__CollectionsJVMKt                              : loaded 2 times (x 71B)
Class com.google.common.base.CharMatcher$AnyOf                                        : loaded 2 times (x 112B)
Class com.google.common.collect.ImmutableCollection                                   : loaded 2 times (x 125B)
Class org.gradle.api.internal.classpath.DefaultModuleRegistry                         : loaded 2 times (x 86B)
Class kotlin.sequences.SequencesKt                                                    : loaded 2 times (x 71B)
Class kotlin.collections.CollectionsKt__IteratorsKt                                   : loaded 2 times (x 71B)
Class org.jetbrains.kotlin.build.report.metrics.GradleBuildTime$Companion             : loaded 2 times (x 71B)
Class com.google.common.collect.Lists                                                 : loaded 2 times (x 71B)
Class com.google.common.util.concurrent.ListenableFuture                              : loaded 2 times (x 70B)
Class com.google.common.cache.ReferenceEntry                                          : loaded 2 times (x 70B)
Class com.google.common.base.Converter                                                : loaded 2 times (x 90B)
Class com.google.common.collect.ImmutableSet$CachingAsList                            : loaded 2 times (x 148B)
Class org.jetbrains.kotlin.com.intellij.openapi.diagnostic.Logger$DefaultFactory      : loaded 2 times (x 74B)
Class kotlin.text.StringsKt                                                           : loaded 2 times (x 71B)
Class com.google.common.collect.AbstractMapBasedMultimap                              : loaded 2 times (x 139B)
Class com.google.common.util.concurrent.AbstractFuture                                : loaded 2 times (x 106B)
Class com.google.common.base.FunctionalEquivalence                                    : loaded 2 times (x 83B)
Class com.google.common.collect.Iterators$9                                           : loaded 2 times (x 81B)
Class com.google.common.collect.ImmutableAsList                                       : loaded 2 times (x 209B)
Class kotlin.LazyKt__LazyJVMKt                                                        : loaded 2 times (x 71B)
Class org.objectweb.asm.RecordComponentVisitor                                        : loaded 2 times (x 77B)
Class com.google.common.cache.CacheLoader$SupplierToCacheLoader                       : loaded 2 times (x 75B)
Class kotlin.io.FilesKt__FileReadWriteKt                                              : loaded 2 times (x 71B)
Class kotlin.text.StringsKt__StringNumberConversionsKt                                : loaded 2 times (x 71B)
Class org.gradle.internal.service.ServiceLookupException                              : loaded 2 times (x 82B)
Class org.jetbrains.kotlin.com.intellij.openapi.diagnostic.LogLevel                   : loaded 2 times (x 79B)
Class [Lcom.google.common.cache.LocalCache$EntryFactory;                              : loaded 2 times (x 69B)
Class org.gradle.internal.classloader.ClassLoaderFactory                              : loaded 2 times (x 70B)
Class com.google.common.base.CommonPattern                                            : loaded 2 times (x 74B)
Class com.google.common.cache.LocalCache$LocalManualCache                             : loaded 2 times (x 99B)
Class com.google.common.base.CharMatcher$IsNot                                        : loaded 2 times (x 111B)
Class org.gradle.internal.service.CachingServiceLocator                               : loaded 2 times (x 82B)
Class com.google.common.collect.AbstractMapBasedMultimap$KeySet                       : loaded 2 times (x 137B)
Class com.google.common.math.IntMath                                                  : loaded 2 times (x 71B)
Class org.jetbrains.kotlin.build.report.metrics.BuildTime                             : loaded 2 times (x 70B)
Class com.google.common.collect.ImmutableMapEntry                                     : loaded 2 times (x 85B)
Class ijJvmDebugger1_dgb1k7ejekh1sld7z8yo85rke$_run_closure1$_closure2                : loaded 2 times (x 140B)
Class kotlin.enums.EnumEntries                                                        : loaded 2 times (x 70B)
Class org.jetbrains.kotlin.build.report.metrics.DoNothingBuildMetricsReporter         : loaded 2 times (x 86B)
Class com.google.common.base.Equivalence                                              : loaded 2 times (x 82B)
Class com.google.common.base.Function                                                 : loaded 2 times (x 70B)
Class com.google.common.collect.ImmutableMapEntry$NonTerminalImmutableMapEntry        : loaded 2 times (x 85B)
Class com.google.common.cache.CacheBuilder$OneWeigher                                 : loaded 2 times (x 82B)
Class com.google.common.collect.RegularImmutableList                                  : loaded 2 times (x 213B)
Class org.jetbrains.kotlin.com.intellij.openapi.diagnostic.Logger$Factory             : loaded 2 times (x 70B)
Class org.gradle.internal.classloader.ClasspathUtil                                   : loaded 2 times (x 71B)
Class kotlin.io.FileSystemException                                                   : loaded 2 times (x 82B)
Class com.google.common.util.concurrent.Uninterruptibles                              : loaded 2 times (x 71B)
Class com.google.common.util.concurrent.LazyLogger                                    : loaded 2 times (x 72B)
Class com.google.common.collect.Maps                                                  : loaded 2 times (x 71B)
Class ijJvmDebugger1_dgb1k7ejekh1sld7z8yo85rke                                        : loaded 2 times (x 171B)
Class org.gradle.api.specs.Spec                                                       : loaded 2 times (x 70B)
Class [Lcom.google.common.collect.ImmutableEntry;                                     : loaded 2 times (x 69B)
Class com.google.common.cache.LocalCache$LoadingValueReference                        : loaded 2 times (x 96B)
Class kotlin.SynchronizedLazyImpl                                                     : loaded 2 times (x 76B)
Class kotlin.text.StringsKt__RegexExtensionsKt                                        : loaded 2 times (x 71B)
Class com.google.common.base.Platform                                                 : loaded 2 times (x 71B)
Class kotlin.sequences.SequencesKt__SequencesJVMKt                                    : loaded 2 times (x 71B)
Class kotlin.collections.AbstractList                                                 : loaded 2 times (x 197B)
Class kotlin.collections.AbstractCollection                                           : loaded 2 times (x 117B)
Class [Lorg.objectweb.asm.AnnotationWriter;                                           : loaded 2 times (x 69B)
Class com.google.common.collect.Maps$8                                                : loaded 2 times (x 82B)
Class kotlin.LazyKt__LazyKt                                                           : loaded 2 times (x 71B)
Class kotlin.text.StringsKt__StringBuilderJVMKt                                       : loaded 2 times (x 71B)
Class com.google.common.collect.Sets$SetView                                          : loaded 2 times (x 138B)
Class com.google.common.cache.LocalCache$StrongValueReference                         : loaded 2 times (x 90B)
Class kotlin.UNINITIALIZED_VALUE                                                      : loaded 2 times (x 71B)
Class org.objectweb.asm.Type                                                          : loaded 2 times (x 72B)
Class ijKotlinCoroutineJvmDebugInit1_9sv6alppme9gmt0k1rtk5kuhh                        : loaded 2 times (x 171B)
Class org.gradle.internal.classloader.VisitableURLClassLoader$InstrumentingVisitableURLClassLoader: loaded 2 times (x 123B)
Class kotlin.comparisons.ComparisonsKt__ComparisonsKt                                 : loaded 2 times (x 71B)
Class kotlin.ranges.RangesKt__RangesKt                                                : loaded 2 times (x 71B)
Class kotlin.collections.SetsKt___SetsKt                                              : loaded 2 times (x 71B)
Class kotlin.sequences.SequencesKt__SequencesKt                                       : loaded 2 times (x 71B)
Class com.google.common.math.IntMath$1                                                : loaded 2 times (x 71B)
Class org.objectweb.asm.ByteVector                                                    : loaded 2 times (x 79B)
Class [Lcom.google.common.cache.CacheBuilder$NullListener;                            : loaded 2 times (x 69B)
Class org.gradle.internal.classloader.VisitableURLClassLoader$Spec                    : loaded 2 times (x 74B)
Class org.gradle.internal.classpath.DefaultClassPath                                  : loaded 2 times (x 90B)
Class kotlin.comparisons.ComparisonsKt                                                : loaded 2 times (x 71B)
Class kotlin.comparisons.ComparisonsKt___ComparisonsKt                                : loaded 2 times (x 71B)
Class kotlin.sequences.FilteringSequence                                              : loaded 2 times (x 75B)
Class [Lorg.jetbrains.kotlin.build.report.metrics.GradleBuildTime;                    : loaded 2 times (x 69B)
Class org.objectweb.asm.Symbol                                                        : loaded 2 times (x 73B)
Class com.google.common.io.Closer                                                     : loaded 2 times (x 78B)
Class com.google.common.base.CharMatcher$BitSetMatcher                                : loaded 2 times (x 112B)
Class com.google.common.collect.ImmutableSet                                          : loaded 2 times (x 145B)
Class com.google.common.collect.RegularImmutableMap$Values                            : loaded 2 times (x 207B)
Class org.gradle.internal.classloader.ClassLoaderSpec                                 : loaded 2 times (x 71B)
Class kotlin.collections.CollectionsKt___CollectionsJvmKt                             : loaded 2 times (x 71B)
Class org.objectweb.asm.AnnotationWriter                                              : loaded 2 times (x 79B)
Class com.google.common.cache.CacheStats                                              : loaded 2 times (x 71B)
Class kotlin.TuplesKt                                                                 : loaded 2 times (x 71B)
Class kotlin.Unit                                                                     : loaded 2 times (x 71B)
Class kotlin.sequences.SequencesKt___SequencesJvmKt                                   : loaded 2 times (x 71B)
Class com.google.common.io.Closer$Suppressor                                          : loaded 2 times (x 70B)
Class org.objectweb.asm.RecordComponentWriter                                         : loaded 2 times (x 78B)
Class com.google.common.util.concurrent.AbstractFuture$Listener                       : loaded 2 times (x 72B)
Class com.google.common.base.CharMatcher$Or                                           : loaded 2 times (x 112B)
Class Settings_gradle$1$1                                                             : loaded 2 times (x 74B)
Class kotlin.ranges.RangesKt                                                          : loaded 2 times (x 71B)
Class org.objectweb.asm.Attribute                                                     : loaded 2 times (x 77B)
Class com.google.common.base.Supplier                                                 : loaded 2 times (x 70B)
Class org.gradle.internal.classloader.VisitableURLClassLoader                         : loaded 2 times (x 117B)
Class kotlin.collections.ArraysUtilJVM                                                : loaded 2 times (x 71B)
Class kotlin.jvm.functions.Function0                                                  : loaded 2 times (x 70B)
Class Settings_gradle                                                                 : loaded 2 times (x 124B)
Class org.gradle.internal.Cast                                                        : loaded 2 times (x 71B)
Class org.gradle.api.Action                                                           : loaded 2 times (x 70B)
Class kotlin.jvm.functions.Function1                                                  : loaded 2 times (x 70B)
Class com.google.common.base.Strings                                                  : loaded 2 times (x 71B)
Class com.google.common.collect.Sets                                                  : loaded 2 times (x 71B)
Class org.objectweb.asm.Handler                                                       : loaded 2 times (x 72B)
Class com.google.common.base.Ticker                                                   : loaded 2 times (x 72B)
Class com.google.common.base.CharMatcher$FastMatcher                                  : loaded 2 times (x 111B)
Class kotlin.jvm.functions.Function2                                                  : loaded 2 times (x 70B)
Class [Lcom.google.common.cache.LocalCache$Segment;                                   : loaded 2 times (x 69B)
Class [Lcom.google.common.cache.LocalCache$Strength;                                  : loaded 2 times (x 69B)
Class com.google.common.cache.CacheBuilder$1                                          : loaded 2 times (x 85B)
Class com.google.common.base.Predicate                                                : loaded 2 times (x 70B)
Class com.google.common.collect.ImmutableMap                                          : loaded 2 times (x 120B)
Class org.gradle.internal.classpath.DefaultClassPath$ImmutableUniqueList$Builder      : loaded 2 times (x 75B)
Class kotlin.jvm.functions.Function3                                                  : loaded 2 times (x 70B)
Class kotlin.collections.MapsKt___MapsJvmKt                                           : loaded 2 times (x 71B)
Class com.google.common.cache.LocalCache                                              : loaded 2 times (x 187B)
Class com.google.common.cache.CacheBuilder$2                                          : loaded 2 times (x 79B)
Class com.google.common.base.CharMatcher$NegatedFastMatcher                           : loaded 2 times (x 113B)
Class kotlin.collections.CollectionsKt___CollectionsKt                                : loaded 2 times (x 71B)
Class com.google.common.collect.ArrayListMultimap                                     : loaded 2 times (x 172B)
Class com.google.common.cache.CacheBuilder$3                                          : loaded 2 times (x 72B)
Class [Lcom.google.common.collect.AbstractMapEntry;                                   : loaded 2 times (x 69B)
Class com.google.common.collect.ImmutableEntry                                        : loaded 2 times (x 82B)
Class org.gradle.api.GradleException                                                  : loaded 2 times (x 82B)
Class kotlin.text.StringsKt___StringsJvmKt                                            : loaded 2 times (x 71B)
Class com.google.common.base.Suppliers$MemoizingSupplier                              : loaded 2 times (x 79B)
Class com.google.common.collect.CollectPreconditions                                  : loaded 2 times (x 71B)
Class kotlin.collections.MapsKt___MapsKt                                              : loaded 2 times (x 71B)
Class kotlin.io.FilesKt                                                               : loaded 2 times (x 71B)
Class kotlin.collections.ArraysKt___ArraysKt                                          : loaded 2 times (x 71B)
Class com.google.common.collect.SortedMapDifference                                   : loaded 2 times (x 70B)
Class kotlin.collections.MapsKt__MapWithDefaultKt                                     : loaded 2 times (x 71B)
Class com.google.common.cache.LocalCache$EntryFactory                                 : loaded 2 times (x 83B)
Class kotlin.collections.CollectionsKt__MutableCollectionsJVMKt                       : loaded 2 times (x 71B)
Class kotlin.enums.EnumEntriesKt                                                      : loaded 2 times (x 71B)
Class kotlin.text.StringsKt___StringsKt                                               : loaded 2 times (x 71B)
Class com.google.common.cache.LocalCache$AbstractReferenceEntry                       : loaded 2 times (x 107B)
Class org.gradle.internal.IoActions                                                   : loaded 2 times (x 71B)
Class org.objectweb.asm.SymbolTable                                                   : loaded 2 times (x 72B)
Class com.google.common.cache.CacheLoader$InvalidCacheLoadException                   : loaded 2 times (x 82B)
Class com.google.common.collect.ImmutableSet$RegularSetBuilderImpl                    : loaded 2 times (x 77B)
Class org.gradle.internal.classloader.SystemClassLoaderSpec                           : loaded 2 times (x 71B)
Class kotlin.jvm.internal.Intrinsics                                                  : loaded 2 times (x 71B)
Class com.google.common.cache.LocalCache$StrongEntry                                  : loaded 2 times (x 108B)
Class com.google.common.util.concurrent.AbstractFuture$TrustedFuture                  : loaded 2 times (x 114B)
Class com.google.common.cache.LoadingCache                                            : loaded 2 times (x 70B)
Class kotlin.collections.MapsKt                                                       : loaded 2 times (x 71B)
Class kotlin.collections.CollectionsKt__IterablesKt                                   : loaded 2 times (x 71B)
Class com.google.common.io.ByteStreams$LimitedInputStream                             : loaded 2 times (x 92B)
Class com.google.common.base.Suppliers$NonSerializableMemoizingSupplier               : loaded 2 times (x 79B)
Class org.objectweb.asm.MethodWriter                                                  : loaded 2 times (x 106B)
Class [Lcom.google.common.cache.Weigher;                                              : loaded 2 times (x 69B)
Class com.google.common.collect.RegularImmutableMap$BucketOverflowException           : loaded 2 times (x 82B)
Class kotlin.KotlinNullPointerException                                               : loaded 2 times (x 83B)
Class kotlin.ranges.RangesKt___RangesKt                                               : loaded 2 times (x 71B)
Class com.google.common.collect.RegularImmutableBiMap                                 : loaded 2 times (x 149B)
Class com.google.common.cache.LocalCache$ValueReference                               : loaded 2 times (x 70B)
Class com.google.common.base.CharMatcher$Negated                                      : loaded 2 times (x 113B)
Class com.google.common.base.CharMatcher$Is                                           : loaded 2 times (x 111B)
Class org.jetbrains.kotlin.com.intellij.openapi.diagnostic.Attachment                 : loaded 2 times (x 72B)
Class kotlin.collections.ArraysKt                                                     : loaded 2 times (x 71B)
Class com.google.common.base.PatternCompiler                                          : loaded 2 times (x 70B)
Class com.google.common.util.concurrent.AbstractFuture$Failure                        : loaded 2 times (x 72B)
Class com.google.common.base.Equivalence$Equals                                       : loaded 2 times (x 82B)
Class com.google.common.collect.Hashing                                               : loaded 2 times (x 71B)
Class com.google.common.base.Preconditions                                            : loaded 2 times (x 71B)
Class kotlin.collections.SetsKt__SetsKt                                               : loaded 2 times (x 71B)
Class kotlin.LazyKt                                                                   : loaded 2 times (x 71B)
Class com.google.common.base.Joiner$1                                                 : loaded 2 times (x 80B)
Class org.objectweb.asm.Label                                                         : loaded 2 times (x 73B)
Class org.objectweb.asm.CurrentFrame                                                  : loaded 2 times (x 73B)
Class org.objectweb.asm.ClassTooLargeException                                        : loaded 2 times (x 83B)
Class com.google.common.base.CharMatcher                                              : loaded 2 times (x 111B)
Class com.google.common.collect.PeekingIterator                                       : loaded 2 times (x 70B)
Class kotlin.collections.ArraysKt__ArraysJVMKt                                        : loaded 2 times (x 71B)
Class com.google.common.base.Joiner$2                                                 : loaded 2 times (x 79B)
Class org.objectweb.asm.Frame                                                         : loaded 2 times (x 73B)
Class org.objectweb.asm.MethodVisitor                                                 : loaded 2 times (x 105B)
Class com.google.common.cache.LocalCache$EntryFactory$1                               : loaded 2 times (x 83B)
Class [Lcom.google.common.cache.RemovalListener;                                      : loaded 2 times (x 69B)
Class com.google.common.base.CharMatcher$1                                            : loaded 2 times (x 113B)
Class com.google.common.base.CharMatcher$NamedFastMatcher                             : loaded 2 times (x 112B)
Class kotlin.text.StringsKt__StringBuilderKt                                          : loaded 2 times (x 71B)
Class com.google.common.cache.LocalCache$EntryFactory$2                               : loaded 2 times (x 83B)
Class org.gradle.api.internal.classpath.GlobalCacheRootsProvider                      : loaded 2 times (x 70B)
Class kotlin.Lazy                                                                     : loaded 2 times (x 70B)
Class kotlin.NoWhenBranchMatchedException                                             : loaded 2 times (x 82B)
Class org.objectweb.asm.ModuleWriter                                                  : loaded 2 times (x 82B)
Class com.google.common.cache.LocalCache$EntryFactory$3                               : loaded 2 times (x 83B)
Class com.google.common.base.Ticker$1                                                 : loaded 2 times (x 72B)
Class com.google.common.collect.Maps$BiMapConverter                                   : loaded 2 times (x 90B)
Class com.google.common.collect.ImmutableMapEntrySet$RegularEntrySet                  : loaded 2 times (x 152B)
Class [Lkotlin.jvm.functions.Function1;                                               : loaded 2 times (x 69B)
Class com.google.common.collect.ImmutableSet$Builder                                  : loaded 2 times (x 85B)
Class com.google.common.cache.LocalCache$EntryFactory$4                               : loaded 2 times (x 83B)
Class com.google.common.base.CharMatcher$InRange                                      : loaded 2 times (x 111B)
Class kotlin.sequences.ConstrainedOnceSequence                                        : loaded 2 times (x 75B)
Class com.google.common.io.ByteStreams$1                                              : loaded 2 times (x 85B)
Class com.google.common.cache.LocalCache$EntryFactory$5                               : loaded 2 times (x 83B)
Class ijJvmDebugger1_dgb1k7ejekh1sld7z8yo85rke$_run_closure1                          : loaded 2 times (x 139B)
Class kotlin.jvm.internal.markers.KMappedMarker                                       : loaded 2 times (x 70B)
Class kotlin.NotImplementedError                                                      : loaded 2 times (x 82B)
Class com.google.common.cache.LocalCache$EntryFactory$6                               : loaded 2 times (x 83B)
Class org.gradle.internal.installation.CurrentGradleInstallationLocator               : loaded 2 times (x 71B)
Class com.google.common.collect.Maps$KeySet                                           : loaded 2 times (x 137B)
Class com.google.common.collect.ImmutableSet$EmptySetBuilderImpl                      : loaded 2 times (x 76B)
Class com.google.common.cache.LocalCache$EntryFactory$7                               : loaded 2 times (x 83B)
Class com.google.common.collect.ImmutableList                                         : loaded 2 times (x 206B)
Class org.gradle.internal.service.DefaultServiceLocator                               : loaded 2 times (x 83B)
Class com.google.common.cache.LocalCache$EntryFactory$8                               : loaded 2 times (x 83B)
Class com.google.common.collect.ImmutableSet$SetBuilderImpl                           : loaded 2 times (x 76B)
Class org.gradle.internal.installation.CurrentGradleInstallation                      : loaded 2 times (x 73B)
Class com.google.common.cache.CacheLoader$1                                           : loaded 2 times (x 75B)
Class com.google.common.collect.ForwardingObject                                      : loaded 2 times (x 72B)
Class com.google.common.collect.ImmutableList$SubList                                 : loaded 2 times (x 209B)
Class org.gradle.util.internal.GUtil                                                  : loaded 2 times (x 71B)
Class kotlin.io.NoSuchFileException                                                   : loaded 2 times (x 82B)
Class kotlin.collections.CollectionsKt                                                : loaded 2 times (x 71B)
Class com.google.common.cache.AbstractCache$StatsCounter                              : loaded 2 times (x 70B)
Class com.google.common.collect.Iterators$MergingIterator                             : loaded 2 times (x 81B)
Class com.google.common.collect.RegularImmutableSet                                   : loaded 2 times (x 149B)
Class org.gradle.internal.installation.GradleInstallation                             : loaded 2 times (x 75B)
Class com.google.common.collect.Iterables                                             : loaded 2 times (x 71B)
Class org.jetbrains.kotlin.com.intellij.openapi.diagnostic.DefaultLogger              : loaded 2 times (x 100B)

---------------  S Y S T E M  ---------------

OS:
 Windows 11 , 64 bit Build 22000 (10.0.22000.1880)
OS uptime: 63 days 18:00 hours
Hyper-V role detected

CPU: total 8 (initial active 8) (4 cores per cpu, 2 threads per core) family 6 model 142 stepping 12 microcode 0xea, cx8, cmov, fxsr, ht, mmx, 3dnowpref, sse, sse2, sse3, ssse3, sse4.1, sse4.2, popcnt, lzcnt, tsc, tscinvbit, avx, avx2, aes, erms, clmul, bmi1, bmi2, adx, fma, vzeroupper, clflush, clflushopt, hv, rdtscp, f16c
Processor Information for the first 8 processors :
  Max Mhz: 1992, Current Mhz: 1792, Mhz Limit: 1792

Memory: 4k page, system-wide physical 16198M (531M free)
TotalPageFile size 16198M (AvailPageFile size 40M)
current process WorkingSet (physical memory assigned to process): 960M, peak: 977M
current process commit charge ("private bytes"): 1002M, peak: 1138M

vm_info: OpenJDK 64-Bit Server VM (21.0.9+-14649483-b1163.86) for windows-amd64 JRE (21.0.9+-14649483-b1163.86), built on 2025-12-30T22:08:35Z by "builder" with MS VC++ 16.10 / 16.11 (VS2019)

END.
