#
# There is insufficient memory for the Java Runtime Environment to continue.
# Native memory allocation (mmap) failed to map 22020096 bytes. Error detail: G1 virtual space
# Possible reasons:
#   The system is out of physical RAM or swap space
#   This process is running with CompressedOops enabled, and the Java Heap may be blocking the growth of the native heap
# Possible solutions:
#   Reduce memory load on the system
#   Increase physical memory or swap space
#   Check if swap backing store is full
#   Decrease Java heap size (-Xmx/-Xms)
#   Decrease number of Java threads
#   Decrease Java thread stack sizes (-Xss)
#   Set larger code cache with -XX:ReservedCodeCacheSize=
#   JVM is running with Unscaled Compressed Oops mode in which the Java heap is
#     placed in the first 4GB address space. The Java Heap base address is the
#     maximum limit for the native heap growth. Please use -XX:HeapBaseMinAddress
#     to set the Java Heap base and to place the Java Heap above 4GB virtual address.
# This output file may be truncated or incomplete.
#
#  Out of Memory Error (os_windows.cpp:3925), pid=3196, tid=21316
#
# JRE version: OpenJDK Runtime Environment (21.0.9) (build 21.0.9+-14649483-b1163.86)
# Java VM: OpenJDK 64-Bit Server VM (21.0.9+-14649483-b1163.86, mixed mode, tiered, compressed oops, compressed class ptrs, g1 gc, windows-amd64)
# No core dump will be written. Minidumps are not enabled by default on client versions of Windows
#

---------------  S U M M A R Y ------------

Command Line: --add-opens=java.base/java.lang=ALL-UNNAMED --add-opens=java.base/java.lang.invoke=ALL-UNNAMED --add-opens=java.base/java.util=ALL-UNNAMED --add-opens=java.prefs/java.util.prefs=ALL-UNNAMED --add-exports=jdk.compiler/com.sun.tools.javac.api=ALL-UNNAMED --add-exports=jdk.compiler/com.sun.tools.javac.util=ALL-UNNAMED --add-opens=java.base/java.util=ALL-UNNAMED --add-opens=java.prefs/java.util.prefs=ALL-UNNAMED --add-opens=java.base/java.nio.charset=ALL-UNNAMED --add-opens=java.base/java.net=ALL-UNNAMED --add-opens=java.base/java.util.concurrent=ALL-UNNAMED --add-opens=java.base/java.util.concurrent.atomic=ALL-UNNAMED --add-opens=java.xml/javax.xml.namespace=ALL-UNNAMED --add-opens=java.base/java.time=ALL-UNNAMED -Xmx2048m -Dfile.encoding=UTF-8 -Duser.country=ID -Duser.language=en -Duser.variant -javaagent:C:\Users\user\.gradle\wrapper\dists\gradle-9.2.1-bin\2t0n5ozlw9xmuyvbp7dnzaxug\gradle-9.2.1\lib\agents\gradle-instrumentation-agent-9.2.1.jar org.gradle.launcher.daemon.bootstrap.GradleDaemon 9.2.1

Host: Intel(R) Core(TM) i7-8565U CPU @ 1.80GHz, 8 cores, 15G,  Windows 11 , 64 bit Build 22000 (10.0.22000.1880)
Time: Fri Feb 20 16:03:19 2026 SE Asia Standard Time elapsed time: 30.043282 seconds (0d 0h 0m 30s)

---------------  T H R E A D  ---------------

Current thread (0x0000026a2d92db80):  VMThread "VM Thread"          [id=21316, stack(0x00000088be600000,0x00000088be700000) (1024K)]

Stack: [0x00000088be600000,0x00000088be700000]
Native frames: (J=compiled Java code, j=interpreted, Vv=VM code, C=native code)
V  [jvm.dll+0x6d6c99]
V  [jvm.dll+0x866b83]
V  [jvm.dll+0x86919e]
V  [jvm.dll+0x869883]
V  [jvm.dll+0x280776]
V  [jvm.dll+0x6d3555]
V  [jvm.dll+0x6c6bea]
V  [jvm.dll+0x3587fb]
V  [jvm.dll+0x360476]
V  [jvm.dll+0x3b2646]
V  [jvm.dll+0x3b2918]
V  [jvm.dll+0x32af0c]
V  [jvm.dll+0x32d916]
V  [jvm.dll+0x3377ed]
V  [jvm.dll+0x36ef55]
V  [jvm.dll+0x86f608]
V  [jvm.dll+0x870984]
V  [jvm.dll+0x870ec0]
V  [jvm.dll+0x871153]
V  [jvm.dll+0x80f118]
V  [jvm.dll+0x6d54ed]
C  [ucrtbase.dll+0x26c0c]
C  [KERNEL32.DLL+0x155a0]
C  [ntdll.dll+0x485b]

VM_Operation (0x00000088be1ff5a0): G1PauseRemark, mode: safepoint, requested by thread 0x0000026a2fcf8da0


---------------  P R O C E S S  ---------------

Threads class SMR info:
_java_thread_list=0x0000026a4fd7f440, length=141, elements={
0x0000026a2d9546d0, 0x0000026a474a5a90, 0x0000026a474a90b0, 0x0000026a474a9b10,
0x0000026a474c7a40, 0x0000026a474c80b0, 0x0000026a474f0b90, 0x0000026a474f1d90,
0x0000026a474f33f0, 0x0000026a474f74c0, 0x0000026a4c035840, 0x0000026a4da00320,
0x0000026a4dc69d60, 0x0000026a4d5280a0, 0x0000026a4d414820, 0x0000026a4d434050,
0x0000026a4e751730, 0x0000026a4e787170, 0x0000026a4d523d90, 0x0000026a4d524420,
0x0000026a4d525140, 0x0000026a4d523070, 0x0000026a4d523700, 0x0000026a4d524ab0,
0x0000026a4ef19fa0, 0x0000026a4ef17ed0, 0x0000026a4ef15e00, 0x0000026a4ef1a630,
0x0000026a4ef14a50, 0x0000026a4ef171b0, 0x0000026a4ef18bf0, 0x0000026a4ef150e0,
0x0000026a4ef17840, 0x0000026a4ef18560, 0x0000026a4ef1b350, 0x0000026a4ef1b9e0,
0x0000026a4c2d8870, 0x0000026a4c2d46d0, 0x0000026a4c2d39b0, 0x0000026a4c2d2c90,
0x0000026a4c2d6e30, 0x0000026a4c2d74c0, 0x0000026a4c2d4d60, 0x0000026a4c2d2600,
0x0000026a4c2d81e0, 0x0000026a4c2d7b50, 0x0000026a4c2d3320, 0x0000026a4c2d8f00,
0x0000026a4c2d9590, 0x0000026a4c2d9c20, 0x0000026a4c2d4040, 0x0000026a4c2d53f0,
0x0000026a4c2d5a80, 0x0000026a4c2d6110, 0x0000026a4c2d67a0, 0x0000026a520cc920,
0x0000026a520ce9f0, 0x0000026a520c94a0, 0x0000026a520ccfb0, 0x0000026a520c80f0,
0x0000026a520ca1c0, 0x0000026a520ca850, 0x0000026a520cdcd0, 0x0000026a520ce360,
0x0000026a520cb570, 0x0000026a520cc290, 0x0000026a500dc050, 0x0000026a500d50c0,
0x0000026a500dc6e0, 0x0000026a500d6b00, 0x0000026a500d7eb0, 0x0000026a500d9f80,
0x0000026a500d7190, 0x0000026a500d8bd0, 0x0000026a500da610, 0x0000026a500d8540,
0x0000026a500d9260, 0x0000026a500d98f0, 0x0000026a500d6470, 0x0000026a500daca0,
0x0000026a500db330, 0x0000026a500d5750, 0x0000026a500d7820, 0x0000026a500db9c0,
0x0000026a500d5de0, 0x0000026a50d6b890, 0x0000026a50d68aa0, 0x0000026a50d6c5b0,
0x0000026a504a9510, 0x0000026a504a6db0, 0x0000026a504aa230, 0x0000026a504a6720,
0x0000026a504a4650, 0x0000026a504a8e80, 0x0000026a504a87f0, 0x0000026a504a8160,
0x0000026a504a4ce0, 0x0000026a504a9ba0, 0x0000026a504a7440, 0x0000026a504a5370,
0x0000026a504a3930, 0x0000026a504a5a00, 0x0000026a504a3fc0, 0x0000026a504a6090,
0x0000026a504d3890, 0x0000026a504d4c40, 0x0000026a504d8de0, 0x0000026a504d45b0,
0x0000026a504d9470, 0x0000026a504d73a0, 0x0000026a504d9b00, 0x0000026a504d52d0,
0x0000026a504d2b70, 0x0000026a504da190, 0x0000026a504d80c0, 0x0000026a504d6d10,
0x0000026a504d8750, 0x0000026a504d3200, 0x0000026a504d6680, 0x0000026a504d3f20,
0x0000026a50d6a4e0, 0x0000026a50d6d2d0, 0x0000026a50d6e680, 0x0000026a50d68410,
0x0000026a50d69130, 0x0000026a50d697c0, 0x0000026a4df31480, 0x0000026a4df2b8a0,
0x0000026a4df2e690, 0x0000026a4df30760, 0x0000026a4df2ed20, 0x0000026a4df2b210,
0x0000026a4df2bf30, 0x0000026a4df30df0, 0x0000026a4df2c5c0, 0x0000026a4df2f3b0,
0x0000026a4df2a4f0, 0x0000026a4df2fa40, 0x0000026a4df31b10, 0x0000026a59404050,
0x0000026a524f67b0
}

Java Threads: ( => current thread )
  0x0000026a2d9546d0 JavaThread "main"                              [_thread_blocked, id=26132, stack(0x00000088bdf00000,0x00000088be000000) (1024K)]
  0x0000026a474a5a90 JavaThread "Common-Cleaner"             daemon [_thread_blocked, id=4036, stack(0x00000088be700000,0x00000088be800000) (1024K)]
  0x0000026a474a90b0 JavaThread "Reference Handler"          daemon [_thread_blocked, id=23388, stack(0x00000088be800000,0x00000088be900000) (1024K)]
  0x0000026a474a9b10 JavaThread "Finalizer"                  daemon [_thread_blocked, id=8916, stack(0x00000088be900000,0x00000088bea00000) (1024K)]
  0x0000026a474c7a40 JavaThread "Signal Dispatcher"          daemon [_thread_blocked, id=22972, stack(0x00000088bea00000,0x00000088beb00000) (1024K)]
  0x0000026a474c80b0 JavaThread "Attach Listener"            daemon [_thread_blocked, id=7804, stack(0x00000088beb00000,0x00000088bec00000) (1024K)]
  0x0000026a474f0b90 JavaThread "Service Thread"             daemon [_thread_blocked, id=20896, stack(0x00000088bec00000,0x00000088bed00000) (1024K)]
  0x0000026a474f1d90 JavaThread "Monitor Deflation Thread"   daemon [_thread_blocked, id=23976, stack(0x00000088bed00000,0x00000088bee00000) (1024K)]
  0x0000026a474f33f0 JavaThread "C2 CompilerThread0"         daemon [_thread_in_native, id=18180, stack(0x00000088bee00000,0x00000088bef00000) (1024K)]
  0x0000026a474f74c0 JavaThread "C1 CompilerThread0"         daemon [_thread_blocked, id=10580, stack(0x00000088bef00000,0x00000088bf000000) (1024K)]
  0x0000026a4c035840 JavaThread "Notification Thread"        daemon [_thread_blocked, id=27984, stack(0x00000088bf000000,0x00000088bf100000) (1024K)]
  0x0000026a4da00320 JavaThread "Daemon health stats"               [_thread_blocked, id=22448, stack(0x00000088bf700000,0x00000088bf800000) (1024K)]
  0x0000026a4dc69d60 JavaThread "Incoming local TCP Connector on port 62991"        [_thread_in_native, id=23904, stack(0x00000088bf800000,0x00000088bf900000) (1024K)]
  0x0000026a4d5280a0 JavaThread "Daemon periodic checks"            [_thread_blocked, id=19288, stack(0x00000088bf900000,0x00000088bfa00000) (1024K)]
  0x0000026a4d414820 JavaThread "Daemon"                            [_thread_blocked, id=11156, stack(0x00000088bfa00000,0x00000088bfb00000) (1024K)]
  0x0000026a4d434050 JavaThread "Handler for socket connection from /127.0.0.1:62991 to /127.0.0.1:62992"        [_thread_in_native, id=6244, stack(0x00000088bfb00000,0x00000088bfc00000) (1024K)]
  0x0000026a4e751730 JavaThread "Cancel handler"                    [_thread_blocked, id=19764, stack(0x00000088bfc00000,0x00000088bfd00000) (1024K)]
  0x0000026a4e787170 JavaThread "Daemon worker"                     [_thread_blocked, id=21072, stack(0x00000088bfd00000,0x00000088bfe00000) (1024K)]
  0x0000026a4d523d90 JavaThread "Asynchronous log dispatcher for DefaultDaemonConnection: socket connection from /127.0.0.1:62991 to /127.0.0.1:62992"        [_thread_blocked, id=17292, stack(0x00000088bfe00000,0x00000088bff00000) (1024K)]
  0x0000026a4d524420 JavaThread "Stdin handler"                     [_thread_blocked, id=3148, stack(0x00000088c0200000,0x00000088c0300000) (1024K)]
  0x0000026a4d525140 JavaThread "Daemon client event forwarder"        [_thread_blocked, id=11336, stack(0x00000088c0300000,0x00000088c0400000) (1024K)]
  0x0000026a4d523070 JavaThread "Cache worker for journal cache (C:\Users\user\.gradle\caches\journal-1)"        [_thread_blocked, id=21556, stack(0x00000088c0400000,0x00000088c0500000) (1024K)]
  0x0000026a4d523700 JavaThread "File lock request listener"        [_thread_in_native, id=25964, stack(0x00000088c0600000,0x00000088c0700000) (1024K)]
  0x0000026a4d524ab0 JavaThread "Cache worker for file hash cache (C:\Users\user\.gradle\caches\9.2.1\fileHashes)"        [_thread_blocked, id=25816, stack(0x00000088c0700000,0x00000088c0800000) (1024K)]
  0x0000026a4ef19fa0 JavaThread "Cache worker for file hash cache (C:\PRAKTAM2\.gradle\9.2.1\fileHashes)"        [_thread_blocked, id=2700, stack(0x00000088c0800000,0x00000088c0900000) (1024K)]
  0x0000026a4ef17ed0 JavaThread "Cache worker for Build Output Cleanup Cache (C:\PRAKTAM2\.gradle\buildOutputCleanup)"        [_thread_blocked, id=15660, stack(0x00000088c0900000,0x00000088c0a00000) (1024K)]
  0x0000026a4ef15e00 JavaThread "File watcher server"        daemon [_thread_blocked, id=26084, stack(0x00000088c0a00000,0x00000088c0b00000) (1024K)]
  0x0000026a4ef1a630 JavaThread "File watcher consumer"      daemon [_thread_blocked, id=20224, stack(0x00000088c0b00000,0x00000088c0c00000) (1024K)]
  0x0000026a4ef14a50 JavaThread "Cache worker for checksums cache (C:\PRAKTAM2\.gradle\9.2.1\checksums)"        [_thread_blocked, id=28544, stack(0x00000088c0500000,0x00000088c0600000) (1024K)]
  0x0000026a4ef171b0 JavaThread "Cache worker for file content cache (C:\Users\user\.gradle\caches\9.2.1\fileContent)"        [_thread_blocked, id=11080, stack(0x00000088c0c00000,0x00000088c0d00000) (1024K)]
  0x0000026a4ef18bf0 JavaThread "Cache worker for cache directory md-supplier (C:\Users\user\.gradle\caches\9.2.1\md-supplier)"        [_thread_blocked, id=27976, stack(0x00000088c0d00000,0x00000088c0e00000) (1024K)]
  0x0000026a4ef150e0 JavaThread "Cache worker for cache directory md-rule (C:\Users\user\.gradle\caches\9.2.1\md-rule)"        [_thread_blocked, id=1076, stack(0x00000088c0e00000,0x00000088c0f00000) (1024K)]
  0x0000026a4ef17840 JavaThread "jar transforms"                    [_thread_blocked, id=4752, stack(0x00000088c0f00000,0x00000088c1000000) (1024K)]
  0x0000026a4ef18560 JavaThread "jar transforms Thread 2"           [_thread_blocked, id=28220, stack(0x00000088c1000000,0x00000088c1100000) (1024K)]
  0x0000026a4ef1b350 JavaThread "jar transforms Thread 3"           [_thread_blocked, id=19432, stack(0x00000088c1200000,0x00000088c1300000) (1024K)]
  0x0000026a4ef1b9e0 JavaThread "Unconstrained build operations"        [_thread_blocked, id=8016, stack(0x00000088c1300000,0x00000088c1400000) (1024K)]
  0x0000026a4c2d8870 JavaThread "Unconstrained build operations Thread 2"        [_thread_blocked, id=25840, stack(0x00000088c1400000,0x00000088c1500000) (1024K)]
  0x0000026a4c2d46d0 JavaThread "Unconstrained build operations Thread 3"        [_thread_blocked, id=23880, stack(0x00000088c1500000,0x00000088c1600000) (1024K)]
  0x0000026a4c2d39b0 JavaThread "Unconstrained build operations Thread 4"        [_thread_blocked, id=13472, stack(0x00000088c1600000,0x00000088c1700000) (1024K)]
  0x0000026a4c2d2c90 JavaThread "Unconstrained build operations Thread 5"        [_thread_blocked, id=19100, stack(0x00000088c1700000,0x00000088c1800000) (1024K)]
  0x0000026a4c2d6e30 JavaThread "Unconstrained build operations Thread 6"        [_thread_blocked, id=17648, stack(0x00000088c1800000,0x00000088c1900000) (1024K)]
  0x0000026a4c2d74c0 JavaThread "Unconstrained build operations Thread 7"        [_thread_blocked, id=18660, stack(0x00000088c1900000,0x00000088c1a00000) (1024K)]
  0x0000026a4c2d4d60 JavaThread "Unconstrained build operations Thread 8"        [_thread_blocked, id=14444, stack(0x00000088c1a00000,0x00000088c1b00000) (1024K)]
  0x0000026a4c2d2600 JavaThread "Unconstrained build operations Thread 9"        [_thread_blocked, id=2844, stack(0x00000088c1b00000,0x00000088c1c00000) (1024K)]
  0x0000026a4c2d81e0 JavaThread "Unconstrained build operations Thread 10"        [_thread_blocked, id=25272, stack(0x00000088c1c00000,0x00000088c1d00000) (1024K)]
  0x0000026a4c2d7b50 JavaThread "Unconstrained build operations Thread 11"        [_thread_blocked, id=18016, stack(0x00000088c1d00000,0x00000088c1e00000) (1024K)]
  0x0000026a4c2d3320 JavaThread "Unconstrained build operations Thread 12"        [_thread_blocked, id=12832, stack(0x00000088c1e00000,0x00000088c1f00000) (1024K)]
  0x0000026a4c2d8f00 JavaThread "Unconstrained build operations Thread 13"        [_thread_blocked, id=4388, stack(0x00000088c1f00000,0x00000088c2000000) (1024K)]
  0x0000026a4c2d9590 JavaThread "Unconstrained build operations Thread 14"        [_thread_blocked, id=11744, stack(0x00000088c2000000,0x00000088c2100000) (1024K)]
  0x0000026a4c2d9c20 JavaThread "jar transforms Thread 4"           [_thread_blocked, id=11424, stack(0x00000088c2100000,0x00000088c2200000) (1024K)]
  0x0000026a4c2d4040 JavaThread "jar transforms Thread 5"           [_thread_blocked, id=28264, stack(0x00000088c2200000,0x00000088c2300000) (1024K)]
  0x0000026a4c2d53f0 JavaThread "Unconstrained build operations Thread 15"        [_thread_blocked, id=1400, stack(0x00000088c2300000,0x00000088c2400000) (1024K)]
  0x0000026a4c2d5a80 JavaThread "Unconstrained build operations Thread 16"        [_thread_blocked, id=21836, stack(0x00000088c2400000,0x00000088c2500000) (1024K)]
  0x0000026a4c2d6110 JavaThread "Unconstrained build operations Thread 17"        [_thread_blocked, id=23084, stack(0x00000088c2500000,0x00000088c2600000) (1024K)]
  0x0000026a4c2d67a0 JavaThread "Unconstrained build operations Thread 18"        [_thread_blocked, id=28624, stack(0x00000088c2600000,0x00000088c2700000) (1024K)]
  0x0000026a520cc920 JavaThread "Unconstrained build operations Thread 19"        [_thread_blocked, id=27160, stack(0x00000088c2700000,0x00000088c2800000) (1024K)]
  0x0000026a520ce9f0 JavaThread "Unconstrained build operations Thread 20"        [_thread_blocked, id=21832, stack(0x00000088c2800000,0x00000088c2900000) (1024K)]
  0x0000026a520c94a0 JavaThread "Unconstrained build operations Thread 21"        [_thread_blocked, id=14516, stack(0x00000088c2900000,0x00000088c2a00000) (1024K)]
  0x0000026a520ccfb0 JavaThread "jar transforms Thread 6"           [_thread_blocked, id=20340, stack(0x00000088c2a00000,0x00000088c2b00000) (1024K)]
  0x0000026a520c80f0 JavaThread "jar transforms Thread 7"           [_thread_blocked, id=22996, stack(0x00000088c2b00000,0x00000088c2c00000) (1024K)]
  0x0000026a520ca1c0 JavaThread "jar transforms Thread 8"           [_thread_blocked, id=23024, stack(0x00000088c2c00000,0x00000088c2d00000) (1024K)]
  0x0000026a520ca850 JavaThread "Unconstrained build operations Thread 22"        [_thread_blocked, id=23324, stack(0x00000088c2d00000,0x00000088c2e00000) (1024K)]
  0x0000026a520cdcd0 JavaThread "Unconstrained build operations Thread 23"        [_thread_blocked, id=22612, stack(0x00000088c2e00000,0x00000088c2f00000) (1024K)]
  0x0000026a520ce360 JavaThread "Unconstrained build operations Thread 24"        [_thread_blocked, id=12104, stack(0x00000088c2f00000,0x00000088c3000000) (1024K)]
  0x0000026a520cb570 JavaThread "Unconstrained build operations Thread 25"        [_thread_blocked, id=19200, stack(0x00000088c3000000,0x00000088c3100000) (1024K)]
  0x0000026a520cc290 JavaThread "Unconstrained build operations Thread 26"        [_thread_blocked, id=2992, stack(0x00000088c3100000,0x00000088c3200000) (1024K)]
  0x0000026a500dc050 JavaThread "Unconstrained build operations Thread 27"        [_thread_blocked, id=22452, stack(0x00000088c3200000,0x00000088c3300000) (1024K)]
  0x0000026a500d50c0 JavaThread "Unconstrained build operations Thread 28"        [_thread_blocked, id=18380, stack(0x00000088c3300000,0x00000088c3400000) (1024K)]
  0x0000026a500dc6e0 JavaThread "Unconstrained build operations Thread 29"        [_thread_blocked, id=23612, stack(0x00000088c3400000,0x00000088c3500000) (1024K)]
  0x0000026a500d6b00 JavaThread "Unconstrained build operations Thread 30"        [_thread_blocked, id=13820, stack(0x00000088c3500000,0x00000088c3600000) (1024K)]
  0x0000026a500d7eb0 JavaThread "Unconstrained build operations Thread 31"        [_thread_blocked, id=20788, stack(0x00000088c3600000,0x00000088c3700000) (1024K)]
  0x0000026a500d9f80 JavaThread "Unconstrained build operations Thread 32"        [_thread_blocked, id=23436, stack(0x00000088c3700000,0x00000088c3800000) (1024K)]
  0x0000026a500d7190 JavaThread "Unconstrained build operations Thread 33"        [_thread_blocked, id=8212, stack(0x00000088c3800000,0x00000088c3900000) (1024K)]
  0x0000026a500d8bd0 JavaThread "Unconstrained build operations Thread 34"        [_thread_blocked, id=4652, stack(0x00000088c3900000,0x00000088c3a00000) (1024K)]
  0x0000026a500da610 JavaThread "Unconstrained build operations Thread 35"        [_thread_blocked, id=12080, stack(0x00000088c3a00000,0x00000088c3b00000) (1024K)]
  0x0000026a500d8540 JavaThread "Unconstrained build operations Thread 36"        [_thread_blocked, id=28640, stack(0x00000088c3b00000,0x00000088c3c00000) (1024K)]
  0x0000026a500d9260 JavaThread "Unconstrained build operations Thread 37"        [_thread_blocked, id=22260, stack(0x00000088c3c00000,0x00000088c3d00000) (1024K)]
  0x0000026a500d98f0 JavaThread "Unconstrained build operations Thread 38"        [_thread_blocked, id=21700, stack(0x00000088c3d00000,0x00000088c3e00000) (1024K)]
  0x0000026a500d6470 JavaThread "Unconstrained build operations Thread 39"        [_thread_blocked, id=21532, stack(0x00000088c1100000,0x00000088c1200000) (1024K)]
  0x0000026a500daca0 JavaThread "Unconstrained build operations Thread 40"        [_thread_blocked, id=1824, stack(0x00000088c3e00000,0x00000088c3f00000) (1024K)]
  0x0000026a500db330 JavaThread "Unconstrained build operations Thread 41"        [_thread_blocked, id=22584, stack(0x00000088c3f00000,0x00000088c4000000) (1024K)]
  0x0000026a500d5750 JavaThread "Unconstrained build operations Thread 42"        [_thread_blocked, id=8160, stack(0x00000088c4000000,0x00000088c4100000) (1024K)]
  0x0000026a500d7820 JavaThread "Unconstrained build operations Thread 43"        [_thread_blocked, id=15512, stack(0x00000088c4100000,0x00000088c4200000) (1024K)]
  0x0000026a500db9c0 JavaThread "Unconstrained build operations Thread 44"        [_thread_blocked, id=25100, stack(0x00000088c4200000,0x00000088c4300000) (1024K)]
  0x0000026a500d5de0 JavaThread "Unconstrained build operations Thread 45"        [_thread_blocked, id=21456, stack(0x00000088c4300000,0x00000088c4400000) (1024K)]
  0x0000026a50d6b890 JavaThread "build event listener"              [_thread_blocked, id=23276, stack(0x00000088c4400000,0x00000088c4500000) (1024K)]
  0x0000026a50d68aa0 JavaThread "Memory manager"                    [_thread_blocked, id=3536, stack(0x00000088c4500000,0x00000088c4600000) (1024K)]
  0x0000026a50d6c5b0 JavaThread "build event listener"              [_thread_blocked, id=22560, stack(0x00000088c4700000,0x00000088c4800000) (1024K)]
  0x0000026a504a9510 JavaThread "included builds"                   [_thread_blocked, id=25140, stack(0x00000088c4800000,0x00000088c4900000) (1024K)]
  0x0000026a504a6db0 JavaThread "Execution worker"                  [_thread_blocked, id=11384, stack(0x00000088c4900000,0x00000088c4a00000) (1024K)]
  0x0000026a504aa230 JavaThread "Execution worker Thread 2"         [_thread_blocked, id=4732, stack(0x00000088c4a00000,0x00000088c4b00000) (1024K)]
  0x0000026a504a6720 JavaThread "Execution worker Thread 3"         [_thread_blocked, id=1548, stack(0x00000088c4b00000,0x00000088c4c00000) (1024K)]
  0x0000026a504a4650 JavaThread "Execution worker Thread 4"         [_thread_blocked, id=28444, stack(0x00000088c4c00000,0x00000088c4d00000) (1024K)]
  0x0000026a504a8e80 JavaThread "Execution worker Thread 5"         [_thread_blocked, id=3424, stack(0x00000088c4d00000,0x00000088c4e00000) (1024K)]
  0x0000026a504a87f0 JavaThread "Execution worker Thread 6"         [_thread_blocked, id=24784, stack(0x00000088c4e00000,0x00000088c4f00000) (1024K)]
  0x0000026a504a8160 JavaThread "Execution worker Thread 7"         [_thread_blocked, id=26632, stack(0x00000088c4f00000,0x00000088c5000000) (1024K)]
  0x0000026a504a4ce0 JavaThread "Cache worker for execution history cache (C:\PRAKTAM2\.gradle\9.2.1\executionHistory)"        [_thread_blocked, id=26408, stack(0x00000088c5000000,0x00000088c5100000) (1024K)]
  0x0000026a504a9ba0 JavaThread "Unconstrained build operations Thread 46"        [_thread_blocked, id=8412, stack(0x00000088c5100000,0x00000088c5200000) (1024K)]
  0x0000026a504a7440 JavaThread "Unconstrained build operations Thread 47"        [_thread_blocked, id=22916, stack(0x00000088c5200000,0x00000088c5300000) (1024K)]
  0x0000026a504a5370 JavaThread "Unconstrained build operations Thread 48"        [_thread_blocked, id=24152, stack(0x00000088c5300000,0x00000088c5400000) (1024K)]
  0x0000026a504a3930 JavaThread "Unconstrained build operations Thread 49"        [_thread_blocked, id=10064, stack(0x00000088c5400000,0x00000088c5500000) (1024K)]
  0x0000026a504a5a00 JavaThread "Unconstrained build operations Thread 50"        [_thread_blocked, id=3260, stack(0x00000088c5500000,0x00000088c5600000) (1024K)]
  0x0000026a504a3fc0 JavaThread "Unconstrained build operations Thread 51"        [_thread_blocked, id=9864, stack(0x00000088c5600000,0x00000088c5700000) (1024K)]
  0x0000026a504a6090 JavaThread "Unconstrained build operations Thread 52"        [_thread_blocked, id=28092, stack(0x00000088c5700000,0x00000088c5800000) (1024K)]
  0x0000026a504d3890 JavaThread "Unconstrained build operations Thread 53"        [_thread_blocked, id=21820, stack(0x00000088c5800000,0x00000088c5900000) (1024K)]
  0x0000026a504d4c40 JavaThread "Unconstrained build operations Thread 54"        [_thread_blocked, id=9156, stack(0x00000088c5900000,0x00000088c5a00000) (1024K)]
  0x0000026a504d8de0 JavaThread "Unconstrained build operations Thread 55"        [_thread_blocked, id=17072, stack(0x00000088c5a00000,0x00000088c5b00000) (1024K)]
  0x0000026a504d45b0 JavaThread "Unconstrained build operations Thread 56"        [_thread_blocked, id=15828, stack(0x00000088c5b00000,0x00000088c5c00000) (1024K)]
  0x0000026a504d9470 JavaThread "Unconstrained build operations Thread 57"        [_thread_blocked, id=9248, stack(0x00000088c5c00000,0x00000088c5d00000) (1024K)]
  0x0000026a504d73a0 JavaThread "Unconstrained build operations Thread 58"        [_thread_blocked, id=18080, stack(0x00000088c5d00000,0x00000088c5e00000) (1024K)]
  0x0000026a504d9b00 JavaThread "Unconstrained build operations Thread 59"        [_thread_blocked, id=3180, stack(0x00000088c5e00000,0x00000088c5f00000) (1024K)]
  0x0000026a504d52d0 JavaThread "Unconstrained build operations Thread 60"        [_thread_blocked, id=5308, stack(0x00000088c5f00000,0x00000088c6000000) (1024K)]
  0x0000026a504d2b70 JavaThread "Unconstrained build operations Thread 61"        [_thread_blocked, id=23300, stack(0x00000088c6000000,0x00000088c6100000) (1024K)]
  0x0000026a504da190 JavaThread "Unconstrained build operations Thread 62"        [_thread_blocked, id=16040, stack(0x00000088c6100000,0x00000088c6200000) (1024K)]
  0x0000026a504d80c0 JavaThread "Unconstrained build operations Thread 63"        [_thread_blocked, id=26352, stack(0x00000088c6200000,0x00000088c6300000) (1024K)]
  0x0000026a504d6d10 JavaThread "Unconstrained build operations Thread 64"        [_thread_blocked, id=18208, stack(0x00000088c6300000,0x00000088c6400000) (1024K)]
  0x0000026a504d8750 JavaThread "Unconstrained build operations Thread 65"        [_thread_blocked, id=25196, stack(0x00000088c6400000,0x00000088c6500000) (1024K)]
  0x0000026a504d3200 JavaThread "Unconstrained build operations Thread 66"        [_thread_blocked, id=10416, stack(0x00000088c6500000,0x00000088c6600000) (1024K)]
  0x0000026a504d6680 JavaThread "Unconstrained build operations Thread 67"        [_thread_blocked, id=24332, stack(0x00000088c6600000,0x00000088c6700000) (1024K)]
  0x0000026a504d3f20 JavaThread "Unconstrained build operations Thread 68"        [_thread_blocked, id=11672, stack(0x00000088c6700000,0x00000088c6800000) (1024K)]
  0x0000026a50d6a4e0 JavaThread "Unconstrained build operations Thread 69"        [_thread_blocked, id=20724, stack(0x00000088c6800000,0x00000088c6900000) (1024K)]
  0x0000026a50d6d2d0 JavaThread "Unconstrained build operations Thread 70"        [_thread_blocked, id=27312, stack(0x00000088c6900000,0x00000088c6a00000) (1024K)]
  0x0000026a50d6e680 JavaThread "Unconstrained build operations Thread 71"        [_thread_blocked, id=27516, stack(0x00000088c6a00000,0x00000088c6b00000) (1024K)]
  0x0000026a50d68410 JavaThread "Unconstrained build operations Thread 72"        [_thread_blocked, id=25712, stack(0x00000088c6b00000,0x00000088c6c00000) (1024K)]
  0x0000026a50d69130 JavaThread "Unconstrained build operations Thread 73"        [_thread_blocked, id=10732, stack(0x00000088c6c00000,0x00000088c6d00000) (1024K)]
  0x0000026a50d697c0 JavaThread "Unconstrained build operations Thread 74"        [_thread_blocked, id=20696, stack(0x00000088c6d00000,0x00000088c6e00000) (1024K)]
  0x0000026a4df31480 JavaThread "Unconstrained build operations Thread 75"        [_thread_blocked, id=24216, stack(0x00000088c6e00000,0x00000088c6f00000) (1024K)]
  0x0000026a4df2b8a0 JavaThread "WorkerExecutor Queue"              [_thread_in_native, id=25024, stack(0x00000088c4600000,0x00000088c4700000) (1024K)]
  0x0000026a4df2e690 JavaThread "Unconstrained build operations Thread 76"        [_thread_blocked, id=27692, stack(0x00000088c6f00000,0x00000088c7000000) (1024K)]
  0x0000026a4df30760 JavaThread "Unconstrained build operations Thread 77"        [_thread_blocked, id=4908, stack(0x00000088c7000000,0x00000088c7100000) (1024K)]
  0x0000026a4df2ed20 JavaThread "Unconstrained build operations Thread 78"        [_thread_blocked, id=10800, stack(0x00000088c7100000,0x00000088c7200000) (1024K)]
  0x0000026a4df2b210 JavaThread "Unconstrained build operations Thread 79"        [_thread_blocked, id=1592, stack(0x00000088c7200000,0x00000088c7300000) (1024K)]
  0x0000026a4df2bf30 JavaThread "Unconstrained build operations Thread 80"        [_thread_blocked, id=16628, stack(0x00000088c7300000,0x00000088c7400000) (1024K)]
  0x0000026a4df30df0 JavaThread "RMI Scheduler(0)"           daemon [_thread_blocked, id=19556, stack(0x00000088c7400000,0x00000088c7500000) (1024K)]
  0x0000026a4df2c5c0 JavaThread "RMI RenewClean-[127.0.0.1:17298,org.jetbrains.kotlin.daemon.common.LoopbackNetworkInterface$ClientLoopbackSocketFactory@129ac28e]" daemon [_thread_blocked, id=22784, stack(0x00000088c7500000,0x00000088c7600000) (1024K)]
  0x0000026a4df2f3b0 JavaThread "RMI GC Daemon"              daemon [_thread_blocked, id=27356, stack(0x00000088c7600000,0x00000088c7700000) (1024K)]
  0x0000026a4df2a4f0 JavaThread "RMI TCP Accept-0"           daemon [_thread_in_native, id=16396, stack(0x00000088c7700000,0x00000088c7800000) (1024K)]
  0x0000026a4df2fa40 JavaThread "RMI Reaper"                        [_thread_blocked, id=27316, stack(0x00000088c7800000,0x00000088c7900000) (1024K)]
  0x0000026a4df31b10 JavaThread "RMI TCP Connection(1)-127.0.0.1" daemon [_thread_in_native, id=25924, stack(0x00000088c7900000,0x00000088c7a00000) (1024K)]
  0x0000026a59404050 JavaThread "C2 CompilerThread1"         daemon [_thread_blocked, id=3008, stack(0x00000088bf100000,0x00000088bf200000) (1024K)]
  0x0000026a524f67b0 JavaThread "C2 CompilerThread2"         daemon [_thread_blocked, id=19340, stack(0x00000088c7a00000,0x00000088c7b00000) (1024K)]
Total: 141

Other Threads:
=>0x0000026a2d92db80 VMThread "VM Thread"                           [id=21316, stack(0x00000088be600000,0x00000088be700000) (1024K)]
  0x0000026a47430090 WatcherThread "VM Periodic Task Thread"        [id=19004, stack(0x00000088be500000,0x00000088be600000) (1024K)]
  0x0000026a2d92d7e0 WorkerThread "GC Thread#0"                     [id=19632, stack(0x00000088be000000,0x00000088be100000) (1024K)]
  0x0000026a2d92e2c0 WorkerThread "GC Thread#1"                     [id=8836, stack(0x00000088bf200000,0x00000088bf300000) (1024K)]
  0x0000026a2d92e660 WorkerThread "GC Thread#2"                     [id=28620, stack(0x00000088bf300000,0x00000088bf400000) (1024K)]
  0x0000026a2d92d0a0 WorkerThread "GC Thread#3"                     [id=13212, stack(0x00000088bf400000,0x00000088bf500000) (1024K)]
  0x0000026a4c2b3560 WorkerThread "GC Thread#4"                     [id=20960, stack(0x00000088bf500000,0x00000088bf600000) (1024K)]
  0x0000026a4c2b2a80 WorkerThread "GC Thread#5"                     [id=16428, stack(0x00000088bf600000,0x00000088bf700000) (1024K)]
  0x0000026a4c2b2e20 WorkerThread "GC Thread#6"                     [id=20016, stack(0x00000088bff00000,0x00000088c0000000) (1024K)]
  0x0000026a4c2b26e0 WorkerThread "GC Thread#7"                     [id=24000, stack(0x00000088c0000000,0x00000088c0100000) (1024K)]
  0x0000026a2fcf8da0 ConcurrentGCThread "G1 Main Marker"            [id=19840, stack(0x00000088be100000,0x00000088be200000) (1024K)]
  0x0000026a2d92ea00 WorkerThread "G1 Conc#0"                       [id=3228, stack(0x00000088be200000,0x00000088be300000) (1024K)]
  0x0000026a4c2b31c0 WorkerThread "G1 Conc#1"                       [id=6388, stack(0x00000088c0100000,0x00000088c0200000) (1024K)]
  0x0000026a4729a340 ConcurrentGCThread "G1 Refine#0"               [id=26200, stack(0x00000088be300000,0x00000088be400000) (1024K)]
  0x0000026a4729ab60 ConcurrentGCThread "G1 Service"                [id=24144, stack(0x00000088be400000,0x00000088be500000) (1024K)]
Total: 15

Threads with active compile tasks:
C2 CompilerThread0  30078 14932       4       com.android.tools.r8.internal.ju::a (4509 bytes)
C2 CompilerThread1  30078 15016   !   4       com.android.tools.r8.graph.b8::c (53 bytes)
C2 CompilerThread2  30078 15010       4       com.android.tools.r8.graph.j3$a::a (385 bytes)
Total: 3

VM state: at safepoint (normal execution)

VM Mutex/Monitor currently owned by a thread:  ([mutex/lock_event])
[0x00007ff921818690] Threads_lock - owner thread: 0x0000026a2d92db80
[0x00007ff921818790] Heap_lock - owner thread: 0x0000026a2fcf8da0

Heap address: 0x0000000080000000, size: 2048 MB, Compressed Oops mode: 32-bit

CDS archive(s) not mapped
Compressed class space mapped at: 0x0000000100000000-0x0000000140000000, reserved size: 1073741824
Narrow klass base: 0x0000000000000000, Narrow klass shift: 3, Narrow klass range: 0x140000000

GC Precious Log:
 CardTable entry size: 512
 Card Set container configuration: InlinePtr #cards 5 size 8 Array Of Cards #cards 12 size 40 Howl #buckets 4 coarsen threshold 1843 Howl Bitmap #cards 512 size 80 coarsen threshold 460 Card regions per heap region 1 cards per card region 2048
 CPUs: 8 total, 8 available
 Memory: 16198M
 Large Page Support: Disabled
 NUMA Support: Disabled
 Compressed Oops: Enabled (32-bit)
 Heap Region Size: 1M
 Heap Min Capacity: 8M
 Heap Initial Capacity: 254M
 Heap Max Capacity: 2G
 Pre-touch: Disabled
 Parallel Workers: 8
 Concurrent Workers: 2
 Concurrent Refinement Workers: 8
 Periodic GC: Disabled

Heap:
 garbage-first heap   total 269312K, used 220895K [0x0000000080000000, 0x0000000100000000)
  region size 1024K, 51 young (52224K), 11 survivors (11264K)
 Metaspace       used 123812K, committed 126208K, reserved 1179648K
  class space    used 17671K, committed 18816K, reserved 1048576K

Heap Regions: E=young(eden), S=young(survivor), O=old, HS=humongous(starts), HC=humongous(continues), CS=collection set, F=free, TAMS=top-at-mark-start, PB=parsable bottom
|   0|0x0000000080000000, 0x0000000080100000, 0x0000000080100000|100%|HS|  |TAMS 0x0000000080100000| PB 0x0000000080000000| Complete 
|   1|0x0000000080100000, 0x0000000080200000, 0x0000000080200000|100%|HC|  |TAMS 0x0000000080200000| PB 0x0000000080100000| Complete 
|   2|0x0000000080200000, 0x0000000080300000, 0x0000000080300000|100%|HC|  |TAMS 0x0000000080300000| PB 0x0000000080200000| Complete 
|   3|0x0000000080300000, 0x0000000080400000, 0x0000000080400000|100%|HC|  |TAMS 0x0000000080400000| PB 0x0000000080300000| Complete 
|   4|0x0000000080400000, 0x0000000080500000, 0x0000000080500000|100%| O|  |TAMS 0x0000000080500000| PB 0x0000000080500000| Untracked 
|   5|0x0000000080500000, 0x00000000805ee658, 0x0000000080600000| 93%| O|  |TAMS 0x00000000805ee658| PB 0x00000000805ee658| Untracked 
|   6|0x0000000080600000, 0x0000000080700000, 0x0000000080700000|100%|HS|  |TAMS 0x0000000080700000| PB 0x0000000080600000| Complete 
|   7|0x0000000080700000, 0x0000000080800000, 0x0000000080800000|100%| O|  |TAMS 0x0000000080800000| PB 0x0000000080800000| Untracked 
|   8|0x0000000080800000, 0x0000000080900000, 0x0000000080900000|100%| O|  |TAMS 0x0000000080900000| PB 0x0000000080900000| Untracked 
|   9|0x0000000080900000, 0x0000000080a00000, 0x0000000080a00000|100%| O|  |TAMS 0x0000000080a00000| PB 0x0000000080a00000| Untracked 
|  10|0x0000000080a00000, 0x0000000080b00000, 0x0000000080b00000|100%| O|  |TAMS 0x0000000080b00000| PB 0x0000000080b00000| Untracked 
|  11|0x0000000080b00000, 0x0000000080c00000, 0x0000000080c00000|100%| O|  |TAMS 0x0000000080c00000| PB 0x0000000080c00000| Untracked 
|  12|0x0000000080c00000, 0x0000000080d00000, 0x0000000080d00000|100%| O|  |TAMS 0x0000000080d00000| PB 0x0000000080d00000| Untracked 
|  13|0x0000000080d00000, 0x0000000080e00000, 0x0000000080e00000|100%| O|  |TAMS 0x0000000080e00000| PB 0x0000000080e00000| Untracked 
|  14|0x0000000080e00000, 0x0000000080f00000, 0x0000000080f00000|100%| O|  |TAMS 0x0000000080f00000| PB 0x0000000080f00000| Untracked 
|  15|0x0000000080f00000, 0x0000000081000000, 0x0000000081000000|100%| O|  |TAMS 0x0000000081000000| PB 0x0000000081000000| Untracked 
|  16|0x0000000081000000, 0x0000000081100000, 0x0000000081100000|100%| O|  |TAMS 0x0000000081100000| PB 0x0000000081100000| Untracked 
|  17|0x0000000081100000, 0x0000000081200000, 0x0000000081200000|100%| O|  |TAMS 0x0000000081200000| PB 0x0000000081200000| Untracked 
|  18|0x0000000081200000, 0x0000000081300000, 0x0000000081300000|100%| O|  |TAMS 0x0000000081300000| PB 0x0000000081300000| Untracked 
|  19|0x0000000081300000, 0x0000000081400000, 0x0000000081400000|100%| O|  |TAMS 0x0000000081400000| PB 0x0000000081400000| Untracked 
|  20|0x0000000081400000, 0x0000000081500000, 0x0000000081500000|100%| O|  |TAMS 0x0000000081500000| PB 0x0000000081500000| Untracked 
|  21|0x0000000081500000, 0x0000000081600000, 0x0000000081600000|100%| O|  |TAMS 0x0000000081600000| PB 0x0000000081600000| Updating 
|  22|0x0000000081600000, 0x0000000081700000, 0x0000000081700000|100%| O|  |TAMS 0x0000000081700000| PB 0x0000000081700000| Updating 
|  23|0x0000000081700000, 0x0000000081800000, 0x0000000081800000|100%| O|  |TAMS 0x0000000081800000| PB 0x0000000081800000| Updating 
|  24|0x0000000081800000, 0x0000000081900000, 0x0000000081900000|100%| O|  |TAMS 0x0000000081900000| PB 0x0000000081900000| Untracked 
|  25|0x0000000081900000, 0x0000000081a00000, 0x0000000081a00000|100%| O|  |TAMS 0x0000000081a00000| PB 0x0000000081a00000| Untracked 
|  26|0x0000000081a00000, 0x0000000081b00000, 0x0000000081b00000|100%| O|  |TAMS 0x0000000081b00000| PB 0x0000000081b00000| Updating 
|  27|0x0000000081b00000, 0x0000000081c00000, 0x0000000081c00000|100%| O|  |TAMS 0x0000000081c00000| PB 0x0000000081c00000| Updating 
|  28|0x0000000081c00000, 0x0000000081d00000, 0x0000000081d00000|100%| O|  |TAMS 0x0000000081d00000| PB 0x0000000081d00000| Untracked 
|  29|0x0000000081d00000, 0x0000000081e00000, 0x0000000081e00000|100%|HS|  |TAMS 0x0000000081e00000| PB 0x0000000081d00000| Complete 
|  30|0x0000000081e00000, 0x0000000081f00000, 0x0000000081f00000|100%|HC|  |TAMS 0x0000000081f00000| PB 0x0000000081e00000| Complete 
|  31|0x0000000081f00000, 0x0000000082000000, 0x0000000082000000|100%| O|  |TAMS 0x0000000082000000| PB 0x0000000082000000| Untracked 
|  32|0x0000000082000000, 0x0000000082100000, 0x0000000082100000|100%| O|  |TAMS 0x0000000082100000| PB 0x0000000082100000| Untracked 
|  33|0x0000000082100000, 0x0000000082200000, 0x0000000082200000|100%| O|  |TAMS 0x0000000082200000| PB 0x0000000082200000| Updating 
|  34|0x0000000082200000, 0x0000000082300000, 0x0000000082300000|100%| O|  |TAMS 0x0000000082300000| PB 0x0000000082300000| Updating 
|  35|0x0000000082300000, 0x0000000082400000, 0x0000000082400000|100%| O|  |TAMS 0x0000000082400000| PB 0x0000000082400000| Untracked 
|  36|0x0000000082400000, 0x0000000082500000, 0x0000000082500000|100%| O|  |TAMS 0x0000000082500000| PB 0x0000000082500000| Updating 
|  37|0x0000000082500000, 0x0000000082600000, 0x0000000082600000|100%| O|  |TAMS 0x0000000082600000| PB 0x0000000082600000| Untracked 
|  38|0x0000000082600000, 0x0000000082700000, 0x0000000082700000|100%| O|  |TAMS 0x0000000082700000| PB 0x0000000082700000| Updating 
|  39|0x0000000082700000, 0x0000000082800000, 0x0000000082800000|100%| O|  |TAMS 0x0000000082800000| PB 0x0000000082800000| Untracked 
|  40|0x0000000082800000, 0x0000000082900000, 0x0000000082900000|100%| O|  |TAMS 0x0000000082900000| PB 0x0000000082900000| Untracked 
|  41|0x0000000082900000, 0x0000000082a00000, 0x0000000082a00000|100%|HS|  |TAMS 0x0000000082a00000| PB 0x0000000082900000| Complete 
|  42|0x0000000082a00000, 0x0000000082b00000, 0x0000000082b00000|100%| O|  |TAMS 0x0000000082b00000| PB 0x0000000082b00000| Updating 
|  43|0x0000000082b00000, 0x0000000082c00000, 0x0000000082c00000|100%| O|  |TAMS 0x0000000082c00000| PB 0x0000000082c00000| Updating 
|  44|0x0000000082c00000, 0x0000000082d00000, 0x0000000082d00000|100%| O|  |TAMS 0x0000000082d00000| PB 0x0000000082d00000| Untracked 
|  45|0x0000000082d00000, 0x0000000082e00000, 0x0000000082e00000|100%| O|  |TAMS 0x0000000082e00000| PB 0x0000000082e00000| Untracked 
|  46|0x0000000082e00000, 0x0000000082f00000, 0x0000000082f00000|100%| O|  |TAMS 0x0000000082f00000| PB 0x0000000082f00000| Untracked 
|  47|0x0000000082f00000, 0x0000000083000000, 0x0000000083000000|100%| O|  |TAMS 0x0000000083000000| PB 0x0000000083000000| Updating 
|  48|0x0000000083000000, 0x0000000083100000, 0x0000000083100000|100%| O|  |TAMS 0x0000000083100000| PB 0x0000000083100000| Updating 
|  49|0x0000000083100000, 0x0000000083200000, 0x0000000083200000|100%| O|  |TAMS 0x0000000083200000| PB 0x0000000083200000| Untracked 
|  50|0x0000000083200000, 0x0000000083300000, 0x0000000083300000|100%|HS|  |TAMS 0x0000000083300000| PB 0x0000000083200000| Complete 
|  51|0x0000000083300000, 0x0000000083400000, 0x0000000083400000|100%| O|  |TAMS 0x0000000083300000| PB 0x0000000083300000| Untracked 
|  52|0x0000000083400000, 0x0000000083500000, 0x0000000083500000|100%| O|  |TAMS 0x0000000083500000| PB 0x0000000083500000| Untracked 
|  53|0x0000000083500000, 0x0000000083600000, 0x0000000083600000|100%|HS|  |TAMS 0x0000000083600000| PB 0x0000000083500000| Complete 
|  54|0x0000000083600000, 0x0000000083700000, 0x0000000083700000|100%|HC|  |TAMS 0x0000000083700000| PB 0x0000000083600000| Complete 
|  55|0x0000000083700000, 0x0000000083800000, 0x0000000083800000|100%|HS|  |TAMS 0x0000000083800000| PB 0x0000000083700000| Complete 
|  56|0x0000000083800000, 0x0000000083900000, 0x0000000083900000|100%|HS|  |TAMS 0x0000000083900000| PB 0x0000000083800000| Complete 
|  57|0x0000000083900000, 0x0000000083a00000, 0x0000000083a00000|100%| O|  |TAMS 0x0000000083a00000| PB 0x0000000083a00000| Updating 
|  58|0x0000000083a00000, 0x0000000083b00000, 0x0000000083b00000|100%|HS|  |TAMS 0x0000000083b00000| PB 0x0000000083a00000| Complete 
|  59|0x0000000083b00000, 0x0000000083c00000, 0x0000000083c00000|100%|HS|  |TAMS 0x0000000083c00000| PB 0x0000000083b00000| Complete 
|  60|0x0000000083c00000, 0x0000000083d00000, 0x0000000083d00000|100%| O|  |TAMS 0x0000000083d00000| PB 0x0000000083d00000| Untracked 
|  61|0x0000000083d00000, 0x0000000083e00000, 0x0000000083e00000|100%|HS|  |TAMS 0x0000000083e00000| PB 0x0000000083d00000| Complete 
|  62|0x0000000083e00000, 0x0000000083f00000, 0x0000000083f00000|100%|HC|  |TAMS 0x0000000083f00000| PB 0x0000000083e00000| Complete 
|  63|0x0000000083f00000, 0x0000000084000000, 0x0000000084000000|100%| O|  |TAMS 0x0000000084000000| PB 0x0000000084000000| Untracked 
|  64|0x0000000084000000, 0x0000000084100000, 0x0000000084100000|100%| O|  |TAMS 0x0000000084100000| PB 0x0000000084100000| Untracked 
|  65|0x0000000084100000, 0x0000000084200000, 0x0000000084200000|100%| O|  |TAMS 0x0000000084200000| PB 0x0000000084200000| Updating 
|  66|0x0000000084200000, 0x0000000084300000, 0x0000000084300000|100%| O|  |TAMS 0x0000000084300000| PB 0x0000000084300000| Untracked 
|  67|0x0000000084300000, 0x0000000084400000, 0x0000000084400000|100%| O|  |TAMS 0x0000000084400000| PB 0x0000000084400000| Updating 
|  68|0x0000000084400000, 0x0000000084500000, 0x0000000084500000|100%| O|  |TAMS 0x0000000084500000| PB 0x0000000084500000| Updating 
|  69|0x0000000084500000, 0x0000000084600000, 0x0000000084600000|100%| O|  |TAMS 0x0000000084600000| PB 0x0000000084600000| Untracked 
|  70|0x0000000084600000, 0x0000000084700000, 0x0000000084700000|100%| O|  |TAMS 0x0000000084700000| PB 0x0000000084700000| Untracked 
|  71|0x0000000084700000, 0x0000000084800000, 0x0000000084800000|100%| O|  |TAMS 0x0000000084800000| PB 0x0000000084800000| Untracked 
|  72|0x0000000084800000, 0x0000000084900000, 0x0000000084900000|100%|HS|  |TAMS 0x0000000084900000| PB 0x0000000084800000| Complete 
|  73|0x0000000084900000, 0x0000000084a00000, 0x0000000084a00000|100%| O|  |TAMS 0x0000000084a00000| PB 0x0000000084a00000| Untracked 
|  74|0x0000000084a00000, 0x0000000084b00000, 0x0000000084b00000|100%| O|  |TAMS 0x0000000084b00000| PB 0x0000000084b00000| Updating 
|  75|0x0000000084b00000, 0x0000000084c00000, 0x0000000084c00000|100%| O|  |TAMS 0x0000000084b00000| PB 0x0000000084b00000| Untracked 
|  76|0x0000000084c00000, 0x0000000084d00000, 0x0000000084d00000|100%| O|  |TAMS 0x0000000084d00000| PB 0x0000000084d00000| Untracked 
|  77|0x0000000084d00000, 0x0000000084e00000, 0x0000000084e00000|100%| O|  |TAMS 0x0000000084e00000| PB 0x0000000084e00000| Untracked 
|  78|0x0000000084e00000, 0x0000000084f00000, 0x0000000084f00000|100%| O|  |TAMS 0x0000000084f00000| PB 0x0000000084f00000| Updating 
|  79|0x0000000084f00000, 0x0000000085000000, 0x0000000085000000|100%| O|  |TAMS 0x0000000085000000| PB 0x0000000085000000| Untracked 
|  80|0x0000000085000000, 0x0000000085100000, 0x0000000085100000|100%| O|  |TAMS 0x0000000085100000| PB 0x0000000085100000| Updating 
|  81|0x0000000085100000, 0x0000000085200000, 0x0000000085200000|100%| O|  |TAMS 0x0000000085200000| PB 0x0000000085200000| Untracked 
|  82|0x0000000085200000, 0x0000000085300000, 0x0000000085300000|100%| O|  |TAMS 0x0000000085300000| PB 0x0000000085300000| Untracked 
|  83|0x0000000085300000, 0x0000000085400000, 0x0000000085400000|100%| O|  |TAMS 0x0000000085400000| PB 0x0000000085400000| Updating 
|  84|0x0000000085400000, 0x0000000085500000, 0x0000000085500000|100%| O|  |TAMS 0x0000000085500000| PB 0x0000000085500000| Updating 
|  85|0x0000000085500000, 0x0000000085600000, 0x0000000085600000|100%| O|  |TAMS 0x0000000085600000| PB 0x0000000085600000| Untracked 
|  86|0x0000000085600000, 0x0000000085700000, 0x0000000085700000|100%| O|  |TAMS 0x0000000085700000| PB 0x0000000085700000| Untracked 
|  87|0x0000000085700000, 0x0000000085800000, 0x0000000085800000|100%| O|  |TAMS 0x0000000085800000| PB 0x0000000085800000| Updating 
|  88|0x0000000085800000, 0x0000000085900000, 0x0000000085900000|100%| O|  |TAMS 0x0000000085900000| PB 0x0000000085900000| Untracked 
|  89|0x0000000085900000, 0x0000000085a00000, 0x0000000085a00000|100%| O|  |TAMS 0x0000000085a00000| PB 0x0000000085a00000| Untracked 
|  90|0x0000000085a00000, 0x0000000085b00000, 0x0000000085b00000|100%| O|  |TAMS 0x0000000085b00000| PB 0x0000000085b00000| Untracked 
|  91|0x0000000085b00000, 0x0000000085c00000, 0x0000000085c00000|100%| O|  |TAMS 0x0000000085c00000| PB 0x0000000085c00000| Untracked 
|  92|0x0000000085c00000, 0x0000000085d00000, 0x0000000085d00000|100%| O|  |TAMS 0x0000000085d00000| PB 0x0000000085d00000| Updating 
|  93|0x0000000085d00000, 0x0000000085e00000, 0x0000000085e00000|100%| O|  |TAMS 0x0000000085e00000| PB 0x0000000085e00000| Untracked 
|  94|0x0000000085e00000, 0x0000000085f00000, 0x0000000085f00000|100%| O|  |TAMS 0x0000000085f00000| PB 0x0000000085f00000| Untracked 
|  95|0x0000000085f00000, 0x0000000086000000, 0x0000000086000000|100%| O|  |TAMS 0x0000000086000000| PB 0x0000000086000000| Untracked 
|  96|0x0000000086000000, 0x0000000086100000, 0x0000000086100000|100%| O|  |TAMS 0x0000000086100000| PB 0x0000000086100000| Updating 
|  97|0x0000000086100000, 0x0000000086200000, 0x0000000086200000|100%| O|  |TAMS 0x0000000086200000| PB 0x0000000086200000| Untracked 
|  98|0x0000000086200000, 0x0000000086300000, 0x0000000086300000|100%| O|  |TAMS 0x0000000086300000| PB 0x0000000086300000| Untracked 
|  99|0x0000000086300000, 0x0000000086400000, 0x0000000086400000|100%| O|  |TAMS 0x0000000086400000| PB 0x0000000086400000| Untracked 
| 100|0x0000000086400000, 0x0000000086500000, 0x0000000086500000|100%| O|  |TAMS 0x0000000086500000| PB 0x0000000086500000| Updating 
| 101|0x0000000086500000, 0x0000000086600000, 0x0000000086600000|100%| O|  |TAMS 0x0000000086500000| PB 0x0000000086500000| Untracked 
| 102|0x0000000086600000, 0x0000000086700000, 0x0000000086700000|100%| O|  |TAMS 0x0000000086700000| PB 0x0000000086700000| Untracked 
| 103|0x0000000086700000, 0x0000000086800000, 0x0000000086800000|100%| O|  |TAMS 0x0000000086800000| PB 0x0000000086800000| Untracked 
| 104|0x0000000086800000, 0x0000000086900000, 0x0000000086900000|100%| O|  |TAMS 0x0000000086800000| PB 0x0000000086800000| Untracked 
| 105|0x0000000086900000, 0x0000000086a00000, 0x0000000086a00000|100%| O|  |TAMS 0x0000000086900000| PB 0x0000000086900000| Untracked 
| 106|0x0000000086a00000, 0x0000000086b00000, 0x0000000086b00000|100%| O|  |TAMS 0x0000000086b00000| PB 0x0000000086b00000| Untracked 
| 107|0x0000000086b00000, 0x0000000086c00000, 0x0000000086c00000|100%| O|  |TAMS 0x0000000086c00000| PB 0x0000000086c00000| Untracked 
| 108|0x0000000086c00000, 0x0000000086d00000, 0x0000000086d00000|100%| O|  |TAMS 0x0000000086d00000| PB 0x0000000086d00000| Untracked 
| 109|0x0000000086d00000, 0x0000000086e00000, 0x0000000086e00000|100%| O|  |TAMS 0x0000000086e00000| PB 0x0000000086e00000| Untracked 
| 110|0x0000000086e00000, 0x0000000086f00000, 0x0000000086f00000|100%| O|  |TAMS 0x0000000086f00000| PB 0x0000000086f00000| Untracked 
| 111|0x0000000086f00000, 0x0000000087000000, 0x0000000087000000|100%| O|  |TAMS 0x0000000087000000| PB 0x0000000087000000| Untracked 
| 112|0x0000000087000000, 0x0000000087100000, 0x0000000087100000|100%| O|  |TAMS 0x0000000087100000| PB 0x0000000087100000| Untracked 
| 113|0x0000000087100000, 0x0000000087200000, 0x0000000087200000|100%| O|  |TAMS 0x0000000087200000| PB 0x0000000087200000| Untracked 
| 114|0x0000000087200000, 0x0000000087300000, 0x0000000087300000|100%| O|  |TAMS 0x0000000087300000| PB 0x0000000087300000| Untracked 
| 115|0x0000000087300000, 0x0000000087400000, 0x0000000087400000|100%| O|  |TAMS 0x0000000087400000| PB 0x0000000087400000| Untracked 
| 116|0x0000000087400000, 0x0000000087500000, 0x0000000087500000|100%| O|  |TAMS 0x0000000087500000| PB 0x0000000087500000| Untracked 
| 117|0x0000000087500000, 0x0000000087600000, 0x0000000087600000|100%| O|  |TAMS 0x0000000087600000| PB 0x0000000087600000| Untracked 
| 118|0x0000000087600000, 0x0000000087700000, 0x0000000087700000|100%| O|  |TAMS 0x0000000087700000| PB 0x0000000087700000| Untracked 
| 119|0x0000000087700000, 0x0000000087800000, 0x0000000087800000|100%| O|  |TAMS 0x0000000087800000| PB 0x0000000087800000| Untracked 
| 120|0x0000000087800000, 0x0000000087900000, 0x0000000087900000|100%| O|  |TAMS 0x0000000087900000| PB 0x0000000087900000| Untracked 
| 121|0x0000000087900000, 0x0000000087a00000, 0x0000000087a00000|100%| O|  |TAMS 0x0000000087a00000| PB 0x0000000087a00000| Untracked 
| 122|0x0000000087a00000, 0x0000000087b00000, 0x0000000087b00000|100%| O|  |TAMS 0x0000000087b00000| PB 0x0000000087b00000| Untracked 
| 123|0x0000000087b00000, 0x0000000087c00000, 0x0000000087c00000|100%| O|  |TAMS 0x0000000087c00000| PB 0x0000000087c00000| Updating 
| 124|0x0000000087c00000, 0x0000000087d00000, 0x0000000087d00000|100%| O|  |TAMS 0x0000000087d00000| PB 0x0000000087d00000| Untracked 
| 125|0x0000000087d00000, 0x0000000087e00000, 0x0000000087e00000|100%| O|  |TAMS 0x0000000087e00000| PB 0x0000000087e00000| Untracked 
| 126|0x0000000087e00000, 0x0000000087f00000, 0x0000000087f00000|100%| O|  |TAMS 0x0000000087f00000| PB 0x0000000087f00000| Untracked 
| 127|0x0000000087f00000, 0x0000000088000000, 0x0000000088000000|100%| O|  |TAMS 0x0000000088000000| PB 0x0000000088000000| Untracked 
| 128|0x0000000088000000, 0x0000000088100000, 0x0000000088100000|100%| O|  |TAMS 0x0000000088100000| PB 0x0000000088100000| Untracked 
| 129|0x0000000088100000, 0x0000000088200000, 0x0000000088200000|100%| O|  |TAMS 0x0000000088200000| PB 0x0000000088200000| Untracked 
| 130|0x0000000088200000, 0x0000000088300000, 0x0000000088300000|100%| O|  |TAMS 0x0000000088300000| PB 0x0000000088300000| Untracked 
| 131|0x0000000088300000, 0x0000000088400000, 0x0000000088400000|100%| O|  |TAMS 0x0000000088400000| PB 0x0000000088400000| Untracked 
| 132|0x0000000088400000, 0x0000000088500000, 0x0000000088500000|100%| O|  |TAMS 0x0000000088500000| PB 0x0000000088500000| Untracked 
| 133|0x0000000088500000, 0x0000000088600000, 0x0000000088600000|100%| O|  |TAMS 0x0000000088500000| PB 0x0000000088500000| Untracked 
| 134|0x0000000088600000, 0x0000000088700000, 0x0000000088700000|100%| O|  |TAMS 0x0000000088600000| PB 0x0000000088600000| Untracked 
| 135|0x0000000088700000, 0x0000000088800000, 0x0000000088800000|100%| O|  |TAMS 0x0000000088700000| PB 0x0000000088700000| Untracked 
| 136|0x0000000088800000, 0x0000000088900000, 0x0000000088900000|100%| O|  |TAMS 0x0000000088800000| PB 0x0000000088800000| Untracked 
| 137|0x0000000088900000, 0x0000000088a00000, 0x0000000088a00000|100%| O|  |TAMS 0x0000000088900000| PB 0x0000000088900000| Untracked 
| 138|0x0000000088a00000, 0x0000000088b00000, 0x0000000088b00000|100%| O|  |TAMS 0x0000000088a00000| PB 0x0000000088a00000| Untracked 
| 139|0x0000000088b00000, 0x0000000088c00000, 0x0000000088c00000|100%| O|  |TAMS 0x0000000088c00000| PB 0x0000000088c00000| Untracked 
| 140|0x0000000088c00000, 0x0000000088d00000, 0x0000000088d00000|100%| O|  |TAMS 0x0000000088d00000| PB 0x0000000088d00000| Untracked 
| 141|0x0000000088d00000, 0x0000000088d00000, 0x0000000088e00000|  0%| F|  |TAMS 0x0000000088d00000| PB 0x0000000088d00000| Untracked 
| 142|0x0000000088e00000, 0x0000000088e00000, 0x0000000088f00000|  0%| F|  |TAMS 0x0000000088e00000| PB 0x0000000088e00000| Untracked 
| 143|0x0000000088f00000, 0x0000000088f00000, 0x0000000089000000|  0%| F|  |TAMS 0x0000000088f00000| PB 0x0000000088f00000| Untracked 
| 144|0x0000000089000000, 0x0000000089000000, 0x0000000089100000|  0%| F|  |TAMS 0x0000000089000000| PB 0x0000000089000000| Untracked 
| 145|0x0000000089100000, 0x0000000089100000, 0x0000000089200000|  0%| F|  |TAMS 0x0000000089100000| PB 0x0000000089100000| Untracked 
| 146|0x0000000089200000, 0x0000000089200000, 0x0000000089300000|  0%| F|  |TAMS 0x0000000089200000| PB 0x0000000089200000| Untracked 
| 147|0x0000000089300000, 0x0000000089300000, 0x0000000089400000|  0%| F|  |TAMS 0x0000000089300000| PB 0x0000000089300000| Untracked 
| 148|0x0000000089400000, 0x0000000089400000, 0x0000000089500000|  0%| F|  |TAMS 0x0000000089400000| PB 0x0000000089400000| Untracked 
| 149|0x0000000089500000, 0x0000000089500000, 0x0000000089600000|  0%| F|  |TAMS 0x0000000089500000| PB 0x0000000089500000| Untracked 
| 150|0x0000000089600000, 0x0000000089600000, 0x0000000089700000|  0%| F|  |TAMS 0x0000000089600000| PB 0x0000000089600000| Untracked 
| 151|0x0000000089700000, 0x0000000089700000, 0x0000000089800000|  0%| F|  |TAMS 0x0000000089700000| PB 0x0000000089700000| Untracked 
| 152|0x0000000089800000, 0x0000000089900000, 0x0000000089900000|100%| O|  |TAMS 0x0000000089800000| PB 0x0000000089800000| Untracked 
| 153|0x0000000089900000, 0x0000000089a00000, 0x0000000089a00000|100%| O|  |TAMS 0x0000000089900000| PB 0x0000000089900000| Untracked 
| 154|0x0000000089a00000, 0x0000000089b00000, 0x0000000089b00000|100%| O|  |TAMS 0x0000000089a00000| PB 0x0000000089a00000| Untracked 
| 155|0x0000000089b00000, 0x0000000089bc9810, 0x0000000089c00000| 78%| O|  |TAMS 0x0000000089b00000| PB 0x0000000089b00000| Updating 
| 156|0x0000000089c00000, 0x0000000089c00000, 0x0000000089d00000|  0%| F|  |TAMS 0x0000000089c00000| PB 0x0000000089c00000| Untracked 
| 157|0x0000000089d00000, 0x0000000089e00000, 0x0000000089e00000|100%| S|CS|TAMS 0x0000000089d00000| PB 0x0000000089d00000| Complete 
| 158|0x0000000089e00000, 0x0000000089f00000, 0x0000000089f00000|100%| S|CS|TAMS 0x0000000089e00000| PB 0x0000000089e00000| Complete 
| 159|0x0000000089f00000, 0x000000008a000000, 0x000000008a000000|100%| S|CS|TAMS 0x0000000089f00000| PB 0x0000000089f00000| Complete 
| 160|0x000000008a000000, 0x000000008a100000, 0x000000008a100000|100%| S|CS|TAMS 0x000000008a000000| PB 0x000000008a000000| Complete 
| 161|0x000000008a100000, 0x000000008a200000, 0x000000008a200000|100%| S|CS|TAMS 0x000000008a100000| PB 0x000000008a100000| Complete 
| 162|0x000000008a200000, 0x000000008a300000, 0x000000008a300000|100%| S|CS|TAMS 0x000000008a200000| PB 0x000000008a200000| Complete 
| 163|0x000000008a300000, 0x000000008a400000, 0x000000008a400000|100%| S|CS|TAMS 0x000000008a300000| PB 0x000000008a300000| Complete 
| 164|0x000000008a400000, 0x000000008a500000, 0x000000008a500000|100%| S|CS|TAMS 0x000000008a400000| PB 0x000000008a400000| Complete 
| 165|0x000000008a500000, 0x000000008a600000, 0x000000008a600000|100%| S|CS|TAMS 0x000000008a500000| PB 0x000000008a500000| Complete 
| 166|0x000000008a600000, 0x000000008a700000, 0x000000008a700000|100%| S|CS|TAMS 0x000000008a600000| PB 0x000000008a600000| Complete 
| 167|0x000000008a700000, 0x000000008a800000, 0x000000008a800000|100%| S|CS|TAMS 0x000000008a700000| PB 0x000000008a700000| Complete 
| 168|0x000000008a800000, 0x000000008a800000, 0x000000008a900000|  0%| F|  |TAMS 0x000000008a800000| PB 0x000000008a800000| Untracked 
| 169|0x000000008a900000, 0x000000008a900000, 0x000000008aa00000|  0%| F|  |TAMS 0x000000008a900000| PB 0x000000008a900000| Untracked 
| 170|0x000000008aa00000, 0x000000008aa00000, 0x000000008ab00000|  0%| F|  |TAMS 0x000000008aa00000| PB 0x000000008aa00000| Untracked 
| 171|0x000000008ab00000, 0x000000008ab00000, 0x000000008ac00000|  0%| F|  |TAMS 0x000000008ab00000| PB 0x000000008ab00000| Untracked 
| 172|0x000000008ac00000, 0x000000008ac00000, 0x000000008ad00000|  0%| F|  |TAMS 0x000000008ac00000| PB 0x000000008ac00000| Untracked 
| 173|0x000000008ad00000, 0x000000008ad00000, 0x000000008ae00000|  0%| F|  |TAMS 0x000000008ad00000| PB 0x000000008ad00000| Untracked 
| 174|0x000000008ae00000, 0x000000008ae00000, 0x000000008af00000|  0%| F|  |TAMS 0x000000008ae00000| PB 0x000000008ae00000| Untracked 
| 175|0x000000008af00000, 0x000000008af00000, 0x000000008b000000|  0%| F|  |TAMS 0x000000008af00000| PB 0x000000008af00000| Untracked 
| 176|0x000000008b000000, 0x000000008b000000, 0x000000008b100000|  0%| F|  |TAMS 0x000000008b000000| PB 0x000000008b000000| Untracked 
| 177|0x000000008b100000, 0x000000008b100000, 0x000000008b200000|  0%| F|  |TAMS 0x000000008b100000| PB 0x000000008b100000| Untracked 
| 178|0x000000008b200000, 0x000000008b200000, 0x000000008b300000|  0%| F|  |TAMS 0x000000008b200000| PB 0x000000008b200000| Untracked 
| 179|0x000000008b300000, 0x000000008b300000, 0x000000008b400000|  0%| F|  |TAMS 0x000000008b300000| PB 0x000000008b300000| Untracked 
| 180|0x000000008b400000, 0x000000008b400000, 0x000000008b500000|  0%| F|  |TAMS 0x000000008b400000| PB 0x000000008b400000| Untracked 
| 181|0x000000008b500000, 0x000000008b500000, 0x000000008b600000|  0%| F|  |TAMS 0x000000008b500000| PB 0x000000008b500000| Untracked 
| 182|0x000000008b600000, 0x000000008b600000, 0x000000008b700000|  0%| F|  |TAMS 0x000000008b600000| PB 0x000000008b600000| Untracked 
| 183|0x000000008b700000, 0x000000008b700000, 0x000000008b800000|  0%| F|  |TAMS 0x000000008b700000| PB 0x000000008b700000| Untracked 
| 184|0x000000008b800000, 0x000000008b800000, 0x000000008b900000|  0%| F|  |TAMS 0x000000008b800000| PB 0x000000008b800000| Untracked 
| 185|0x000000008b900000, 0x000000008b900000, 0x000000008ba00000|  0%| F|  |TAMS 0x000000008b900000| PB 0x000000008b900000| Untracked 
| 186|0x000000008ba00000, 0x000000008ba00000, 0x000000008bb00000|  0%| F|  |TAMS 0x000000008ba00000| PB 0x000000008ba00000| Untracked 
| 187|0x000000008bb00000, 0x000000008bb00000, 0x000000008bc00000|  0%| F|  |TAMS 0x000000008bb00000| PB 0x000000008bb00000| Untracked 
| 188|0x000000008bc00000, 0x000000008bc00000, 0x000000008bd00000|  0%| F|  |TAMS 0x000000008bc00000| PB 0x000000008bc00000| Untracked 
| 189|0x000000008bd00000, 0x000000008bd00000, 0x000000008be00000|  0%| F|  |TAMS 0x000000008bd00000| PB 0x000000008bd00000| Untracked 
| 190|0x000000008be00000, 0x000000008be00000, 0x000000008bf00000|  0%| F|  |TAMS 0x000000008be00000| PB 0x000000008be00000| Untracked 
| 191|0x000000008bf00000, 0x000000008bf00000, 0x000000008c000000|  0%| F|  |TAMS 0x000000008bf00000| PB 0x000000008bf00000| Untracked 
| 192|0x000000008c000000, 0x000000008c000000, 0x000000008c100000|  0%| F|  |TAMS 0x000000008c000000| PB 0x000000008c000000| Untracked 
| 193|0x000000008c100000, 0x000000008c100000, 0x000000008c200000|  0%| F|  |TAMS 0x000000008c100000| PB 0x000000008c100000| Untracked 
| 194|0x000000008c200000, 0x000000008c200000, 0x000000008c300000|  0%| F|  |TAMS 0x000000008c200000| PB 0x000000008c200000| Untracked 
| 195|0x000000008c300000, 0x000000008c300000, 0x000000008c400000|  0%| F|  |TAMS 0x000000008c300000| PB 0x000000008c300000| Untracked 
| 196|0x000000008c400000, 0x000000008c400000, 0x000000008c500000|  0%| F|  |TAMS 0x000000008c400000| PB 0x000000008c400000| Untracked 
| 197|0x000000008c500000, 0x000000008c500000, 0x000000008c600000|  0%| F|  |TAMS 0x000000008c500000| PB 0x000000008c500000| Untracked 
| 198|0x000000008c600000, 0x000000008c600000, 0x000000008c700000|  0%| F|  |TAMS 0x000000008c600000| PB 0x000000008c600000| Untracked 
| 199|0x000000008c700000, 0x000000008c700000, 0x000000008c800000|  0%| F|  |TAMS 0x000000008c700000| PB 0x000000008c700000| Untracked 
| 200|0x000000008c800000, 0x000000008c800000, 0x000000008c900000|  0%| F|  |TAMS 0x000000008c800000| PB 0x000000008c800000| Untracked 
| 201|0x000000008c900000, 0x000000008c9ba5a0, 0x000000008ca00000| 72%| E|  |TAMS 0x000000008c900000| PB 0x000000008c900000| Complete 
| 202|0x000000008ca00000, 0x000000008cb00000, 0x000000008cb00000|100%| E|  |TAMS 0x000000008ca00000| PB 0x000000008ca00000| Complete 
| 203|0x000000008cb00000, 0x000000008cc00000, 0x000000008cc00000|100%| E|CS|TAMS 0x000000008cb00000| PB 0x000000008cb00000| Complete 
| 204|0x000000008cc00000, 0x000000008cd00000, 0x000000008cd00000|100%| E|CS|TAMS 0x000000008cc00000| PB 0x000000008cc00000| Complete 
| 205|0x000000008cd00000, 0x000000008ce00000, 0x000000008ce00000|100%| E|CS|TAMS 0x000000008cd00000| PB 0x000000008cd00000| Complete 
| 206|0x000000008ce00000, 0x000000008cf00000, 0x000000008cf00000|100%| E|CS|TAMS 0x000000008ce00000| PB 0x000000008ce00000| Complete 
| 207|0x000000008cf00000, 0x000000008d000000, 0x000000008d000000|100%| E|CS|TAMS 0x000000008cf00000| PB 0x000000008cf00000| Complete 
| 208|0x000000008d000000, 0x000000008d100000, 0x000000008d100000|100%| E|CS|TAMS 0x000000008d000000| PB 0x000000008d000000| Complete 
| 209|0x000000008d100000, 0x000000008d200000, 0x000000008d200000|100%| E|CS|TAMS 0x000000008d100000| PB 0x000000008d100000| Complete 
| 210|0x000000008d200000, 0x000000008d300000, 0x000000008d300000|100%| E|CS|TAMS 0x000000008d200000| PB 0x000000008d200000| Complete 
| 211|0x000000008d300000, 0x000000008d400000, 0x000000008d400000|100%| E|CS|TAMS 0x000000008d300000| PB 0x000000008d300000| Complete 
| 212|0x000000008d400000, 0x000000008d500000, 0x000000008d500000|100%| E|CS|TAMS 0x000000008d400000| PB 0x000000008d400000| Complete 
| 213|0x000000008d500000, 0x000000008d600000, 0x000000008d600000|100%| E|CS|TAMS 0x000000008d500000| PB 0x000000008d500000| Complete 
| 214|0x000000008d600000, 0x000000008d700000, 0x000000008d700000|100%| E|CS|TAMS 0x000000008d600000| PB 0x000000008d600000| Complete 
| 215|0x000000008d700000, 0x000000008d800000, 0x000000008d800000|100%| E|CS|TAMS 0x000000008d700000| PB 0x000000008d700000| Complete 
| 216|0x000000008d800000, 0x000000008d900000, 0x000000008d900000|100%| E|CS|TAMS 0x000000008d800000| PB 0x000000008d800000| Complete 
| 217|0x000000008d900000, 0x000000008da00000, 0x000000008da00000|100%| E|CS|TAMS 0x000000008d900000| PB 0x000000008d900000| Complete 
| 218|0x000000008da00000, 0x000000008db00000, 0x000000008db00000|100%| E|CS|TAMS 0x000000008da00000| PB 0x000000008da00000| Complete 
| 219|0x000000008db00000, 0x000000008dc00000, 0x000000008dc00000|100%| E|CS|TAMS 0x000000008db00000| PB 0x000000008db00000| Complete 
| 220|0x000000008dc00000, 0x000000008dd00000, 0x000000008dd00000|100%| E|CS|TAMS 0x000000008dc00000| PB 0x000000008dc00000| Complete 
| 221|0x000000008dd00000, 0x000000008de00000, 0x000000008de00000|100%| E|CS|TAMS 0x000000008dd00000| PB 0x000000008dd00000| Complete 
| 222|0x000000008de00000, 0x000000008df00000, 0x000000008df00000|100%| E|CS|TAMS 0x000000008de00000| PB 0x000000008de00000| Complete 
| 223|0x000000008df00000, 0x000000008e000000, 0x000000008e000000|100%| E|CS|TAMS 0x000000008df00000| PB 0x000000008df00000| Complete 
| 224|0x000000008e000000, 0x000000008e100000, 0x000000008e100000|100%| E|CS|TAMS 0x000000008e000000| PB 0x000000008e000000| Complete 
| 225|0x000000008e100000, 0x000000008e200000, 0x000000008e200000|100%| E|CS|TAMS 0x000000008e100000| PB 0x000000008e100000| Complete 
| 226|0x000000008e200000, 0x000000008e300000, 0x000000008e300000|100%| E|CS|TAMS 0x000000008e200000| PB 0x000000008e200000| Complete 
| 227|0x000000008e300000, 0x000000008e400000, 0x000000008e400000|100%| E|CS|TAMS 0x000000008e300000| PB 0x000000008e300000| Complete 
| 228|0x000000008e400000, 0x000000008e500000, 0x000000008e500000|100%| E|CS|TAMS 0x000000008e400000| PB 0x000000008e400000| Complete 
| 229|0x000000008e500000, 0x000000008e600000, 0x000000008e600000|100%| E|CS|TAMS 0x000000008e500000| PB 0x000000008e500000| Complete 
| 230|0x000000008e600000, 0x000000008e700000, 0x000000008e700000|100%| E|CS|TAMS 0x000000008e600000| PB 0x000000008e600000| Complete 
| 231|0x000000008e700000, 0x000000008e800000, 0x000000008e800000|100%| E|CS|TAMS 0x000000008e700000| PB 0x000000008e700000| Complete 
| 253|0x000000008fd00000, 0x000000008fe00000, 0x000000008fe00000|100%| E|CS|TAMS 0x000000008fd00000| PB 0x000000008fd00000| Complete 
|2018|0x00000000fe200000, 0x00000000fe300000, 0x00000000fe300000|100%| O|  |TAMS 0x00000000fe252600| PB 0x00000000fe252600| Updating 
|2019|0x00000000fe300000, 0x00000000fe400000, 0x00000000fe400000|100%| O|  |TAMS 0x00000000fe400000| PB 0x00000000fe400000| Updating 
|2020|0x00000000fe400000, 0x00000000fe500000, 0x00000000fe500000|100%| O|  |TAMS 0x00000000fe500000| PB 0x00000000fe500000| Updating 
|2021|0x00000000fe500000, 0x00000000fe600000, 0x00000000fe600000|100%| O|  |TAMS 0x00000000fe600000| PB 0x00000000fe600000| Updating 
|2022|0x00000000fe600000, 0x00000000fe700000, 0x00000000fe700000|100%| O|  |TAMS 0x00000000fe700000| PB 0x00000000fe700000| Updating 
|2023|0x00000000fe700000, 0x00000000fe800000, 0x00000000fe800000|100%| O|  |TAMS 0x00000000fe800000| PB 0x00000000fe800000| Untracked 
|2024|0x00000000fe800000, 0x00000000fe900000, 0x00000000fe900000|100%| O|  |TAMS 0x00000000fe900000| PB 0x00000000fe900000| Untracked 
|2025|0x00000000fe900000, 0x00000000fea00000, 0x00000000fea00000|100%| O|  |TAMS 0x00000000fea00000| PB 0x00000000fea00000| Untracked 
|2026|0x00000000fea00000, 0x00000000feb00000, 0x00000000feb00000|100%| O|  |TAMS 0x00000000feb00000| PB 0x00000000feb00000| Untracked 
|2027|0x00000000feb00000, 0x00000000fec00000, 0x00000000fec00000|100%| O|  |TAMS 0x00000000fec00000| PB 0x00000000fec00000| Untracked 
|2028|0x00000000fec00000, 0x00000000fed00000, 0x00000000fed00000|100%| O|  |TAMS 0x00000000fed00000| PB 0x00000000fed00000| Untracked 
|2029|0x00000000fed00000, 0x00000000fee00000, 0x00000000fee00000|100%| O|  |TAMS 0x00000000fee00000| PB 0x00000000fee00000| Untracked 
|2030|0x00000000fee00000, 0x00000000fef00000, 0x00000000fef00000|100%| O|  |TAMS 0x00000000fef00000| PB 0x00000000fef00000| Updating 
|2031|0x00000000fef00000, 0x00000000ff000000, 0x00000000ff000000|100%| E|CS|TAMS 0x00000000fef00000| PB 0x00000000fef00000| Complete 
|2032|0x00000000ff000000, 0x00000000ff100000, 0x00000000ff100000|100%| O|  |TAMS 0x00000000ff100000| PB 0x00000000ff100000| Untracked 
|2033|0x00000000ff100000, 0x00000000ff200000, 0x00000000ff200000|100%| O|  |TAMS 0x00000000ff200000| PB 0x00000000ff200000| Untracked 
|2034|0x00000000ff200000, 0x00000000ff300000, 0x00000000ff300000|100%| O|  |TAMS 0x00000000ff300000| PB 0x00000000ff300000| Untracked 
|2035|0x00000000ff300000, 0x00000000ff400000, 0x00000000ff400000|100%| O|  |TAMS 0x00000000ff400000| PB 0x00000000ff400000| Untracked 
|2036|0x00000000ff400000, 0x00000000ff500000, 0x00000000ff500000|100%| E|CS|TAMS 0x00000000ff400000| PB 0x00000000ff400000| Complete 
|2037|0x00000000ff500000, 0x00000000ff600000, 0x00000000ff600000|100%| O|  |TAMS 0x00000000ff600000| PB 0x00000000ff600000| Untracked 
|2038|0x00000000ff600000, 0x00000000ff700000, 0x00000000ff700000|100%| E|CS|TAMS 0x00000000ff600000| PB 0x00000000ff600000| Complete 
|2039|0x00000000ff700000, 0x00000000ff800000, 0x00000000ff800000|100%| E|CS|TAMS 0x00000000ff700000| PB 0x00000000ff700000| Complete 
|2040|0x00000000ff800000, 0x00000000ff900000, 0x00000000ff900000|100%| E|CS|TAMS 0x00000000ff800000| PB 0x00000000ff800000| Complete 
|2041|0x00000000ff900000, 0x00000000ffa00000, 0x00000000ffa00000|100%| E|CS|TAMS 0x00000000ff900000| PB 0x00000000ff900000| Complete 
|2042|0x00000000ffa00000, 0x00000000ffb00000, 0x00000000ffb00000|100%| O|  |TAMS 0x00000000ffb00000| PB 0x00000000ffb00000| Updating 
|2043|0x00000000ffb00000, 0x00000000ffc00000, 0x00000000ffc00000|100%| O|  |TAMS 0x00000000ffc00000| PB 0x00000000ffc00000| Untracked 
|2044|0x00000000ffc00000, 0x00000000ffd00000, 0x00000000ffd00000|100%| E|CS|TAMS 0x00000000ffc00000| PB 0x00000000ffc00000| Complete 
|2045|0x00000000ffd00000, 0x00000000ffe00000, 0x00000000ffe00000|100%| E|CS|TAMS 0x00000000ffd00000| PB 0x00000000ffd00000| Complete 
|2046|0x00000000ffe00000, 0x00000000fff00000, 0x00000000fff00000|100%| O|  |TAMS 0x00000000fff00000| PB 0x00000000fff00000| Updating 
|2047|0x00000000fff00000, 0x0000000100000000, 0x0000000100000000|100%| O|  |TAMS 0x0000000100000000| PB 0x0000000100000000| Untracked 

Card table byte_map: [0x0000026a42530000,0x0000026a42930000] _byte_map_base: 0x0000026a42130000

Marking Bits: (CMBitMap*) 0x0000026a2fce71e0
 Bits: [0x0000026a42930000, 0x0000026a44930000)

Polling page: 0x0000026a2dc30000

Metaspace:

Usage:
  Non-class:    103.65 MB used.
      Class:     17.26 MB used.
       Both:    120.91 MB used.

Virtual space:
  Non-class space:      128.00 MB reserved,     104.88 MB ( 82%) committed,  2 nodes.
      Class space:        1.00 GB reserved,      18.38 MB (  2%) committed,  1 nodes.
             Both:        1.12 GB reserved,     123.25 MB ( 11%) committed. 

Chunk freelists:
   Non-Class:  6.91 MB
       Class:  13.56 MB
        Both:  20.47 MB

MaxMetaspaceSize: unlimited
CompressedClassSpaceSize: 1.00 GB
Initial GC threshold: 21.00 MB
Current GC threshold: 197.44 MB
CDS: off
 - commit_granule_bytes: 65536.
 - commit_granule_words: 8192.
 - virtual_space_node_default_size: 8388608.
 - enlarge_chunks_in_place: 1.
 - use_allocation_guard: 0.


Internal statistics:

num_allocs_failed_limit: 11.
num_arena_births: 4796.
num_arena_deaths: 0.
num_vsnodes_births: 3.
num_vsnodes_deaths: 0.
num_space_committed: 1972.
num_space_uncommitted: 0.
num_chunks_returned_to_freelist: 11.
num_chunks_taken_from_freelist: 10248.
num_chunk_merges: 11.
num_chunk_splits: 6634.
num_chunks_enlarged: 4104.
num_inconsistent_stats: 0.

CodeHeap 'non-profiled nmethods': size=120000Kb used=8548Kb max_used=8775Kb free=111451Kb
 bounds [0x0000026a3a8d0000, 0x0000026a3b170000, 0x0000026a41e00000]
CodeHeap 'profiled nmethods': size=120000Kb used=22743Kb max_used=23351Kb free=97256Kb
 bounds [0x0000026a32e00000, 0x0000026a344d0000, 0x0000026a3a330000]
CodeHeap 'non-nmethods': size=5760Kb used=2056Kb max_used=2105Kb free=3703Kb
 bounds [0x0000026a3a330000, 0x0000026a3a5a0000, 0x0000026a3a8d0000]
CodeCache: size=245760Kb, used=33347Kb, max_used=34231Kb, free=212410Kb
 total_blobs=13194, nmethods=12263, adapters=835, full_count=0
Compilation: enabled, stopped_count=0, restarted_count=0

Compilation events (20 events):
Event: 29.948 Thread 0x0000026a474f74c0 15028       3       com.android.tools.r8.internal.h41::b (41 bytes)
Event: 29.949 Thread 0x0000026a474f74c0 nmethod 15028 0x0000026a344ccf90 code [0x0000026a344cd140, 0x0000026a344cd2f8]
Event: 29.949 Thread 0x0000026a474f74c0 15027       3       com.android.tools.r8.internal.ju::b (25 bytes)
Event: 29.949 Thread 0x0000026a474f74c0 nmethod 15027 0x0000026a344cd390 code [0x0000026a344cd540, 0x0000026a344cd6f0]
Event: 29.951 Thread 0x0000026a474f74c0 15029       3       com.android.tools.r8.graph.m3::equals (6 bytes)
Event: 29.951 Thread 0x0000026a474f74c0 nmethod 15029 0x0000026a344cd810 code [0x0000026a344cd9c0, 0x0000026a344cdaf8]
Event: 29.951 Thread 0x0000026a474f74c0 15030       3       com.android.tools.r8.internal.tt0::a (59 bytes)
Event: 29.951 Thread 0x0000026a474f74c0 nmethod 15030 0x0000026a344cdb90 code [0x0000026a344cdd60, 0x0000026a344ce160]
Event: 29.972 Thread 0x0000026a59404050 nmethod 14943 0x0000026a3b155590 code [0x0000026a3b155840, 0x0000026a3b156930]
Event: 29.973 Thread 0x0000026a59404050 14995       4       com.android.tools.r8.graph.f9::a (25 bytes)
Event: 29.992 Thread 0x0000026a524f67b0 nmethod 14962 0x0000026a3b157790 code [0x0000026a3b157b80, 0x0000026a3b15a510]
Event: 29.992 Thread 0x0000026a524f67b0 15031       4       com.android.tools.r8.graph.u3::b (23 bytes)
Event: 30.027 Thread 0x0000026a524f67b0 nmethod 15031 0x0000026a3b15bf90 code [0x0000026a3b15c240, 0x0000026a3b15d798]
Event: 30.027 Thread 0x0000026a524f67b0 15014       4       com.android.tools.r8.graph.m9::a (37 bytes)
Event: 30.029 Thread 0x0000026a59404050 nmethod 14995 0x0000026a3b15e290 code [0x0000026a3b15e620, 0x0000026a3b15ff38]
Event: 30.029 Thread 0x0000026a59404050 15015       4       com.android.tools.r8.graph.ka::a (31 bytes)
Event: 30.030 Thread 0x0000026a59404050 nmethod 15015 0x0000026a3b161390 code [0x0000026a3b161520, 0x0000026a3b161610]
Event: 30.030 Thread 0x0000026a59404050 15016   !   4       com.android.tools.r8.graph.b8::c (53 bytes)
Event: 30.030 Thread 0x0000026a524f67b0 nmethod 15014 0x0000026a3b161710 code [0x0000026a3b1618a0, 0x0000026a3b161c00]
Event: 30.030 Thread 0x0000026a524f67b0 15010       4       com.android.tools.r8.graph.j3$a::a (385 bytes)

GC Heap History (20 events):
Event: 21.682 GC heap before
{Heap before GC invocations=51 (full 0):
 garbage-first heap   total 199680K, used 182614K [0x0000000080000000, 0x0000000100000000)
  region size 1024K, 64 young (65536K), 3 survivors (3072K)
 Metaspace       used 113249K, committed 115648K, reserved 1179648K
  class space    used 16202K, committed 17344K, reserved 1048576K
}
Event: 21.690 GC heap after
{Heap after GC invocations=52 (full 0):
 garbage-first heap   total 199680K, used 120509K [0x0000000080000000, 0x0000000100000000)
  region size 1024K, 5 young (5120K), 5 survivors (5120K)
 Metaspace       used 113249K, committed 115648K, reserved 1179648K
  class space    used 16202K, committed 17344K, reserved 1048576K
}
Event: 22.022 GC heap before
{Heap before GC invocations=52 (full 0):
 garbage-first heap   total 199680K, used 182973K [0x0000000080000000, 0x0000000100000000)
  region size 1024K, 67 young (68608K), 5 survivors (5120K)
 Metaspace       used 113290K, committed 115648K, reserved 1179648K
  class space    used 16207K, committed 17344K, reserved 1048576K
}
Event: 22.029 GC heap after
{Heap after GC invocations=53 (full 0):
 garbage-first heap   total 199680K, used 121071K [0x0000000080000000, 0x0000000100000000)
  region size 1024K, 5 young (5120K), 5 survivors (5120K)
 Metaspace       used 113290K, committed 115648K, reserved 1179648K
  class space    used 16207K, committed 17344K, reserved 1048576K
}
Event: 22.576 GC heap before
{Heap before GC invocations=54 (full 0):
 garbage-first heap   total 203776K, used 186607K [0x0000000080000000, 0x0000000100000000)
  region size 1024K, 69 young (70656K), 5 survivors (5120K)
 Metaspace       used 113346K, committed 115712K, reserved 1179648K
  class space    used 16211K, committed 17344K, reserved 1048576K
}
Event: 22.581 GC heap after
{Heap after GC invocations=55 (full 0):
 garbage-first heap   total 203776K, used 121673K [0x0000000080000000, 0x0000000100000000)
  region size 1024K, 6 young (6144K), 6 survivors (6144K)
 Metaspace       used 113346K, committed 115712K, reserved 1179648K
  class space    used 16211K, committed 17344K, reserved 1048576K
}
Event: 23.509 GC heap before
{Heap before GC invocations=55 (full 0):
 garbage-first heap   total 203776K, used 190281K [0x0000000080000000, 0x0000000100000000)
  region size 1024K, 74 young (75776K), 6 survivors (6144K)
 Metaspace       used 116805K, committed 119168K, reserved 1179648K
  class space    used 16645K, committed 17792K, reserved 1048576K
}
Event: 23.519 GC heap after
{Heap after GC invocations=56 (full 0):
 garbage-first heap   total 247808K, used 123815K [0x0000000080000000, 0x0000000100000000)
  region size 1024K, 10 young (10240K), 10 survivors (10240K)
 Metaspace       used 116805K, committed 119168K, reserved 1179648K
  class space    used 16645K, committed 17792K, reserved 1048576K
}
Event: 24.013 GC heap before
{Heap before GC invocations=56 (full 0):
 garbage-first heap   total 247808K, used 226215K [0x0000000080000000, 0x0000000100000000)
  region size 1024K, 110 young (112640K), 10 survivors (10240K)
 Metaspace       used 117804K, committed 120256K, reserved 1179648K
  class space    used 16806K, committed 17984K, reserved 1048576K
}
Event: 24.022 GC heap after
{Heap after GC invocations=57 (full 0):
 garbage-first heap   total 247808K, used 125376K [0x0000000080000000, 0x0000000100000000)
  region size 1024K, 9 young (9216K), 9 survivors (9216K)
 Metaspace       used 117804K, committed 120256K, reserved 1179648K
  class space    used 16806K, committed 17984K, reserved 1048576K
}
Event: 24.856 GC heap before
{Heap before GC invocations=57 (full 0):
 garbage-first heap   total 247808K, used 228800K [0x0000000080000000, 0x0000000100000000)
  region size 1024K, 110 young (112640K), 9 survivors (9216K)
 Metaspace       used 117806K, committed 120256K, reserved 1179648K
  class space    used 16806K, committed 17984K, reserved 1048576K
}
Event: 24.867 GC heap after
{Heap after GC invocations=58 (full 0):
 garbage-first heap   total 247808K, used 126175K [0x0000000080000000, 0x0000000100000000)
  region size 1024K, 9 young (9216K), 9 survivors (9216K)
 Metaspace       used 117806K, committed 120256K, reserved 1179648K
  class space    used 16806K, committed 17984K, reserved 1048576K
}
Event: 26.220 GC heap before
{Heap before GC invocations=58 (full 0):
 garbage-first heap   total 247808K, used 230623K [0x0000000080000000, 0x0000000100000000)
  region size 1024K, 112 young (114688K), 9 survivors (9216K)
 Metaspace       used 118699K, committed 121152K, reserved 1179648K
  class space    used 16929K, committed 18112K, reserved 1048576K
}
Event: 26.234 GC heap after
{Heap after GC invocations=59 (full 0):
 garbage-first heap   total 249856K, used 134990K [0x0000000080000000, 0x0000000100000000)
  region size 1024K, 14 young (14336K), 14 survivors (14336K)
 Metaspace       used 118699K, committed 121152K, reserved 1179648K
  class space    used 16929K, committed 18112K, reserved 1048576K
}
Event: 26.943 GC heap before
{Heap before GC invocations=60 (full 0):
 garbage-first heap   total 249856K, used 229198K [0x0000000080000000, 0x0000000100000000)
  region size 1024K, 107 young (109568K), 14 survivors (14336K)
 Metaspace       used 119232K, committed 121664K, reserved 1179648K
  class space    used 17015K, committed 18176K, reserved 1048576K
}
Event: 26.976 GC heap after
{Heap after GC invocations=61 (full 0):
 garbage-first heap   total 265216K, used 154841K [0x0000000080000000, 0x0000000100000000)
  region size 1024K, 14 young (14336K), 14 survivors (14336K)
 Metaspace       used 119232K, committed 121664K, reserved 1179648K
  class space    used 17015K, committed 18176K, reserved 1048576K
}
Event: 29.443 GC heap before
{Heap before GC invocations=61 (full 0):
 garbage-first heap   total 265216K, used 235737K [0x0000000080000000, 0x0000000100000000)
  region size 1024K, 94 young (96256K), 14 survivors (14336K)
 Metaspace       used 122865K, committed 125248K, reserved 1179648K
  class space    used 17535K, committed 18688K, reserved 1048576K
}
Event: 29.459 GC heap after
{Heap after GC invocations=62 (full 0):
 garbage-first heap   total 269312K, used 167171K [0x0000000080000000, 0x0000000100000000)
  region size 1024K, 12 young (12288K), 12 survivors (12288K)
 Metaspace       used 122865K, committed 125248K, reserved 1179648K
  class space    used 17535K, committed 18688K, reserved 1048576K
}
Event: 29.714 GC heap before
{Heap before GC invocations=62 (full 0):
 garbage-first heap   total 269312K, used 239875K [0x0000000080000000, 0x0000000100000000)
  region size 1024K, 84 young (86016K), 12 survivors (12288K)
 Metaspace       used 122916K, committed 125312K, reserved 1179648K
  class space    used 17542K, committed 18688K, reserved 1048576K
}
Event: 29.736 GC heap after
{Heap after GC invocations=63 (full 0):
 garbage-first heap   total 269312K, used 181983K [0x0000000080000000, 0x0000000100000000)
  region size 1024K, 11 young (11264K), 11 survivors (11264K)
 Metaspace       used 122916K, committed 125312K, reserved 1179648K
  class space    used 17542K, committed 18688K, reserved 1048576K
}

Dll operation events (3 events):
Event: 0.005 Loaded shared library E:\data download dian\android studio dian\jbr\bin\java.dll
Event: 0.009 Loaded shared library E:\data download dian\android studio dian\jbr\bin\zip.dll
Event: 0.601 Loaded shared library E:\data download dian\android studio dian\jbr\bin\verify.dll

Deoptimization events (20 events):
Event: 29.766 Thread 0x0000026a4c2d4d60 Uncommon trap: trap_request=0xffffffc6 fr.pc=0x0000026a3b145ce8 relative=0x0000000000000468
Event: 29.766 Thread 0x0000026a4c2d4d60 Uncommon trap: reason=bimorphic_or_optimized_type_check action=maybe_recompile pc=0x0000026a3b145ce8 method=com.android.tools.r8.graph.e8.c()Lcom/android/tools/r8/graph/b8$e; @ 144 c2
Event: 29.766 Thread 0x0000026a4c2d4d60 DEOPT PACKING pc=0x0000026a3b145ce8 sp=0x00000088c1af9bc0
Event: 29.766 Thread 0x0000026a4c2d4d60 DEOPT UNPACKING pc=0x0000026a3a3843a2 sp=0x00000088c1af9b70 mode 2
Event: 29.766 Thread 0x0000026a4c2d4d60 Uncommon trap: trap_request=0xffffffc6 fr.pc=0x0000026a3b145ce8 relative=0x0000000000000468
Event: 29.766 Thread 0x0000026a4c2d4d60 Uncommon trap: reason=bimorphic_or_optimized_type_check action=maybe_recompile pc=0x0000026a3b145ce8 method=com.android.tools.r8.graph.e8.c()Lcom/android/tools/r8/graph/b8$e; @ 144 c2
Event: 29.766 Thread 0x0000026a4c2d4d60 DEOPT PACKING pc=0x0000026a3b145ce8 sp=0x00000088c1af9a30
Event: 29.766 Thread 0x0000026a4c2d4d60 DEOPT UNPACKING pc=0x0000026a3a3843a2 sp=0x00000088c1af99e0 mode 2
Event: 29.766 Thread 0x0000026a4c2d4d60 Uncommon trap: trap_request=0xffffffc6 fr.pc=0x0000026a3b145ce8 relative=0x0000000000000468
Event: 29.766 Thread 0x0000026a4c2d4d60 Uncommon trap: reason=bimorphic_or_optimized_type_check action=maybe_recompile pc=0x0000026a3b145ce8 method=com.android.tools.r8.graph.e8.c()Lcom/android/tools/r8/graph/b8$e; @ 144 c2
Event: 29.766 Thread 0x0000026a4c2d4d60 DEOPT PACKING pc=0x0000026a3b145ce8 sp=0x00000088c1af9bc0
Event: 29.766 Thread 0x0000026a4c2d4d60 DEOPT UNPACKING pc=0x0000026a3a3843a2 sp=0x00000088c1af9b70 mode 2
Event: 29.766 Thread 0x0000026a4c2d4d60 Uncommon trap: trap_request=0xffffffc6 fr.pc=0x0000026a3b145ce8 relative=0x0000000000000468
Event: 29.766 Thread 0x0000026a4c2d4d60 Uncommon trap: reason=bimorphic_or_optimized_type_check action=maybe_recompile pc=0x0000026a3b145ce8 method=com.android.tools.r8.graph.e8.c()Lcom/android/tools/r8/graph/b8$e; @ 144 c2
Event: 29.766 Thread 0x0000026a4c2d4d60 DEOPT PACKING pc=0x0000026a3b145ce8 sp=0x00000088c1af9a30
Event: 29.766 Thread 0x0000026a4c2d4d60 DEOPT UNPACKING pc=0x0000026a3a3843a2 sp=0x00000088c1af99e0 mode 2
Event: 29.914 Thread 0x0000026a4c2d4d60 Uncommon trap: trap_request=0xffffff45 fr.pc=0x0000026a3b13f3e0 relative=0x0000000000003040
Event: 29.914 Thread 0x0000026a4c2d4d60 Uncommon trap: reason=unstable_if action=reinterpret pc=0x0000026a3b13f3e0 method=com.android.tools.r8.graph.e8.b()Lcom/android/tools/r8/graph/b8$c; @ 386 c2
Event: 29.940 Thread 0x0000026a4c2d4d60 DEOPT PACKING pc=0x0000026a3b13f3e0 sp=0x00000088c1af9a50
Event: 29.940 Thread 0x0000026a4c2d4d60 DEOPT UNPACKING pc=0x0000026a3a3843a2 sp=0x00000088c1af9a18 mode 2

Classes loaded (20 events):
Event: 25.576 Loading class java/util/regex/Pattern$SliceU
Event: 25.577 Loading class java/util/regex/Pattern$SliceU done
Event: 25.577 Loading class sun/nio/fs/WindowsFileSystem$2
Event: 25.577 Loading class sun/nio/fs/WindowsFileSystem$2 done
Event: 25.585 Loading class java/util/zip/ZipFile$ZipEntryIterator
Event: 25.585 Loading class java/util/zip/ZipFile$ZipEntryIterator done
Event: 26.028 Loading class java/util/zip/ZipInputStream
Event: 26.029 Loading class java/util/zip/ZipInputStream done
Event: 26.661 Loading class java/io/UTFDataFormatException
Event: 26.661 Loading class java/io/UTFDataFormatException done
Event: 28.227 Loading class java/util/stream/IntPipeline$1
Event: 28.227 Loading class java/util/stream/IntPipeline$1 done
Event: 28.229 Loading class java/util/stream/IntPipeline$1$1
Event: 28.229 Loading class java/util/stream/Sink$ChainedInt
Event: 28.229 Loading class java/util/stream/Sink$ChainedInt done
Event: 28.229 Loading class java/util/stream/IntPipeline$1$1 done
Event: 28.299 Loading class java/util/concurrent/RejectedExecutionException
Event: 28.299 Loading class java/util/concurrent/RejectedExecutionException done
Event: 28.472 Loading class java/util/function/BooleanSupplier
Event: 28.472 Loading class java/util/function/BooleanSupplier done

Classes unloaded (0 events):
No events

Classes redefined (0 events):
No events

Internal exceptions (20 events):
Event: 30.002 Thread 0x0000026a4c2d67a0 Exception <a 'sun/nio/fs/WindowsException'{0x000000008ca1a160}> (0x000000008ca1a160) 
thrown [s\src\hotspot\share\prims\jni.cpp, line 537]
Event: 30.003 Thread 0x0000026a4c2d67a0 Exception <a 'sun/nio/fs/WindowsException'{0x000000008ca23cf8}> (0x000000008ca23cf8) 
thrown [s\src\hotspot\share\prims\jni.cpp, line 537]
Event: 30.005 Thread 0x0000026a4c2d67a0 Exception <a 'sun/nio/fs/WindowsException'{0x000000008ca2cb68}> (0x000000008ca2cb68) 
thrown [s\src\hotspot\share\prims\jni.cpp, line 537]
Event: 30.006 Thread 0x0000026a4c2d67a0 Exception <a 'sun/nio/fs/WindowsException'{0x000000008ca37a60}> (0x000000008ca37a60) 
thrown [s\src\hotspot\share\prims\jni.cpp, line 537]
Event: 30.012 Thread 0x0000026a4c2d67a0 Exception <a 'sun/nio/fs/WindowsException'{0x000000008ca94a20}> (0x000000008ca94a20) 
thrown [s\src\hotspot\share\prims\jni.cpp, line 537]
Event: 30.013 Thread 0x0000026a4c2d67a0 Exception <a 'sun/nio/fs/WindowsException'{0x000000008caa14f0}> (0x000000008caa14f0) 
thrown [s\src\hotspot\share\prims\jni.cpp, line 537]
Event: 30.015 Thread 0x0000026a4c2d67a0 Exception <a 'sun/nio/fs/WindowsException'{0x000000008caab8f0}> (0x000000008caab8f0) 
thrown [s\src\hotspot\share\prims\jni.cpp, line 537]
Event: 30.016 Thread 0x0000026a4c2d67a0 Exception <a 'sun/nio/fs/WindowsException'{0x000000008cab7000}> (0x000000008cab7000) 
thrown [s\src\hotspot\share\prims\jni.cpp, line 537]
Event: 30.017 Thread 0x0000026a4c2d67a0 Exception <a 'sun/nio/fs/WindowsException'{0x000000008cad3298}> (0x000000008cad3298) 
thrown [s\src\hotspot\share\prims\jni.cpp, line 537]
Event: 30.018 Thread 0x0000026a4c2d67a0 Exception <a 'sun/nio/fs/WindowsException'{0x000000008cadd658}> (0x000000008cadd658) 
thrown [s\src\hotspot\share\prims\jni.cpp, line 537]
Event: 30.019 Thread 0x0000026a4c2d67a0 Exception <a 'sun/nio/fs/WindowsException'{0x000000008cae6990}> (0x000000008cae6990) 
thrown [s\src\hotspot\share\prims\jni.cpp, line 537]
Event: 30.020 Thread 0x0000026a4c2d67a0 Exception <a 'sun/nio/fs/WindowsException'{0x000000008caf05c0}> (0x000000008caf05c0) 
thrown [s\src\hotspot\share\prims\jni.cpp, line 537]
Event: 30.022 Thread 0x0000026a4c2d67a0 Exception <a 'sun/nio/fs/WindowsException'{0x000000008c903f18}> (0x000000008c903f18) 
thrown [s\src\hotspot\share\prims\jni.cpp, line 537]
Event: 30.024 Thread 0x0000026a4c2d67a0 Exception <a 'sun/nio/fs/WindowsException'{0x000000008c911320}> (0x000000008c911320) 
thrown [s\src\hotspot\share\prims\jni.cpp, line 537]
Event: 30.026 Thread 0x0000026a4c2d67a0 Exception <a 'sun/nio/fs/WindowsException'{0x000000008c919d78}> (0x000000008c919d78) 
thrown [s\src\hotspot\share\prims\jni.cpp, line 537]
Event: 30.026 Thread 0x0000026a4c2d67a0 Exception <a 'sun/nio/fs/WindowsException'{0x000000008c924038}> (0x000000008c924038) 
thrown [s\src\hotspot\share\prims\jni.cpp, line 537]
Event: 30.027 Thread 0x0000026a4c2d67a0 Exception <a 'sun/nio/fs/WindowsException'{0x000000008c9778e0}> (0x000000008c9778e0) 
thrown [s\src\hotspot\share\prims\jni.cpp, line 537]
Event: 30.028 Thread 0x0000026a4c2d67a0 Exception <a 'sun/nio/fs/WindowsException'{0x000000008c98fba0}> (0x000000008c98fba0) 
thrown [s\src\hotspot\share\prims\jni.cpp, line 537]
Event: 30.030 Thread 0x0000026a4c2d67a0 Exception <a 'sun/nio/fs/WindowsException'{0x000000008c9996e8}> (0x000000008c9996e8) 
thrown [s\src\hotspot\share\prims\jni.cpp, line 537]
Event: 30.031 Thread 0x0000026a4c2d67a0 Exception <a 'sun/nio/fs/WindowsException'{0x000000008c9a9f88}> (0x000000008c9a9f88) 
thrown [s\src\hotspot\share\prims\jni.cpp, line 537]

ZGC Phase Switch (0 events):
No events

VM Operations (20 events):
Event: 24.867 Executing VM operation: G1CollectForAllocation (G1 Evacuation Pause) done
Event: 26.219 Executing VM operation: G1CollectForAllocation (G1 Evacuation Pause)
Event: 26.234 Executing VM operation: G1CollectForAllocation (G1 Evacuation Pause) done
Event: 26.449 Executing VM operation: G1PauseRemark
Event: 26.458 Executing VM operation: G1PauseRemark done
Event: 26.656 Executing VM operation: G1PauseCleanup
Event: 26.657 Executing VM operation: G1PauseCleanup done
Event: 26.943 Executing VM operation: G1CollectForAllocation (G1 Evacuation Pause)
Event: 26.976 Executing VM operation: G1CollectForAllocation (G1 Evacuation Pause) done
Event: 27.976 Executing VM operation: Cleanup
Event: 27.981 Executing VM operation: Cleanup done
Event: 28.904 Executing VM operation: HandshakeAllThreads (Deoptimize)
Event: 28.905 Executing VM operation: HandshakeAllThreads (Deoptimize) done
Event: 29.440 Executing VM operation: G1CollectForAllocation (G1 Evacuation Pause)
Event: 29.459 Executing VM operation: G1CollectForAllocation (G1 Evacuation Pause) done
Event: 29.576 Executing VM operation: HandshakeAllThreads (Deoptimize)
Event: 29.699 Executing VM operation: HandshakeAllThreads (Deoptimize) done
Event: 29.713 Executing VM operation: G1CollectForAllocation (G1 Evacuation Pause)
Event: 29.736 Executing VM operation: G1CollectForAllocation (G1 Evacuation Pause) done
Event: 30.031 Executing VM operation: G1PauseRemark

Memory protections (0 events):
No events

Nmethod flushes (20 events):
Event: 30.038 Thread 0x0000026a2d92db80 flushing  nmethod 0x0000026a32ed8910
Event: 30.038 Thread 0x0000026a2d92db80 flushing  nmethod 0x0000026a32fd7f10
Event: 30.038 Thread 0x0000026a2d92db80 flushing  nmethod 0x0000026a32fd8390
Event: 30.038 Thread 0x0000026a2d92db80 flushing  nmethod 0x0000026a3301a410
Event: 30.038 Thread 0x0000026a2d92db80 flushing  nmethod 0x0000026a33230910
Event: 30.038 Thread 0x0000026a2d92db80 flushing  nmethod 0x0000026a33230c90
Event: 30.038 Thread 0x0000026a2d92db80 flushing  nmethod 0x0000026a332d9610
Event: 30.038 Thread 0x0000026a2d92db80 flushing  nmethod 0x0000026a3334bb10
Event: 30.038 Thread 0x0000026a2d92db80 flushing  nmethod 0x0000026a33449e10
Event: 30.038 Thread 0x0000026a2d92db80 flushing  nmethod 0x0000026a33507810
Event: 30.038 Thread 0x0000026a2d92db80 flushing  nmethod 0x0000026a3365fd10
Event: 30.038 Thread 0x0000026a2d92db80 flushing  nmethod 0x0000026a33975f10
Event: 30.038 Thread 0x0000026a2d92db80 flushing  nmethod 0x0000026a33976490
Event: 30.038 Thread 0x0000026a2d92db80 flushing  nmethod 0x0000026a33978510
Event: 30.038 Thread 0x0000026a2d92db80 flushing  nmethod 0x0000026a339f0910
Event: 30.038 Thread 0x0000026a2d92db80 flushing  nmethod 0x0000026a33b0ca10
Event: 30.038 Thread 0x0000026a2d92db80 flushing  nmethod 0x0000026a33bd0a90
Event: 30.038 Thread 0x0000026a2d92db80 flushing  nmethod 0x0000026a33dbc210
Event: 30.038 Thread 0x0000026a2d92db80 flushing  nmethod 0x0000026a33dbcd10
Event: 30.038 Thread 0x0000026a2d92db80 flushing  nmethod 0x0000026a33f4fd10

Events (20 events):
Event: 23.372 Thread 0x0000026a504a4650 Thread added: 0x0000026a4df30760
Event: 23.373 Thread 0x0000026a504a4650 Thread added: 0x0000026a4df2ed20
Event: 23.373 Thread 0x0000026a504a4650 Thread added: 0x0000026a4df2b210
Event: 23.374 Thread 0x0000026a504a4650 Thread added: 0x0000026a4df2bf30
Event: 23.621 Thread 0x0000026a4df2b8a0 Thread added: 0x0000026a4df30df0
Event: 23.636 Thread 0x0000026a4df2b8a0 Thread added: 0x0000026a4df2c5c0
Event: 23.639 Loaded shared library E:\data download dian\android studio dian\jbr\bin\rmi.dll
Event: 23.640 Thread 0x0000026a4df2b8a0 Thread added: 0x0000026a4df2f3b0
Event: 23.725 Thread 0x0000026a4df2b8a0 Thread added: 0x0000026a4df2a4f0
Event: 23.726 Thread 0x0000026a4df2b8a0 Thread added: 0x0000026a4df2fa40
Event: 23.758 Thread 0x0000026a4df2a4f0 Thread added: 0x0000026a4df31b10
Event: 25.386 Thread 0x0000026a4cf0a830 Thread exited: 0x0000026a4cf0a830
Event: 25.669 Thread 0x0000026a474f74c0 Thread added: 0x0000026a4cf0a830
Event: 25.867 Thread 0x0000026a4cf0a830 Thread exited: 0x0000026a4cf0a830
Event: 26.200 Thread 0x0000026a474f74c0 Thread added: 0x0000026a4cf0a830
Event: 27.149 Thread 0x0000026a4cf0a830 Thread exited: 0x0000026a4cf0a830
Event: 27.174 Thread 0x0000026a474f74c0 Thread added: 0x0000026a4cf0a830
Event: 27.354 Thread 0x0000026a4cf0a830 Thread exited: 0x0000026a4cf0a830
Event: 29.227 Thread 0x0000026a474f74c0 Thread added: 0x0000026a59404050
Event: 29.307 Thread 0x0000026a59404050 Thread added: 0x0000026a524f67b0


Dynamic libraries:
0x00007ff763650000 - 0x00007ff76365a000 	E:\data download dian\android studio dian\jbr\bin\java.exe
0x00007ff978dc0000 - 0x00007ff978fc9000 	C:\Windows\SYSTEM32\ntdll.dll
0x00007ff977f20000 - 0x00007ff977fde000 	C:\Windows\System32\KERNEL32.DLL
0x00007ff976800000 - 0x00007ff976b84000 	C:\Windows\System32\KERNELBASE.dll
0x00007ff976390000 - 0x00007ff9764a1000 	C:\Windows\System32\ucrtbase.dll
0x00007ff971500000 - 0x00007ff971518000 	E:\data download dian\android studio dian\jbr\bin\jli.dll
0x00007ff96c1a0000 - 0x00007ff96c1bb000 	E:\data download dian\android studio dian\jbr\bin\VCRUNTIME140.dll
0x00007ff978310000 - 0x00007ff9784bd000 	C:\Windows\System32\USER32.dll
0x00007ff959010000 - 0x00007ff9592b5000 	C:\Windows\WinSxS\amd64_microsoft.windows.common-controls_6595b64144ccf1df_6.0.22000.120_none_9d947278b86cc467\COMCTL32.dll
0x00007ff976b90000 - 0x00007ff976bb6000 	C:\Windows\System32\win32u.dll
0x00007ff978ac0000 - 0x00007ff978b63000 	C:\Windows\System32\msvcrt.dll
0x00007ff977430000 - 0x00007ff97745a000 	C:\Windows\System32\GDI32.dll
0x00007ff976270000 - 0x00007ff97638f000 	C:\Windows\System32\gdi32full.dll
0x00007ff9764b0000 - 0x00007ff97654d000 	C:\Windows\System32\msvcp_win.dll
0x00007ff977360000 - 0x00007ff977391000 	C:\Windows\System32\IMM32.DLL
0x00007ff972a30000 - 0x00007ff972a3c000 	E:\data download dian\android studio dian\jbr\bin\vcruntime140_1.dll
0x00007ff92aa60000 - 0x00007ff92aaed000 	E:\data download dian\android studio dian\jbr\bin\msvcp140.dll
0x00007ff920c60000 - 0x00007ff9218f6000 	E:\data download dian\android studio dian\jbr\bin\server\jvm.dll
0x00007ff977d80000 - 0x00007ff977e2f000 	C:\Windows\System32\ADVAPI32.dll
0x00007ff978660000 - 0x00007ff9786fe000 	C:\Windows\System32\sechost.dll
0x00007ff9784c0000 - 0x00007ff9785e1000 	C:\Windows\System32\RPCRT4.dll
0x00007ff9773c0000 - 0x00007ff97742f000 	C:\Windows\System32\WS2_32.dll
0x00007ff974be0000 - 0x00007ff974c2d000 	C:\Windows\SYSTEM32\POWRPROF.dll
0x00007ff970b80000 - 0x00007ff970bb3000 	C:\Windows\SYSTEM32\WINMM.dll
0x00007ff96f3a0000 - 0x00007ff96f3aa000 	C:\Windows\SYSTEM32\VERSION.dll
0x00007ff974cd0000 - 0x00007ff974ce3000 	C:\Windows\SYSTEM32\UMPDC.dll
0x00007ff9753e0000 - 0x00007ff9753f8000 	C:\Windows\SYSTEM32\kernel.appcore.dll
0x00007ff971c20000 - 0x00007ff971c2a000 	E:\data download dian\android studio dian\jbr\bin\jimage.dll
0x00007ff973e50000 - 0x00007ff974071000 	C:\Windows\SYSTEM32\DBGHELP.DLL
0x00007ff957260000 - 0x00007ff957291000 	C:\Windows\SYSTEM32\dbgcore.DLL
0x00007ff976780000 - 0x00007ff9767ff000 	C:\Windows\System32\bcryptPrimitives.dll
0x00007ff971bf0000 - 0x00007ff971bfe000 	E:\data download dian\android studio dian\jbr\bin\instrument.dll
0x00007ff95dae0000 - 0x00007ff95db00000 	E:\data download dian\android studio dian\jbr\bin\java.dll
0x00007ff95a960000 - 0x00007ff95a978000 	E:\data download dian\android studio dian\jbr\bin\zip.dll
0x00007ff977550000 - 0x00007ff977d15000 	C:\Windows\System32\SHELL32.dll
0x00007ff974360000 - 0x00007ff974bc4000 	C:\Windows\SYSTEM32\windows.storage.dll
0x00007ff978720000 - 0x00007ff978a96000 	C:\Windows\System32\combase.dll
0x00007ff9741f0000 - 0x00007ff974357000 	C:\Windows\SYSTEM32\wintypes.dll
0x00007ff978c90000 - 0x00007ff978d7a000 	C:\Windows\System32\SHCORE.dll
0x00007ff977d20000 - 0x00007ff977d7d000 	C:\Windows\System32\shlwapi.dll
0x00007ff9761a0000 - 0x00007ff9761c1000 	C:\Windows\SYSTEM32\profapi.dll
0x00007ff971bd0000 - 0x00007ff971be0000 	E:\data download dian\android studio dian\jbr\bin\net.dll
0x00007ff970d50000 - 0x00007ff970e63000 	C:\Windows\SYSTEM32\WINHTTP.dll
0x00007ff975880000 - 0x00007ff9758e7000 	C:\Windows\system32\mswsock.dll
0x00007ff95a940000 - 0x00007ff95a956000 	E:\data download dian\android studio dian\jbr\bin\nio.dll
0x00007ff95dad0000 - 0x00007ff95dae0000 	E:\data download dian\android studio dian\jbr\bin\verify.dll
0x00007ff95d490000 - 0x00007ff95d4b7000 	C:\Users\user\.gradle\native\660c5614fbf4a5f2a75b1949f50a0caf5cd603558e7d8a26e50b933a0cfb79d1\windows-amd64\native-platform.dll
0x00007ff92b4c0000 - 0x00007ff92b537000 	C:\Users\user\.gradle\native\0.2.8\x86_64-windows-gnu\gradle-fileevents.dll
0x00007ff96c190000 - 0x00007ff96c199000 	E:\data download dian\android studio dian\jbr\bin\management.dll
0x00007ff968f40000 - 0x00007ff968f4b000 	E:\data download dian\android studio dian\jbr\bin\management_ext.dll
0x00007ff978710000 - 0x00007ff978718000 	C:\Windows\System32\PSAPI.DLL
0x00007ff974f40000 - 0x00007ff974f6d000 	C:\Windows\SYSTEM32\IPHLPAPI.DLL
0x00007ff977540000 - 0x00007ff977549000 	C:\Windows\System32\NSI.dll
0x00007ff9707b0000 - 0x00007ff9707b9000 	E:\data download dian\android studio dian\jbr\bin\extnet.dll
0x00007ff975ad0000 - 0x00007ff975ae8000 	C:\Windows\SYSTEM32\CRYPTSP.dll
0x00007ff975340000 - 0x00007ff975375000 	C:\Windows\system32\rsaenh.dll
0x00007ff975980000 - 0x00007ff9759a9000 	C:\Windows\SYSTEM32\USERENV.dll
0x00007ff975c50000 - 0x00007ff975c77000 	C:\Windows\SYSTEM32\bcrypt.dll
0x00007ff975af0000 - 0x00007ff975afc000 	C:\Windows\SYSTEM32\CRYPTBASE.dll
0x00007ff9714c0000 - 0x00007ff9714c8000 	C:\Windows\system32\wshunix.dll
0x00007ff9708f0000 - 0x00007ff9708f7000 	E:\data download dian\android studio dian\jbr\bin\rmi.dll

JVMTI agents:
C:\Users\user\.gradle\wrapper\dists\gradle-9.2.1-bin\2t0n5ozlw9xmuyvbp7dnzaxug\gradle-9.2.1\lib\agents\gradle-instrumentation-agent-9.2.1.jar path:E:\data download dian\android studio dian\jbr\bin\instrument.dll, loaded, initialized, instrumentlib options:none

dbghelp: loaded successfully - version: 4.0.5 - missing functions: none
symbol engine: initialized successfully - sym options: 0x614 - pdb path: .;E:\data download dian\android studio dian\jbr\bin;C:\Windows\SYSTEM32;C:\Windows\WinSxS\amd64_microsoft.windows.common-controls_6595b64144ccf1df_6.0.22000.120_none_9d947278b86cc467;E:\data download dian\android studio dian\jbr\bin\server;C:\Users\user\.gradle\native\660c5614fbf4a5f2a75b1949f50a0caf5cd603558e7d8a26e50b933a0cfb79d1\windows-amd64;C:\Users\user\.gradle\native\0.2.8\x86_64-windows-gnu

VM Arguments:
jvm_args: --add-opens=java.base/java.lang=ALL-UNNAMED --add-opens=java.base/java.lang.invoke=ALL-UNNAMED --add-opens=java.base/java.util=ALL-UNNAMED --add-opens=java.prefs/java.util.prefs=ALL-UNNAMED --add-exports=jdk.compiler/com.sun.tools.javac.api=ALL-UNNAMED --add-exports=jdk.compiler/com.sun.tools.javac.util=ALL-UNNAMED --add-opens=java.base/java.util=ALL-UNNAMED --add-opens=java.prefs/java.util.prefs=ALL-UNNAMED --add-opens=java.base/java.nio.charset=ALL-UNNAMED --add-opens=java.base/java.net=ALL-UNNAMED --add-opens=java.base/java.util.concurrent=ALL-UNNAMED --add-opens=java.base/java.util.concurrent.atomic=ALL-UNNAMED --add-opens=java.xml/javax.xml.namespace=ALL-UNNAMED --add-opens=java.base/java.time=ALL-UNNAMED -Xmx2048m -Dfile.encoding=UTF-8 -Duser.country=ID -Duser.language=en -Duser.variant -javaagent:C:\Users\user\.gradle\wrapper\dists\gradle-9.2.1-bin\2t0n5ozlw9xmuyvbp7dnzaxug\gradle-9.2.1\lib\agents\gradle-instrumentation-agent-9.2.1.jar 
java_command: org.gradle.launcher.daemon.bootstrap.GradleDaemon 9.2.1
java_class_path (initial): C:\Users\user\.gradle\wrapper\dists\gradle-9.2.1-bin\2t0n5ozlw9xmuyvbp7dnzaxug\gradle-9.2.1\lib\gradle-daemon-main-9.2.1.jar
Launcher Type: SUN_STANDARD

[Global flags]
     intx CICompilerCount                          = 4                                         {product} {ergonomic}
     uint ConcGCThreads                            = 2                                         {product} {ergonomic}
     uint G1ConcRefinementThreads                  = 8                                         {product} {ergonomic}
   size_t G1HeapRegionSize                         = 1048576                                   {product} {ergonomic}
    uintx GCDrainStackTargetSize                   = 64                                        {product} {ergonomic}
   size_t InitialHeapSize                          = 266338304                                 {product} {ergonomic}
   size_t MarkStackSize                            = 4194304                                   {product} {ergonomic}
   size_t MaxHeapSize                              = 2147483648                                {product} {command line}
   size_t MaxNewSize                               = 1287651328                                {product} {ergonomic}
   size_t MinHeapDeltaBytes                        = 1048576                                   {product} {ergonomic}
   size_t MinHeapSize                              = 8388608                                   {product} {ergonomic}
    uintx NonNMethodCodeHeapSize                   = 5839372                                {pd product} {ergonomic}
    uintx NonProfiledCodeHeapSize                  = 122909434                              {pd product} {ergonomic}
    uintx ProfiledCodeHeapSize                     = 122909434                              {pd product} {ergonomic}
    uintx ReservedCodeCacheSize                    = 251658240                              {pd product} {ergonomic}
     bool SegmentedCodeCache                       = true                                      {product} {ergonomic}
   size_t SoftMaxHeapSize                          = 2147483648                             {manageable} {ergonomic}
     bool UseCompressedOops                        = true                           {product lp64_product} {ergonomic}
     bool UseG1GC                                  = true                                      {product} {ergonomic}
     bool UseLargePagesIndividualAllocation        = false                                  {pd product} {ergonomic}

Logging:
Log output configuration:
 #0: stdout all=warning uptime,level,tags foldmultilines=false
 #1: stderr all=off uptime,level,tags foldmultilines=false

Release file:
JAVA_VERSION="21.0.9" 
MODULES="java.base java.compiler java.datatransfer java.xml java.prefs java.desktop java.instrument java.logging java.management java.security.sasl java.naming java.rmi java.management.rmi java.net.http java.scripting java.security.jgss java.transaction.xa java.sql java.sql.rowset java.xml.crypto java.se java.smartcardio jdk.accessibility jdk.internal.jvmstat jdk.attach jdk.charsets jdk.internal.opt jdk.zipfs jdk.compiler jdk.crypto.ec jdk.crypto.cryptoki jdk.dynalink jdk.hotspot.agent jdk.httpserver jdk.internal.ed jdk.internal.le jdk.internal.vm.ci jdk.jartool jdk.javadoc jdk.jcmd jdk.jdeps jdk.jdwp.agent jdk.jdi jdk.jfr jdk.jlink jdk.jsobject jdk.localedata jdk.management jdk.management.agent jdk.management.jfr jdk.naming.dns jdk.naming.rmi jdk.net jdk.sctp jdk.security.auth jdk.security.jgss jdk.unsupported jdk.unsupported.desktop jdk.xml.dom" 
IMPLEMENTOR="JetBrains s.r.o." 
JAVA_RUNTIME_VERSION="21.0.9+-14649483-b1163.86" 
LIBC="default" 
OS_ARCH="x86_64" 
OS_NAME="Windows" 
SOURCE=".:git:554d0c326095" 

Environment Variables:
PATH=C:\Program Files (x86)\VMware\VMware Player\bin\;C:\Program Files (x86)\Common Files\Oracle\Java\java8path;C:\Program Files (x86)\Common Files\Oracle\Java\javapath;C:\Windows\system32;C:\Windows;C:\Windows\System32\Wbem;C:\Windows\System32\WindowsPowerShell\v1.0\;C:\Windows\System32\OpenSSH\;C:\MinGW\bin;C:\Program Files\Git\cmd;C:\Program Files (x86)\Microsoft SQL Server\160\Tools\Binn\;C:\Program Files\Microsoft SQL Server\160\Tools\Binn\;C:\Program Files\Microsoft SQL Server\Client SDK\ODBC\170\Tools\Binn\;C:\Program Files\Microsoft SQL Server\160\DTS\Binn\;C:\Program Files (x86)\Microsoft SQL Server\160\DTS\Binn\;C:\laragon\bin\php\php-8.3.26-nts-Win32-vs16-x64;C:\laragon\bin;C:\laragon\bin\apache\httpd-2.4.54-win64-VS16\bin;C:\laragon\bin\composer;C:\laragon\bin\git\bin;C:\laragon\bin\git\cmd;C:\laragon\bin\git\mingw64\bin;C:\laragon\bin\git\usr\bin;C:\laragon\bin\laragon\utils;C:\laragon\bin\mysql\mysql-8.0.30-winx64\bin;C:\laragon\bin\nginx\nginx-1.22.0;C:\laragon\bin\ngrok;C:\laragon\bin\nodejs\node-v18;C:\laragon\bin\notepad++;C:\laragon\bin\php\php-8.3.26-nts-Win32-vs16-x64;C:\laragon\bin\python\python-3.10;C:\laragon\bin\python\python-3.10\Scripts;C:\laragon\bin\redis\redis-x64-5.0.14.1;C:\laragon\bin\telnet;C:\laragon\usr\bin;C:\Users\user\AppData\Local\Yarn\config\global\node_modules\.bin;C:\Users\user\AppData\Roaming\Composer\vendor\bin;C:\Users\user\AppData\Roaming\npm;C:\Users\user\AppData\Local\Programs\Python\Python313\Scripts\;C:\Users\user\AppData\Local\Programs\Python\Python313\;C:\Users\user\AppData\Local\Programs\Python\Launcher\;C:\Users\user\AppData\Local\Microsoft\WindowsApps;C:\Users\user\AppData\Local\Programs\Microsoft VS Code\bin;
USERNAME=user
OS=Windows_NT
PROCESSOR_IDENTIFIER=Intel64 Family 6 Model 142 Stepping 12, GenuineIntel
TMP=C:\Users\user\AppData\Local\Temp
TEMP=C:\Users\user\AppData\Local\Temp




Periodic native trim disabled

JNI global refs:
JNI global refs: 30, weak refs: 11

JNI global refs memory usage: 835, weak refs: 833

Process memory usage:
Resident Set Size: 609712K (3% of 16587672K total physical memory with 630168K free physical memory)

OOME stack traces (most recent first):
Classloader memory used:
Loader org.gradle.internal.classloader.VisitableURLClassLoader                         : 46029K
Loader org.gradle.internal.classloader.VisitableURLClassLoader$InstrumentingVisitableURLClassLoader: 33705K
Loader bootstrap                                                                       : 29616K
Loader org.gradle.initialization.MixInLegacyTypesClassLoader                           : 13254K
Loader jdk.internal.reflect.DelegatingClassLoader                                      : 488K
Loader jdk.internal.loader.ClassLoaders$AppClassLoader                                 : 232K
Loader org.gradle.internal.classloader.VisitableURLClassLoader                         : 208K
Loader jdk.internal.loader.ClassLoaders$PlatformClassLoader                            : 148K
Loader org.gradle.groovy.scripts.internal.DefaultScriptCompilationHandler$ScriptClassLoader: 127K

Classes loaded by more than one classloader:
Class Program                                                                         : loaded 5 times (x 72B)
Class Build_gradle                                                                    : loaded 3 times (x 126B)
Class com.google.common.collect.RegularImmutableMap$KeySet                            : loaded 2 times (x 152B)
Class org.gradle.internal.classloader.FilteringClassLoader                            : loaded 2 times (x 105B)
Class com.google.common.base.CharMatcher$IsEither                                     : loaded 2 times (x 111B)
Class org.gradle.internal.classloader.ClassLoaderHierarchy                            : loaded 2 times (x 70B)
Class com.google.common.collect.ImmutableEnumSet                                      : loaded 2 times (x 146B)
Class com.google.common.util.concurrent.ExecutionError                                : loaded 2 times (x 82B)
Class com.google.common.collect.ImmutableList$1                                       : loaded 2 times (x 97B)
Class org.gradle.api.internal.classpath.ManifestUtil                                  : loaded 2 times (x 71B)
Class com.google.common.io.ByteArrayDataOutput                                        : loaded 2 times (x 70B)
Class com.google.common.collect.RegularImmutableMap                                   : loaded 2 times (x 121B)
Class com.google.common.collect.ImmutableMap$MapViewOfValuesAsSingletonSets           : loaded 2 times (x 126B)
Class [Lorg.objectweb.asm.Symbol;                                                     : loaded 2 times (x 69B)
Class org.objectweb.asm.ClassVisitor                                                  : loaded 2 times (x 88B)
Class com.google.common.collect.UnmodifiableListIterator                              : loaded 2 times (x 95B)
Class com.google.common.base.Platform$JdkPatternCompiler                              : loaded 2 times (x 75B)
Class org.objectweb.asm.MethodTooLargeException                                       : loaded 2 times (x 83B)
Class [Lcom.google.common.cache.CacheBuilder$OneWeigher;                              : loaded 2 times (x 69B)
Class com.google.common.base.Suppliers                                                : loaded 2 times (x 71B)
Class org.gradle.internal.classloader.DefaultClassLoaderFactory                       : loaded 2 times (x 82B)
Class org.gradle.internal.classloader.ClassLoaderVisitor                              : loaded 2 times (x 76B)
Class [Lcom.google.common.collect.ImmutableMapEntry;                                  : loaded 2 times (x 69B)
Class org.gradle.api.internal.classpath.EffectiveClassPath                            : loaded 2 times (x 90B)
Class com.google.common.collect.ListMultimap                                          : loaded 2 times (x 70B)
Class com.google.common.collect.ImmutableEnumMap                                      : loaded 2 times (x 126B)
Class com.google.common.collect.ImmutableSet$SerializedForm                           : loaded 2 times (x 73B)
Class com.google.common.collect.Sets$1                                                : loaded 2 times (x 139B)
Class org.objectweb.asm.AnnotationVisitor                                             : loaded 2 times (x 78B)
Class org.gradle.api.internal.DefaultClassPathProvider                                : loaded 2 times (x 76B)
Class com.google.common.collect.Sets$2                                                : loaded 2 times (x 139B)
Class [Lorg.gradle.api.internal.ClassPathProvider;                                    : loaded 2 times (x 69B)
Class org.gradle.api.internal.ClassPathProvider                                       : loaded 2 times (x 70B)
Class [Lorg.objectweb.asm.AnnotationVisitor;                                          : loaded 2 times (x 69B)
Class com.google.common.collect.Sets$3                                                : loaded 2 times (x 139B)
Class com.google.common.cache.LocalCache$LocalLoadingCache                            : loaded 2 times (x 134B)
Class org.gradle.internal.service.UnknownServiceException                             : loaded 2 times (x 83B)
Class com.google.common.io.ByteArrayDataInput                                         : loaded 2 times (x 70B)
Class com.google.common.collect.Sets$4                                                : loaded 2 times (x 139B)
Class org.objectweb.asm.ModuleVisitor                                                 : loaded 2 times (x 81B)
Class com.google.common.cache.LocalCache$Strength$1                                   : loaded 2 times (x 81B)
Class com.google.common.util.concurrent.SettableFuture                                : loaded 2 times (x 114B)
Class com.google.common.cache.LocalCache$Strength$2                                   : loaded 2 times (x 81B)
Class com.google.common.io.ByteStreams                                                : loaded 2 times (x 71B)
Class com.google.common.cache.LocalCache$Strength$3                                   : loaded 2 times (x 81B)
Class com.google.common.collect.MapDifference                                         : loaded 2 times (x 70B)
Class org.objectweb.asm.FieldWriter                                                   : loaded 2 times (x 78B)
Class com.google.common.cache.CacheBuilder$NullListener                               : loaded 2 times (x 82B)
Class org.gradle.internal.classpath.TransformedClassPath                              : loaded 2 times (x 96B)
Class org.gradle.internal.classloader.InstrumentingClassLoader                        : loaded 2 times (x 70B)
Class com.google.common.cache.CacheLoader$FunctionToCacheLoader                       : loaded 2 times (x 75B)
Class com.google.common.collect.Iterators$ArrayItr                                    : loaded 2 times (x 97B)
Class com.google.common.collect.ImmutableCollection$Builder                           : loaded 2 times (x 76B)
Class com.google.common.base.Joiner                                                   : loaded 2 times (x 79B)
Class com.google.common.base.Equivalence$Identity                                     : loaded 2 times (x 82B)
Class com.google.common.collect.Platform                                              : loaded 2 times (x 71B)
Class [Lorg.objectweb.asm.Type;                                                       : loaded 2 times (x 69B)
Class com.google.common.collect.UnmodifiableIterator                                  : loaded 2 times (x 80B)
Class org.gradle.internal.service.ServiceLocator                                      : loaded 2 times (x 70B)
Class com.google.common.base.Ascii                                                    : loaded 2 times (x 71B)
Class com.google.common.collect.SingletonImmutableBiMap                               : loaded 2 times (x 143B)
Class com.google.common.cache.LocalCache$1                                            : loaded 2 times (x 89B)
Class com.google.common.collect.Iterators$SingletonIterator                           : loaded 2 times (x 81B)
Class com.google.common.collect.AbstractMapEntry                                      : loaded 2 times (x 81B)
Class com.google.common.collect.Sets$ImprovedAbstractSet                              : loaded 2 times (x 135B)
Class com.google.common.collect.ImmutableList$Builder                                 : loaded 2 times (x 77B)
Class com.google.common.collect.AbstractMultimap                                      : loaded 2 times (x 123B)
Class com.google.common.cache.LocalCache$2                                            : loaded 2 times (x 142B)
Class com.google.common.collect.RegularImmutableAsList                                : loaded 2 times (x 217B)
Class com.google.common.util.concurrent.AbstractFuture$Trusted                        : loaded 2 times (x 70B)
Class com.google.common.collect.Iterators                                             : loaded 2 times (x 71B)
Class com.google.common.collect.Lists$StringAsImmutableList                           : loaded 2 times (x 207B)
Class com.google.common.util.concurrent.UncheckedExecutionException                   : loaded 2 times (x 82B)
Class org.gradle.kotlin.dsl.VersionCatalogAccessorsKt                                 : loaded 2 times (x 71B)
Class ijKotlinCoroutineJvmDebugInit1_9sv6alppme9gmt0k1rtk5kuhh$_run_closure1$_closure2: loaded 2 times (x 139B)
Class com.google.common.collect.AbstractMapBasedMultimap$KeySet$1                     : loaded 2 times (x 82B)
Class org.objectweb.asm.ClassWriter                                                   : loaded 2 times (x 106B)
Class com.google.common.cache.CacheLoader$UnsupportedLoadingOperationException        : loaded 2 times (x 82B)
Class com.google.common.base.CharMatcher$And                                          : loaded 2 times (x 112B)
Class org.gradle.internal.classloader.ClasspathUtil$1                                 : loaded 2 times (x 76B)
Class org.objectweb.asm.FieldVisitor                                                  : loaded 2 times (x 77B)
Class com.google.common.collect.IndexedImmutableSet                                   : loaded 2 times (x 152B)
Class com.google.common.collect.ImmutableMap$1                                        : loaded 2 times (x 81B)
Class com.google.common.collect.BiMap                                                 : loaded 2 times (x 70B)
Class org.gradle.api.internal.classpath.DefaultModuleRegistry$DefaultModule           : loaded 2 times (x 86B)
Class com.google.common.primitives.Ints                                               : loaded 2 times (x 71B)
Class com.google.common.collect.AbstractIterator                                      : loaded 2 times (x 82B)
Class com.google.common.collect.ObjectArrays                                          : loaded 2 times (x 71B)
Class com.google.common.math.MathPreconditions                                        : loaded 2 times (x 71B)
Class com.google.common.collect.Multiset                                              : loaded 2 times (x 70B)
Class com.google.common.collect.ArrayListMultimapGwtSerializationDependencies         : loaded 2 times (x 172B)
Class com.google.common.collect.AbstractIndexedListIterator                           : loaded 2 times (x 96B)
Class com.google.common.collect.ImmutableMapEntrySet                                  : loaded 2 times (x 152B)
Class org.gradle.api.internal.classpath.Module                                        : loaded 2 times (x 70B)
Class com.google.common.cache.Weigher                                                 : loaded 2 times (x 70B)
Class org.gradle.api.internal.classpath.UnknownModuleException                        : loaded 2 times (x 82B)
Class com.google.common.base.Stopwatch                                                : loaded 2 times (x 72B)
Class com.google.common.cache.LocalCache$Strength                                     : loaded 2 times (x 81B)
Class com.google.common.cache.Cache                                                   : loaded 2 times (x 70B)
Class com.google.common.util.concurrent.AbstractFuture$Cancellation                   : loaded 2 times (x 72B)
Class com.google.common.collect.ImmutableMap$Builder                                  : loaded 2 times (x 82B)
Class com.google.common.cache.RemovalListener                                         : loaded 2 times (x 70B)
Class org.gradle.api.internal.DefaultClassPathRegistry                                : loaded 2 times (x 76B)
Class com.google.common.primitives.IntsMethodsForWeb                                  : loaded 2 times (x 71B)
Class com.google.common.collect.Multimap                                              : loaded 2 times (x 70B)
Class org.gradle.api.internal.ClassPathRegistry                                       : loaded 2 times (x 70B)
Class org.gradle.internal.classpath.DefaultClassPath$ImmutableUniqueList              : loaded 2 times (x 199B)
Class com.google.common.base.MoreObjects                                              : loaded 2 times (x 71B)
Class com.google.common.cache.CacheBuilder                                            : loaded 2 times (x 72B)
Class com.google.common.collect.SingletonImmutableList                                : loaded 2 times (x 207B)
Class Settings_gradle$1                                                               : loaded 2 times (x 74B)
Class org.gradle.internal.classpath.ClassPath                                         : loaded 2 times (x 70B)
Class com.google.common.base.JdkPattern                                               : loaded 2 times (x 75B)
Class com.google.common.collect.ImmutableList$ReverseImmutableList                    : loaded 2 times (x 209B)
Class ijKotlinCoroutineJvmDebugInit1_9sv6alppme9gmt0k1rtk5kuhh$_run_closure1          : loaded 2 times (x 139B)
Class org.objectweb.asm.SymbolTable$Entry                                             : loaded 2 times (x 74B)
Class org.objectweb.asm.Edge                                                          : loaded 2 times (x 72B)
Class com.google.common.base.Suppliers$SupplierOfInstance                             : loaded 2 times (x 79B)
Class com.google.common.collect.Iterators$1                                           : loaded 2 times (x 81B)
Class com.google.common.cache.LocalCache$ComputingValueReference                      : loaded 2 times (x 96B)
Class com.google.common.collect.SingletonImmutableSet                                 : loaded 2 times (x 146B)
Class com.google.common.collect.ImmutableMap$IteratorBasedImmutableMap                : loaded 2 times (x 126B)
Class com.google.common.cache.LocalCache$Segment                                      : loaded 2 times (x 154B)
Class com.google.common.collect.AbstractListMultimap                                  : loaded 2 times (x 172B)
Class [Lorg.objectweb.asm.SymbolTable$Entry;                                          : loaded 2 times (x 69B)
Class com.google.common.cache.CacheLoader                                             : loaded 2 times (x 74B)
Class com.google.common.collect.Iterators$4                                           : loaded 2 times (x 82B)
Class com.google.common.collect.ImmutableBiMap                                        : loaded 2 times (x 143B)
Class org.gradle.api.internal.classpath.ModuleRegistry                                : loaded 2 times (x 70B)
Class org.gradle.internal.installation.GradleInstallation$1                           : loaded 2 times (x 75B)
Class com.google.common.collect.ImmutableSet$JdkBackedSetBuilderImpl                  : loaded 2 times (x 76B)
Class com.google.common.util.concurrent.internal.InternalFutureFailureAccess          : loaded 2 times (x 72B)
Class com.google.common.collect.Iterators$5                                           : loaded 2 times (x 82B)
Class com.google.common.cache.LocalCache$LocalManualCache$1                           : loaded 2 times (x 75B)
Class com.google.common.base.CharMatcher$ForPredicate                                 : loaded 2 times (x 112B)
Class com.google.common.base.CharMatcher$AnyOf                                        : loaded 2 times (x 112B)
Class com.google.common.collect.ImmutableCollection                                   : loaded 2 times (x 125B)
Class org.gradle.api.internal.classpath.DefaultModuleRegistry                         : loaded 2 times (x 86B)
Class com.google.common.collect.Lists                                                 : loaded 2 times (x 71B)
Class com.google.common.util.concurrent.ListenableFuture                              : loaded 2 times (x 70B)
Class com.google.common.cache.ReferenceEntry                                          : loaded 2 times (x 70B)
Class com.google.common.base.Converter                                                : loaded 2 times (x 90B)
Class com.google.common.collect.ImmutableSet$CachingAsList                            : loaded 2 times (x 148B)
Class com.google.common.collect.AbstractMapBasedMultimap                              : loaded 2 times (x 139B)
Class com.google.common.util.concurrent.AbstractFuture                                : loaded 2 times (x 106B)
Class com.google.common.base.FunctionalEquivalence                                    : loaded 2 times (x 83B)
Class com.google.common.collect.Iterators$9                                           : loaded 2 times (x 81B)
Class com.google.common.collect.ImmutableAsList                                       : loaded 2 times (x 209B)
Class org.objectweb.asm.RecordComponentVisitor                                        : loaded 2 times (x 77B)
Class com.google.common.cache.CacheLoader$SupplierToCacheLoader                       : loaded 2 times (x 75B)
Class org.gradle.internal.service.ServiceLookupException                              : loaded 2 times (x 82B)
Class [Lcom.google.common.cache.LocalCache$EntryFactory;                              : loaded 2 times (x 69B)
Class org.gradle.internal.classloader.ClassLoaderFactory                              : loaded 2 times (x 70B)
Class com.google.common.base.CommonPattern                                            : loaded 2 times (x 74B)
Class com.google.common.cache.LocalCache$LocalManualCache                             : loaded 2 times (x 99B)
Class com.google.common.base.CharMatcher$IsNot                                        : loaded 2 times (x 111B)
Class org.gradle.internal.service.CachingServiceLocator                               : loaded 2 times (x 82B)
Class com.google.common.collect.AbstractMapBasedMultimap$KeySet                       : loaded 2 times (x 137B)
Class com.google.common.math.IntMath                                                  : loaded 2 times (x 71B)
Class com.google.common.collect.ImmutableMapEntry                                     : loaded 2 times (x 85B)
Class ijJvmDebugger1_dgb1k7ejekh1sld7z8yo85rke$_run_closure1$_closure2                : loaded 2 times (x 140B)
Class com.google.common.base.Equivalence                                              : loaded 2 times (x 82B)
Class com.google.common.base.Function                                                 : loaded 2 times (x 70B)
Class com.google.common.collect.ImmutableMapEntry$NonTerminalImmutableMapEntry        : loaded 2 times (x 85B)
Class com.google.common.cache.CacheBuilder$OneWeigher                                 : loaded 2 times (x 82B)
Class com.google.common.collect.RegularImmutableList                                  : loaded 2 times (x 213B)
Class org.gradle.internal.classloader.ClasspathUtil                                   : loaded 2 times (x 71B)
Class com.google.common.util.concurrent.Uninterruptibles                              : loaded 2 times (x 71B)
Class com.google.common.util.concurrent.LazyLogger                                    : loaded 2 times (x 72B)
Class com.google.common.collect.Maps                                                  : loaded 2 times (x 71B)
Class ijJvmDebugger1_dgb1k7ejekh1sld7z8yo85rke                                        : loaded 2 times (x 171B)
Class org.gradle.api.specs.Spec                                                       : loaded 2 times (x 70B)
Class [Lcom.google.common.collect.ImmutableEntry;                                     : loaded 2 times (x 69B)
Class com.google.common.cache.LocalCache$LoadingValueReference                        : loaded 2 times (x 96B)
Class com.google.common.base.Platform                                                 : loaded 2 times (x 71B)
Class [Lorg.objectweb.asm.AnnotationWriter;                                           : loaded 2 times (x 69B)
Class com.google.common.collect.Maps$8                                                : loaded 2 times (x 82B)
Class com.google.common.collect.Sets$SetView                                          : loaded 2 times (x 138B)
Class com.google.common.cache.LocalCache$StrongValueReference                         : loaded 2 times (x 90B)
Class org.objectweb.asm.Type                                                          : loaded 2 times (x 72B)
Class ijKotlinCoroutineJvmDebugInit1_9sv6alppme9gmt0k1rtk5kuhh                        : loaded 2 times (x 171B)
Class org.gradle.internal.classloader.VisitableURLClassLoader$InstrumentingVisitableURLClassLoader: loaded 2 times (x 123B)
Class com.google.common.math.IntMath$1                                                : loaded 2 times (x 71B)
Class org.objectweb.asm.ByteVector                                                    : loaded 2 times (x 79B)
Class [Lcom.google.common.cache.CacheBuilder$NullListener;                            : loaded 2 times (x 69B)
Class org.gradle.internal.classloader.VisitableURLClassLoader$Spec                    : loaded 2 times (x 74B)
Class org.gradle.internal.classpath.DefaultClassPath                                  : loaded 2 times (x 90B)
Class org.objectweb.asm.Symbol                                                        : loaded 2 times (x 73B)
Class com.google.common.io.Closer                                                     : loaded 2 times (x 78B)
Class com.google.common.base.CharMatcher$BitSetMatcher                                : loaded 2 times (x 112B)
Class com.google.common.collect.RegularImmutableMap$Values                            : loaded 2 times (x 207B)
Class com.google.common.collect.ImmutableSet                                          : loaded 2 times (x 145B)
Class org.gradle.internal.classloader.ClassLoaderSpec                                 : loaded 2 times (x 71B)
Class org.objectweb.asm.AnnotationWriter                                              : loaded 2 times (x 79B)
Class com.google.common.cache.CacheStats                                              : loaded 2 times (x 71B)
Class com.google.common.io.Closer$Suppressor                                          : loaded 2 times (x 70B)
Class org.objectweb.asm.RecordComponentWriter                                         : loaded 2 times (x 78B)
Class com.google.common.util.concurrent.AbstractFuture$Listener                       : loaded 2 times (x 72B)
Class com.google.common.base.CharMatcher$Or                                           : loaded 2 times (x 112B)
Class Settings_gradle$1$1                                                             : loaded 2 times (x 74B)
Class org.objectweb.asm.Attribute                                                     : loaded 2 times (x 77B)
Class com.google.common.base.Supplier                                                 : loaded 2 times (x 70B)
Class org.gradle.internal.classloader.VisitableURLClassLoader                         : loaded 2 times (x 117B)
Class Settings_gradle                                                                 : loaded 2 times (x 124B)
Class org.gradle.internal.Cast                                                        : loaded 2 times (x 71B)
Class org.gradle.api.Action                                                           : loaded 2 times (x 70B)
Class com.google.common.base.Strings                                                  : loaded 2 times (x 71B)
Class com.google.common.collect.Sets                                                  : loaded 2 times (x 71B)
Class org.objectweb.asm.Handler                                                       : loaded 2 times (x 72B)
Class com.google.common.base.Ticker                                                   : loaded 2 times (x 72B)
Class com.google.common.base.CharMatcher$FastMatcher                                  : loaded 2 times (x 111B)
Class [Lcom.google.common.cache.LocalCache$Segment;                                   : loaded 2 times (x 69B)
Class [Lcom.google.common.cache.LocalCache$Strength;                                  : loaded 2 times (x 69B)
Class com.google.common.cache.CacheBuilder$1                                          : loaded 2 times (x 85B)
Class com.google.common.base.Predicate                                                : loaded 2 times (x 70B)
Class com.google.common.collect.ImmutableMap                                          : loaded 2 times (x 120B)
Class org.gradle.internal.classpath.DefaultClassPath$ImmutableUniqueList$Builder      : loaded 2 times (x 75B)
Class com.google.common.cache.LocalCache                                              : loaded 2 times (x 187B)
Class com.google.common.cache.CacheBuilder$2                                          : loaded 2 times (x 79B)
Class com.google.common.base.CharMatcher$NegatedFastMatcher                           : loaded 2 times (x 113B)
Class com.google.common.collect.ArrayListMultimap                                     : loaded 2 times (x 172B)
Class com.google.common.cache.CacheBuilder$3                                          : loaded 2 times (x 72B)
Class [Lcom.google.common.collect.AbstractMapEntry;                                   : loaded 2 times (x 69B)
Class com.google.common.collect.ImmutableEntry                                        : loaded 2 times (x 82B)
Class org.gradle.api.GradleException                                                  : loaded 2 times (x 82B)
Class com.google.common.base.Suppliers$MemoizingSupplier                              : loaded 2 times (x 79B)
Class com.google.common.collect.CollectPreconditions                                  : loaded 2 times (x 71B)
Class com.google.common.collect.SortedMapDifference                                   : loaded 2 times (x 70B)
Class com.google.common.cache.LocalCache$EntryFactory                                 : loaded 2 times (x 83B)
Class com.google.common.cache.LocalCache$AbstractReferenceEntry                       : loaded 2 times (x 107B)
Class org.gradle.internal.IoActions                                                   : loaded 2 times (x 71B)
Class org.objectweb.asm.SymbolTable                                                   : loaded 2 times (x 72B)
Class com.google.common.cache.CacheLoader$InvalidCacheLoadException                   : loaded 2 times (x 82B)
Class com.google.common.collect.ImmutableSet$RegularSetBuilderImpl                    : loaded 2 times (x 77B)
Class org.gradle.internal.classloader.SystemClassLoaderSpec                           : loaded 2 times (x 71B)
Class com.google.common.cache.LocalCache$StrongEntry                                  : loaded 2 times (x 108B)
Class com.google.common.util.concurrent.AbstractFuture$TrustedFuture                  : loaded 2 times (x 114B)
Class com.google.common.cache.LoadingCache                                            : loaded 2 times (x 70B)
Class com.google.common.io.ByteStreams$LimitedInputStream                             : loaded 2 times (x 92B)
Class com.google.common.base.Suppliers$NonSerializableMemoizingSupplier               : loaded 2 times (x 79B)
Class org.objectweb.asm.MethodWriter                                                  : loaded 2 times (x 106B)
Class [Lcom.google.common.cache.Weigher;                                              : loaded 2 times (x 69B)
Class com.google.common.collect.RegularImmutableMap$BucketOverflowException           : loaded 2 times (x 82B)
Class com.google.common.collect.RegularImmutableBiMap                                 : loaded 2 times (x 149B)
Class com.google.common.cache.LocalCache$ValueReference                               : loaded 2 times (x 70B)
Class com.google.common.base.CharMatcher$Negated                                      : loaded 2 times (x 113B)
Class com.google.common.base.CharMatcher$Is                                           : loaded 2 times (x 111B)
Class com.google.common.base.PatternCompiler                                          : loaded 2 times (x 70B)
Class com.google.common.util.concurrent.AbstractFuture$Failure                        : loaded 2 times (x 72B)
Class com.google.common.base.Equivalence$Equals                                       : loaded 2 times (x 82B)
Class com.google.common.collect.Hashing                                               : loaded 2 times (x 71B)
Class com.google.common.base.Preconditions                                            : loaded 2 times (x 71B)
Class com.google.common.base.Joiner$1                                                 : loaded 2 times (x 80B)
Class org.objectweb.asm.Label                                                         : loaded 2 times (x 73B)
Class org.objectweb.asm.CurrentFrame                                                  : loaded 2 times (x 73B)
Class org.objectweb.asm.ClassTooLargeException                                        : loaded 2 times (x 83B)
Class com.google.common.base.CharMatcher                                              : loaded 2 times (x 111B)
Class com.google.common.collect.PeekingIterator                                       : loaded 2 times (x 70B)
Class com.google.common.base.Joiner$2                                                 : loaded 2 times (x 79B)
Class org.objectweb.asm.Frame                                                         : loaded 2 times (x 73B)
Class org.objectweb.asm.MethodVisitor                                                 : loaded 2 times (x 105B)
Class com.google.common.cache.LocalCache$EntryFactory$1                               : loaded 2 times (x 83B)
Class [Lcom.google.common.cache.RemovalListener;                                      : loaded 2 times (x 69B)
Class com.google.common.base.CharMatcher$1                                            : loaded 2 times (x 113B)
Class com.google.common.base.CharMatcher$NamedFastMatcher                             : loaded 2 times (x 112B)
Class com.google.common.cache.LocalCache$EntryFactory$2                               : loaded 2 times (x 83B)
Class org.gradle.api.internal.classpath.GlobalCacheRootsProvider                      : loaded 2 times (x 70B)
Class org.objectweb.asm.ModuleWriter                                                  : loaded 2 times (x 82B)
Class com.google.common.cache.LocalCache$EntryFactory$3                               : loaded 2 times (x 83B)
Class com.google.common.base.Ticker$1                                                 : loaded 2 times (x 72B)
Class com.google.common.collect.Maps$BiMapConverter                                   : loaded 2 times (x 90B)
Class com.google.common.collect.ImmutableMapEntrySet$RegularEntrySet                  : loaded 2 times (x 152B)
Class com.google.common.collect.ImmutableSet$Builder                                  : loaded 2 times (x 85B)
Class com.google.common.cache.LocalCache$EntryFactory$4                               : loaded 2 times (x 83B)
Class com.google.common.base.CharMatcher$InRange                                      : loaded 2 times (x 111B)
Class com.google.common.io.ByteStreams$1                                              : loaded 2 times (x 85B)
Class com.google.common.cache.LocalCache$EntryFactory$5                               : loaded 2 times (x 83B)
Class ijJvmDebugger1_dgb1k7ejekh1sld7z8yo85rke$_run_closure1                          : loaded 2 times (x 139B)
Class com.google.common.base.PairwiseEquivalence                                      : loaded 2 times (x 83B)
Class com.google.common.cache.LocalCache$EntryFactory$6                               : loaded 2 times (x 83B)
Class org.gradle.internal.installation.CurrentGradleInstallationLocator               : loaded 2 times (x 71B)
Class com.google.common.collect.Maps$KeySet                                           : loaded 2 times (x 137B)
Class com.google.common.collect.ImmutableSet$EmptySetBuilderImpl                      : loaded 2 times (x 76B)
Class com.google.common.cache.LocalCache$EntryFactory$7                               : loaded 2 times (x 83B)
Class com.google.common.collect.ImmutableList                                         : loaded 2 times (x 206B)
Class org.gradle.internal.service.DefaultServiceLocator                               : loaded 2 times (x 83B)
Class com.google.common.cache.LocalCache$EntryFactory$8                               : loaded 2 times (x 83B)
Class com.google.common.collect.ImmutableSet$SetBuilderImpl                           : loaded 2 times (x 76B)
Class org.gradle.internal.installation.CurrentGradleInstallation                      : loaded 2 times (x 73B)
Class com.google.common.cache.CacheLoader$1                                           : loaded 2 times (x 75B)
Class com.google.common.collect.ForwardingObject                                      : loaded 2 times (x 72B)
Class com.google.common.collect.ImmutableList$SubList                                 : loaded 2 times (x 209B)
Class org.gradle.util.internal.GUtil                                                  : loaded 2 times (x 71B)
Class com.google.common.cache.AbstractCache$StatsCounter                              : loaded 2 times (x 70B)
Class com.google.common.collect.Iterators$MergingIterator                             : loaded 2 times (x 81B)
Class com.google.common.collect.RegularImmutableSet                                   : loaded 2 times (x 149B)
Class org.gradle.internal.installation.GradleInstallation                             : loaded 2 times (x 75B)
Class com.google.common.collect.Iterables                                             : loaded 2 times (x 71B)

---------------  S Y S T E M  ---------------

OS:
 Windows 11 , 64 bit Build 22000 (10.0.22000.1880)
OS uptime: 63 days 18:16 hours
Hyper-V role detected

CPU: total 8 (initial active 8) (4 cores per cpu, 2 threads per core) family 6 model 142 stepping 12 microcode 0xea, cx8, cmov, fxsr, ht, mmx, 3dnowpref, sse, sse2, sse3, ssse3, sse4.1, sse4.2, popcnt, lzcnt, tsc, tscinvbit, avx, avx2, aes, erms, clmul, bmi1, bmi2, adx, fma, vzeroupper, clflush, clflushopt, hv, rdtscp, f16c
Processor Information for the first 8 processors :
  Max Mhz: 1992, Current Mhz: 1792, Mhz Limit: 1792

Memory: 4k page, system-wide physical 16198M (616M free)
TotalPageFile size 16198M (AvailPageFile size 16M)
current process WorkingSet (physical memory assigned to process): 595M, peak: 595M
current process commit charge ("private bytes"): 639M, peak: 658M

vm_info: OpenJDK 64-Bit Server VM (21.0.9+-14649483-b1163.86) for windows-amd64 JRE (21.0.9+-14649483-b1163.86), built on 2025-12-30T22:08:35Z by "builder" with MS VC++ 16.10 / 16.11 (VS2019)

END.
