#
# There is insufficient memory for the Java Runtime Environment to continue.
# Native memory allocation (mmap) failed to map 34603008 bytes. Error detail: G1 virtual space
# Possible reasons:
#   The system is out of physical RAM or swap space
#   This process is running with CompressedOops enabled, and the Java Heap may be blocking the growth of the native heap
# Possible solutions:
#   Reduce memory load on the system
#   Increase physical memory or swap space
#   Check if swap backing store is full
#   Decrease Java heap size (-Xmx/-Xms)
#   Decrease number of Java threads
#   Decrease Java thread stack sizes (-Xss)
#   Set larger code cache with -XX:ReservedCodeCacheSize=
#   JVM is running with Unscaled Compressed Oops mode in which the Java heap is
#     placed in the first 4GB address space. The Java Heap base address is the
#     maximum limit for the native heap growth. Please use -XX:HeapBaseMinAddress
#     to set the Java Heap base and to place the Java Heap above 4GB virtual address.
# This output file may be truncated or incomplete.
#
#  Out of Memory Error (os_windows.cpp:3925), pid=12960, tid=16316
#
# JRE version: OpenJDK Runtime Environment (21.0.9) (build 21.0.9+-14649483-b1163.86)
# Java VM: OpenJDK 64-Bit Server VM (21.0.9+-14649483-b1163.86, mixed mode, tiered, compressed oops, compressed class ptrs, g1 gc, windows-amd64)
# No core dump will be written. Minidumps are not enabled by default on client versions of Windows
#

---------------  S U M M A R Y ------------

Command Line: --add-opens=java.base/java.lang=ALL-UNNAMED --add-opens=java.base/java.lang.invoke=ALL-UNNAMED --add-opens=java.base/java.util=ALL-UNNAMED --add-opens=java.prefs/java.util.prefs=ALL-UNNAMED --add-exports=jdk.compiler/com.sun.tools.javac.api=ALL-UNNAMED --add-exports=jdk.compiler/com.sun.tools.javac.util=ALL-UNNAMED --add-opens=java.base/java.util=ALL-UNNAMED --add-opens=java.prefs/java.util.prefs=ALL-UNNAMED --add-opens=java.base/java.nio.charset=ALL-UNNAMED --add-opens=java.base/java.net=ALL-UNNAMED --add-opens=java.base/java.util.concurrent=ALL-UNNAMED --add-opens=java.base/java.util.concurrent.atomic=ALL-UNNAMED --add-opens=java.xml/javax.xml.namespace=ALL-UNNAMED --add-opens=java.base/java.time=ALL-UNNAMED -Xmx2048m -Dfile.encoding=UTF-8 -Duser.country=ID -Duser.language=en -Duser.variant -javaagent:C:\Users\user\.gradle\wrapper\dists\gradle-9.2.1-bin\2t0n5ozlw9xmuyvbp7dnzaxug\gradle-9.2.1\lib\agents\gradle-instrumentation-agent-9.2.1.jar org.gradle.launcher.daemon.bootstrap.GradleDaemon 9.2.1

Host: Intel(R) Core(TM) i7-8565U CPU @ 1.80GHz, 8 cores, 15G,  Windows 11 , 64 bit Build 22000 (10.0.22000.1880)
Time: Fri Feb 20 16:10:40 2026 SE Asia Standard Time elapsed time: 26.626767 seconds (0d 0h 0m 26s)

---------------  T H R E A D  ---------------

Current thread (0x0000022dd9032230):  VMThread "VM Thread"          [id=16316, stack(0x0000006210000000,0x0000006210100000) (1024K)]

Stack: [0x0000006210000000,0x0000006210100000]
Native frames: (J=compiled Java code, j=interpreted, Vv=VM code, C=native code)
V  [jvm.dll+0x6d6c99]
V  [jvm.dll+0x866b83]
V  [jvm.dll+0x86919e]
V  [jvm.dll+0x869883]
V  [jvm.dll+0x280776]
V  [jvm.dll+0x6d3555]
V  [jvm.dll+0x6c6bea]
V  [jvm.dll+0x3587fb]
V  [jvm.dll+0x360476]
V  [jvm.dll+0x3b2646]
V  [jvm.dll+0x3b2918]
V  [jvm.dll+0x32af0c]
V  [jvm.dll+0x32d916]
V  [jvm.dll+0x3377ed]
V  [jvm.dll+0x36ef55]
V  [jvm.dll+0x86f608]
V  [jvm.dll+0x870984]
V  [jvm.dll+0x870ec0]
V  [jvm.dll+0x871153]
V  [jvm.dll+0x80f118]
V  [jvm.dll+0x6d54ed]
C  [ucrtbase.dll+0x26c0c]
C  [KERNEL32.DLL+0x155a0]
C  [ntdll.dll+0x485b]

VM_Operation (0x000000620fbff8b0): G1PauseRemark, mode: safepoint, requested by thread 0x0000022dbd5f6270


---------------  P R O C E S S  ---------------

Threads class SMR info:
_java_thread_list=0x0000022ddc9016c0, length=141, elements={
0x0000022dbd58c350, 0x0000022dd90cd190, 0x0000022dd90daf80, 0x0000022dd90db9e0,
0x0000022dd910e430, 0x0000022dd910ee90, 0x0000022dd910f8f0, 0x0000022dd90ff2b0,
0x0000022dd9103670, 0x0000022dd9105530, 0x0000022dd93990b0, 0x0000022ddb6470e0,
0x0000022ddb809510, 0x0000022ddb61ce00, 0x0000022ddb61d470, 0x0000022ddabb8490,
0x0000022dda199f10, 0x0000022dda19b5a0, 0x0000022ddb7683d0, 0x0000022ddb767020,
0x0000022ddb767d40, 0x0000022ddb7690f0, 0x0000022ddb769780, 0x0000022ddb7676b0,
0x0000022ddd9e0170, 0x0000022ddd9e35f0, 0x0000022ddd9e4310, 0x0000022ddd9e0e90,
0x0000022ddd9e1520, 0x0000022ddd9e1bb0, 0x0000022ddd9e2240, 0x0000022ddd9e2f60,
0x0000022ddd9e3c80, 0x0000022ddd9dfae0, 0x0000022ddd9e49a0, 0x0000022ddd9de0a0,
0x0000022ddd9e28d0, 0x0000022ddd9dda10, 0x0000022ddd9e5030, 0x0000022ddd9de730,
0x0000022ddd9dedc0, 0x0000022ddd9df450, 0x0000022dde387580, 0x0000022dde389650,
0x0000022dde38b720, 0x0000022dde389ce0, 0x0000022dde3854b0, 0x0000022dde388fc0,
0x0000022dde38a370, 0x0000022dde38aa00, 0x0000022dde386860, 0x0000022dde38b090,
0x0000022dde38bdb0, 0x0000022dde3861d0, 0x0000022dde385b40, 0x0000022dde38c440,
0x0000022dde38cad0, 0x0000022dde3882a0, 0x0000022dde386ef0, 0x0000022dde387c10,
0x0000022dde388930, 0x0000022de01835b0, 0x0000022de0184960, 0x0000022de01807c0,
0x0000022de0185680, 0x0000022de0182200, 0x0000022de0180e50, 0x0000022de0185d10,
0x0000022de01863a0, 0x0000022de01814e0, 0x0000022de0186a30, 0x0000022de017faa0,
0x0000022de0181b70, 0x0000022de01842d0, 0x0000022de0180130, 0x0000022de0182f20,
0x0000022ddd9ffac0, 0x0000022ddda00150, 0x0000022ddda028b0, 0x0000022ddda02f40,
0x0000022ddda02220, 0x0000022ddda01500, 0x0000022ddda03c60, 0x0000022ddd9fe080,
0x0000022ddda007e0, 0x0000022ddd9fe710, 0x0000022ddda01b90, 0x0000022ddd9ff430,
0x0000022dde943770, 0x0000022de1518a60, 0x0000022de15190f0, 0x0000022de151bee0,
0x0000022de1517d40, 0x0000022de1516990, 0x0000022de151cc00, 0x0000022de1519e10,
0x0000022de1519780, 0x0000022de1517020, 0x0000022de151ab30, 0x0000022de151a4a0,
0x0000022de151b1c0, 0x0000022de15183d0, 0x0000022de151dfb0, 0x0000022de151d920,
0x0000022de151d290, 0x0000022de6c237c0, 0x0000022de6c244e0, 0x0000022de6c25890,
0x0000022de6c23e50, 0x0000022de6c24b70, 0x0000022de6c25200, 0x0000022de6c25f20,
0x0000022de6c265b0, 0x0000022de6c1f620, 0x0000022de6c26c40, 0x0000022de6c21060,
0x0000022de6c216f0, 0x0000022de6c22aa0, 0x0000022de6c23130, 0x0000022dd9412850,
0x0000022dd9411b30, 0x0000022dd94169f0, 0x0000022dd9416360, 0x0000022dd94100f0,
0x0000022dd9413c00, 0x0000022dd94121c0, 0x0000022dd94114a0, 0x0000022dd9414920,
0x0000022dd9417080, 0x0000022dd9417710, 0x0000022dd9410e10, 0x0000022ddda6ddb0,
0x0000022ddda6f160, 0x0000022ddda6d090, 0x0000022ddda70510, 0x0000022ddda69c10,
0x0000022ddda6d720, 0x0000022ddda6e440, 0x0000022ddda6ead0, 0x0000022ddda6fe80,
0x0000022de1276950
}

Java Threads: ( => current thread )
  0x0000022dbd58c350 JavaThread "main"                              [_thread_blocked, id=6424, stack(0x000000620f900000,0x000000620fa00000) (1024K)]
  0x0000022dd90cd190 JavaThread "Common-Cleaner"             daemon [_thread_blocked, id=7096, stack(0x0000006210100000,0x0000006210200000) (1024K)]
  0x0000022dd90daf80 JavaThread "Reference Handler"          daemon [_thread_blocked, id=464, stack(0x0000006210200000,0x0000006210300000) (1024K)]
  0x0000022dd90db9e0 JavaThread "Finalizer"                  daemon [_thread_blocked, id=17296, stack(0x0000006210300000,0x0000006210400000) (1024K)]
  0x0000022dd910e430 JavaThread "Signal Dispatcher"          daemon [_thread_blocked, id=180, stack(0x0000006210400000,0x0000006210500000) (1024K)]
  0x0000022dd910ee90 JavaThread "Attach Listener"            daemon [_thread_blocked, id=3284, stack(0x0000006210500000,0x0000006210600000) (1024K)]
  0x0000022dd910f8f0 JavaThread "Service Thread"             daemon [_thread_blocked, id=27596, stack(0x0000006210600000,0x0000006210700000) (1024K)]
  0x0000022dd90ff2b0 JavaThread "Monitor Deflation Thread"   daemon [_thread_blocked, id=6800, stack(0x0000006210700000,0x0000006210800000) (1024K)]
  0x0000022dd9103670 JavaThread "C2 CompilerThread0"         daemon [_thread_blocked, id=18560, stack(0x0000006210800000,0x0000006210900000) (1024K)]
  0x0000022dd9105530 JavaThread "C1 CompilerThread0"         daemon [_thread_blocked, id=14280, stack(0x0000006210900000,0x0000006210a00000) (1024K)]
  0x0000022dd93990b0 JavaThread "Notification Thread"        daemon [_thread_blocked, id=12860, stack(0x0000006210a00000,0x0000006210b00000) (1024K)]
  0x0000022ddb6470e0 JavaThread "Daemon health stats"               [_thread_blocked, id=24772, stack(0x0000006211100000,0x0000006211200000) (1024K)]
  0x0000022ddb809510 JavaThread "Incoming local TCP Connector on port 63357"        [_thread_in_native, id=24676, stack(0x0000006211200000,0x0000006211300000) (1024K)]
  0x0000022ddb61ce00 JavaThread "Daemon periodic checks"            [_thread_blocked, id=27400, stack(0x0000006211300000,0x0000006211400000) (1024K)]
  0x0000022ddb61d470 JavaThread "Daemon"                            [_thread_blocked, id=2564, stack(0x0000006211400000,0x0000006211500000) (1024K)]
  0x0000022ddabb8490 JavaThread "Handler for socket connection from /127.0.0.1:63357 to /127.0.0.1:63358"        [_thread_in_native, id=26012, stack(0x0000006211500000,0x0000006211600000) (1024K)]
  0x0000022dda199f10 JavaThread "Cancel handler"                    [_thread_blocked, id=7120, stack(0x0000006211600000,0x0000006211700000) (1024K)]
  0x0000022dda19b5a0 JavaThread "Daemon worker"                     [_thread_blocked, id=14556, stack(0x0000006211700000,0x0000006211800000) (1024K)]
  0x0000022ddb7683d0 JavaThread "Asynchronous log dispatcher for DefaultDaemonConnection: socket connection from /127.0.0.1:63357 to /127.0.0.1:63358"        [_thread_blocked, id=12508, stack(0x0000006211b00000,0x0000006211c00000) (1024K)]
  0x0000022ddb767020 JavaThread "Stdin handler"                     [_thread_blocked, id=17948, stack(0x0000006211c00000,0x0000006211d00000) (1024K)]
  0x0000022ddb767d40 JavaThread "Daemon client event forwarder"        [_thread_blocked, id=17004, stack(0x0000006211d00000,0x0000006211e00000) (1024K)]
  0x0000022ddb7690f0 JavaThread "Cache worker for journal cache (C:\Users\user\.gradle\caches\journal-1)"        [_thread_blocked, id=22088, stack(0x0000006211e00000,0x0000006211f00000) (1024K)]
  0x0000022ddb769780 JavaThread "File lock request listener"        [_thread_in_native, id=27712, stack(0x0000006212000000,0x0000006212100000) (1024K)]
  0x0000022ddb7676b0 JavaThread "Cache worker for file hash cache (C:\Users\user\.gradle\caches\9.2.1\fileHashes)"        [_thread_blocked, id=9568, stack(0x0000006212100000,0x0000006212200000) (1024K)]
  0x0000022ddd9e0170 JavaThread "Cache worker for file hash cache (C:\PRAKTAM2\.gradle\9.2.1\fileHashes)"        [_thread_blocked, id=24756, stack(0x0000006212200000,0x0000006212300000) (1024K)]
  0x0000022ddd9e35f0 JavaThread "Cache worker for Build Output Cleanup Cache (C:\PRAKTAM2\.gradle\buildOutputCleanup)"        [_thread_blocked, id=6972, stack(0x0000006212300000,0x0000006212400000) (1024K)]
  0x0000022ddd9e4310 JavaThread "File watcher server"        daemon [_thread_blocked, id=3232, stack(0x0000006212400000,0x0000006212500000) (1024K)]
  0x0000022ddd9e0e90 JavaThread "File watcher consumer"      daemon [_thread_blocked, id=25976, stack(0x0000006212500000,0x0000006212600000) (1024K)]
  0x0000022ddd9e1520 JavaThread "Cache worker for checksums cache (C:\PRAKTAM2\.gradle\9.2.1\checksums)"        [_thread_blocked, id=10424, stack(0x0000006212600000,0x0000006212700000) (1024K)]
  0x0000022ddd9e1bb0 JavaThread "Cache worker for file content cache (C:\Users\user\.gradle\caches\9.2.1\fileContent)"        [_thread_blocked, id=8364, stack(0x0000006212700000,0x0000006212800000) (1024K)]
  0x0000022ddd9e2240 JavaThread "Cache worker for cache directory md-supplier (C:\Users\user\.gradle\caches\9.2.1\md-supplier)"        [_thread_blocked, id=4420, stack(0x0000006212800000,0x0000006212900000) (1024K)]
  0x0000022ddd9e2f60 JavaThread "Cache worker for cache directory md-rule (C:\Users\user\.gradle\caches\9.2.1\md-rule)"        [_thread_blocked, id=6472, stack(0x0000006212900000,0x0000006212a00000) (1024K)]
  0x0000022ddd9e3c80 JavaThread "jar transforms"                    [_thread_blocked, id=9820, stack(0x0000006212a00000,0x0000006212b00000) (1024K)]
  0x0000022ddd9dfae0 JavaThread "jar transforms Thread 2"           [_thread_blocked, id=14772, stack(0x0000006212b00000,0x0000006212c00000) (1024K)]
  0x0000022ddd9e49a0 JavaThread "jar transforms Thread 3"           [_thread_blocked, id=16128, stack(0x0000006212c00000,0x0000006212d00000) (1024K)]
  0x0000022ddd9de0a0 JavaThread "Unconstrained build operations"        [_thread_blocked, id=8864, stack(0x0000006212d00000,0x0000006212e00000) (1024K)]
  0x0000022ddd9e28d0 JavaThread "Unconstrained build operations Thread 2"        [_thread_blocked, id=18012, stack(0x0000006212e00000,0x0000006212f00000) (1024K)]
  0x0000022ddd9dda10 JavaThread "Unconstrained build operations Thread 3"        [_thread_blocked, id=24908, stack(0x0000006212f00000,0x0000006213000000) (1024K)]
  0x0000022ddd9e5030 JavaThread "Unconstrained build operations Thread 4"        [_thread_blocked, id=25324, stack(0x0000006213000000,0x0000006213100000) (1024K)]
  0x0000022ddd9de730 JavaThread "Unconstrained build operations Thread 5"        [_thread_blocked, id=22132, stack(0x0000006213100000,0x0000006213200000) (1024K)]
  0x0000022ddd9dedc0 JavaThread "Unconstrained build operations Thread 6"        [_thread_blocked, id=3772, stack(0x0000006213200000,0x0000006213300000) (1024K)]
  0x0000022ddd9df450 JavaThread "Unconstrained build operations Thread 7"        [_thread_blocked, id=1668, stack(0x0000006213300000,0x0000006213400000) (1024K)]
  0x0000022dde387580 JavaThread "Unconstrained build operations Thread 8"        [_thread_blocked, id=25168, stack(0x0000006213400000,0x0000006213500000) (1024K)]
  0x0000022dde389650 JavaThread "Unconstrained build operations Thread 9"        [_thread_blocked, id=16936, stack(0x0000006213500000,0x0000006213600000) (1024K)]
  0x0000022dde38b720 JavaThread "Unconstrained build operations Thread 10"        [_thread_blocked, id=20256, stack(0x0000006213600000,0x0000006213700000) (1024K)]
  0x0000022dde389ce0 JavaThread "Unconstrained build operations Thread 11"        [_thread_blocked, id=14576, stack(0x0000006213700000,0x0000006213800000) (1024K)]
  0x0000022dde3854b0 JavaThread "Unconstrained build operations Thread 12"        [_thread_blocked, id=27888, stack(0x0000006213800000,0x0000006213900000) (1024K)]
  0x0000022dde388fc0 JavaThread "Unconstrained build operations Thread 13"        [_thread_blocked, id=6016, stack(0x0000006213900000,0x0000006213a00000) (1024K)]
  0x0000022dde38a370 JavaThread "Unconstrained build operations Thread 14"        [_thread_blocked, id=26700, stack(0x0000006213a00000,0x0000006213b00000) (1024K)]
  0x0000022dde38aa00 JavaThread "jar transforms Thread 4"           [_thread_blocked, id=1524, stack(0x0000006213b00000,0x0000006213c00000) (1024K)]
  0x0000022dde386860 JavaThread "jar transforms Thread 5"           [_thread_blocked, id=4600, stack(0x0000006213c00000,0x0000006213d00000) (1024K)]
  0x0000022dde38b090 JavaThread "Unconstrained build operations Thread 15"        [_thread_blocked, id=21464, stack(0x0000006213d00000,0x0000006213e00000) (1024K)]
  0x0000022dde38bdb0 JavaThread "Unconstrained build operations Thread 16"        [_thread_blocked, id=7980, stack(0x0000006213e00000,0x0000006213f00000) (1024K)]
  0x0000022dde3861d0 JavaThread "Unconstrained build operations Thread 17"        [_thread_blocked, id=11880, stack(0x0000006213f00000,0x0000006214000000) (1024K)]
  0x0000022dde385b40 JavaThread "Unconstrained build operations Thread 18"        [_thread_blocked, id=9356, stack(0x0000006214000000,0x0000006214100000) (1024K)]
  0x0000022dde38c440 JavaThread "Unconstrained build operations Thread 19"        [_thread_blocked, id=21200, stack(0x0000006214100000,0x0000006214200000) (1024K)]
  0x0000022dde38cad0 JavaThread "Unconstrained build operations Thread 20"        [_thread_blocked, id=26340, stack(0x0000006214200000,0x0000006214300000) (1024K)]
  0x0000022dde3882a0 JavaThread "Unconstrained build operations Thread 21"        [_thread_blocked, id=15380, stack(0x0000006214300000,0x0000006214400000) (1024K)]
  0x0000022dde386ef0 JavaThread "jar transforms Thread 6"           [_thread_blocked, id=14928, stack(0x0000006214400000,0x0000006214500000) (1024K)]
  0x0000022dde387c10 JavaThread "jar transforms Thread 7"           [_thread_blocked, id=19292, stack(0x0000006214500000,0x0000006214600000) (1024K)]
  0x0000022dde388930 JavaThread "jar transforms Thread 8"           [_thread_blocked, id=8888, stack(0x0000006214600000,0x0000006214700000) (1024K)]
  0x0000022de01835b0 JavaThread "Unconstrained build operations Thread 22"        [_thread_blocked, id=4388, stack(0x0000006214700000,0x0000006214800000) (1024K)]
  0x0000022de0184960 JavaThread "Unconstrained build operations Thread 23"        [_thread_blocked, id=20932, stack(0x0000006214800000,0x0000006214900000) (1024K)]
  0x0000022de01807c0 JavaThread "Unconstrained build operations Thread 24"        [_thread_blocked, id=13700, stack(0x0000006214900000,0x0000006214a00000) (1024K)]
  0x0000022de0185680 JavaThread "Unconstrained build operations Thread 25"        [_thread_blocked, id=24948, stack(0x0000006214a00000,0x0000006214b00000) (1024K)]
  0x0000022de0182200 JavaThread "Unconstrained build operations Thread 26"        [_thread_blocked, id=2136, stack(0x0000006214b00000,0x0000006214c00000) (1024K)]
  0x0000022de0180e50 JavaThread "Unconstrained build operations Thread 27"        [_thread_blocked, id=11852, stack(0x0000006214c00000,0x0000006214d00000) (1024K)]
  0x0000022de0185d10 JavaThread "Unconstrained build operations Thread 28"        [_thread_blocked, id=26424, stack(0x0000006214d00000,0x0000006214e00000) (1024K)]
  0x0000022de01863a0 JavaThread "Unconstrained build operations Thread 29"        [_thread_blocked, id=4152, stack(0x0000006214e00000,0x0000006214f00000) (1024K)]
  0x0000022de01814e0 JavaThread "Unconstrained build operations Thread 30"        [_thread_blocked, id=15072, stack(0x0000006214f00000,0x0000006215000000) (1024K)]
  0x0000022de0186a30 JavaThread "Unconstrained build operations Thread 31"        [_thread_blocked, id=9184, stack(0x0000006215000000,0x0000006215100000) (1024K)]
  0x0000022de017faa0 JavaThread "Unconstrained build operations Thread 32"        [_thread_blocked, id=17320, stack(0x0000006215100000,0x0000006215200000) (1024K)]
  0x0000022de0181b70 JavaThread "Unconstrained build operations Thread 33"        [_thread_blocked, id=6900, stack(0x0000006215200000,0x0000006215300000) (1024K)]
  0x0000022de01842d0 JavaThread "Unconstrained build operations Thread 34"        [_thread_blocked, id=23592, stack(0x0000006215300000,0x0000006215400000) (1024K)]
  0x0000022de0180130 JavaThread "Unconstrained build operations Thread 35"        [_thread_blocked, id=2920, stack(0x0000006215400000,0x0000006215500000) (1024K)]
  0x0000022de0182f20 JavaThread "Unconstrained build operations Thread 36"        [_thread_blocked, id=23928, stack(0x0000006215500000,0x0000006215600000) (1024K)]
  0x0000022ddd9ffac0 JavaThread "Unconstrained build operations Thread 37"        [_thread_blocked, id=23156, stack(0x0000006215600000,0x0000006215700000) (1024K)]
  0x0000022ddda00150 JavaThread "Unconstrained build operations Thread 38"        [_thread_blocked, id=3032, stack(0x0000006215700000,0x0000006215800000) (1024K)]
  0x0000022ddda028b0 JavaThread "Unconstrained build operations Thread 39"        [_thread_blocked, id=23348, stack(0x0000006215800000,0x0000006215900000) (1024K)]
  0x0000022ddda02f40 JavaThread "Unconstrained build operations Thread 40"        [_thread_blocked, id=7072, stack(0x0000006215900000,0x0000006215a00000) (1024K)]
  0x0000022ddda02220 JavaThread "Unconstrained build operations Thread 41"        [_thread_blocked, id=9940, stack(0x0000006215a00000,0x0000006215b00000) (1024K)]
  0x0000022ddda01500 JavaThread "Unconstrained build operations Thread 42"        [_thread_blocked, id=27848, stack(0x0000006215b00000,0x0000006215c00000) (1024K)]
  0x0000022ddda03c60 JavaThread "Unconstrained build operations Thread 43"        [_thread_blocked, id=21820, stack(0x0000006215c00000,0x0000006215d00000) (1024K)]
  0x0000022ddd9fe080 JavaThread "Unconstrained build operations Thread 44"        [_thread_blocked, id=5308, stack(0x0000006215d00000,0x0000006215e00000) (1024K)]
  0x0000022ddda007e0 JavaThread "Unconstrained build operations Thread 45"        [_thread_blocked, id=9156, stack(0x0000006215e00000,0x0000006215f00000) (1024K)]
  0x0000022ddd9fe710 JavaThread "build event listener"              [_thread_blocked, id=13680, stack(0x0000006211f00000,0x0000006212000000) (1024K)]
  0x0000022ddda01b90 JavaThread "Memory manager"                    [_thread_blocked, id=13076, stack(0x0000006215f00000,0x0000006216000000) (1024K)]
  0x0000022ddd9ff430 JavaThread "build event listener"              [_thread_blocked, id=26392, stack(0x0000006216000000,0x0000006216100000) (1024K)]
  0x0000022dde943770 JavaThread "C2 CompilerThread1"         daemon [_thread_blocked, id=28192, stack(0x0000006210b00000,0x0000006210c00000) (1024K)]
  0x0000022de1518a60 JavaThread "included builds"                   [_thread_blocked, id=23056, stack(0x0000006216200000,0x0000006216300000) (1024K)]
  0x0000022de15190f0 JavaThread "Execution worker"                  [_thread_blocked, id=24292, stack(0x0000006216300000,0x0000006216400000) (1024K)]
  0x0000022de151bee0 JavaThread "Execution worker Thread 2"         [_thread_blocked, id=23664, stack(0x0000006216400000,0x0000006216500000) (1024K)]
  0x0000022de1517d40 JavaThread "Execution worker Thread 3"         [_thread_blocked, id=25944, stack(0x0000006216500000,0x0000006216600000) (1024K)]
  0x0000022de1516990 JavaThread "Execution worker Thread 4"         [_thread_blocked, id=8388, stack(0x0000006216600000,0x0000006216700000) (1024K)]
  0x0000022de151cc00 JavaThread "Execution worker Thread 5"         [_thread_blocked, id=16780, stack(0x0000006216700000,0x0000006216800000) (1024K)]
  0x0000022de1519e10 JavaThread "Execution worker Thread 6"         [_thread_blocked, id=2748, stack(0x0000006216800000,0x0000006216900000) (1024K)]
  0x0000022de1519780 JavaThread "Execution worker Thread 7"         [_thread_blocked, id=23116, stack(0x0000006216900000,0x0000006216a00000) (1024K)]
  0x0000022de1517020 JavaThread "Cache worker for execution history cache (C:\PRAKTAM2\.gradle\9.2.1\executionHistory)"        [_thread_blocked, id=21540, stack(0x0000006216a00000,0x0000006216b00000) (1024K)]
  0x0000022de151ab30 JavaThread "Unconstrained build operations Thread 46"        [_thread_blocked, id=20344, stack(0x0000006216b00000,0x0000006216c00000) (1024K)]
  0x0000022de151a4a0 JavaThread "Unconstrained build operations Thread 47"        [_thread_blocked, id=24548, stack(0x0000006216c00000,0x0000006216d00000) (1024K)]
  0x0000022de151b1c0 JavaThread "Unconstrained build operations Thread 48"        [_thread_blocked, id=18760, stack(0x0000006216d00000,0x0000006216e00000) (1024K)]
  0x0000022de15183d0 JavaThread "Unconstrained build operations Thread 49"        [_thread_blocked, id=4252, stack(0x0000006216e00000,0x0000006216f00000) (1024K)]
  0x0000022de151dfb0 JavaThread "Unconstrained build operations Thread 50"        [_thread_blocked, id=15856, stack(0x0000006216f00000,0x0000006217000000) (1024K)]
  0x0000022de151d920 JavaThread "Unconstrained build operations Thread 51"        [_thread_blocked, id=14980, stack(0x0000006217000000,0x0000006217100000) (1024K)]
  0x0000022de151d290 JavaThread "Unconstrained build operations Thread 52"        [_thread_blocked, id=8276, stack(0x0000006217100000,0x0000006217200000) (1024K)]
  0x0000022de6c237c0 JavaThread "Unconstrained build operations Thread 53"        [_thread_blocked, id=17956, stack(0x0000006217200000,0x0000006217300000) (1024K)]
  0x0000022de6c244e0 JavaThread "Unconstrained build operations Thread 54"        [_thread_blocked, id=1660, stack(0x0000006217300000,0x0000006217400000) (1024K)]
  0x0000022de6c25890 JavaThread "Unconstrained build operations Thread 55"        [_thread_blocked, id=1360, stack(0x0000006217400000,0x0000006217500000) (1024K)]
  0x0000022de6c23e50 JavaThread "Unconstrained build operations Thread 56"        [_thread_blocked, id=26108, stack(0x0000006217500000,0x0000006217600000) (1024K)]
  0x0000022de6c24b70 JavaThread "Unconstrained build operations Thread 57"        [_thread_blocked, id=22428, stack(0x0000006217600000,0x0000006217700000) (1024K)]
  0x0000022de6c25200 JavaThread "Unconstrained build operations Thread 58"        [_thread_blocked, id=26452, stack(0x0000006217700000,0x0000006217800000) (1024K)]
  0x0000022de6c25f20 JavaThread "Unconstrained build operations Thread 59"        [_thread_blocked, id=23276, stack(0x0000006217800000,0x0000006217900000) (1024K)]
  0x0000022de6c265b0 JavaThread "Unconstrained build operations Thread 60"        [_thread_blocked, id=23832, stack(0x0000006217900000,0x0000006217a00000) (1024K)]
  0x0000022de6c1f620 JavaThread "Unconstrained build operations Thread 61"        [_thread_blocked, id=26668, stack(0x0000006217a00000,0x0000006217b00000) (1024K)]
  0x0000022de6c26c40 JavaThread "Unconstrained build operations Thread 62"        [_thread_blocked, id=10824, stack(0x0000006217b00000,0x0000006217c00000) (1024K)]
  0x0000022de6c21060 JavaThread "Unconstrained build operations Thread 63"        [_thread_blocked, id=21900, stack(0x0000006217c00000,0x0000006217d00000) (1024K)]
  0x0000022de6c216f0 JavaThread "Unconstrained build operations Thread 64"        [_thread_blocked, id=15864, stack(0x0000006217d00000,0x0000006217e00000) (1024K)]
  0x0000022de6c22aa0 JavaThread "Unconstrained build operations Thread 65"        [_thread_blocked, id=22420, stack(0x0000006217e00000,0x0000006217f00000) (1024K)]
  0x0000022de6c23130 JavaThread "Unconstrained build operations Thread 66"        [_thread_blocked, id=8096, stack(0x0000006217f00000,0x0000006218000000) (1024K)]
  0x0000022dd9412850 JavaThread "Unconstrained build operations Thread 67"        [_thread_blocked, id=27884, stack(0x0000006218000000,0x0000006218100000) (1024K)]
  0x0000022dd9411b30 JavaThread "Unconstrained build operations Thread 68"        [_thread_blocked, id=26768, stack(0x0000006218100000,0x0000006218200000) (1024K)]
  0x0000022dd94169f0 JavaThread "Unconstrained build operations Thread 69"        [_thread_blocked, id=25732, stack(0x0000006218200000,0x0000006218300000) (1024K)]
  0x0000022dd9416360 JavaThread "Unconstrained build operations Thread 70"        [_thread_blocked, id=17356, stack(0x0000006218300000,0x0000006218400000) (1024K)]
  0x0000022dd94100f0 JavaThread "Unconstrained build operations Thread 71"        [_thread_blocked, id=26740, stack(0x0000006218400000,0x0000006218500000) (1024K)]
  0x0000022dd9413c00 JavaThread "Unconstrained build operations Thread 72"        [_thread_blocked, id=20164, stack(0x0000006218500000,0x0000006218600000) (1024K)]
  0x0000022dd94121c0 JavaThread "Unconstrained build operations Thread 73"        [_thread_blocked, id=6592, stack(0x0000006218600000,0x0000006218700000) (1024K)]
  0x0000022dd94114a0 JavaThread "Unconstrained build operations Thread 74"        [_thread_blocked, id=15980, stack(0x0000006218700000,0x0000006218800000) (1024K)]
  0x0000022dd9414920 JavaThread "Unconstrained build operations Thread 75"        [_thread_blocked, id=10784, stack(0x0000006218800000,0x0000006218900000) (1024K)]
  0x0000022dd9417080 JavaThread "WorkerExecutor Queue"              [_thread_in_native, id=15632, stack(0x0000006218900000,0x0000006218a00000) (1024K)]
  0x0000022dd9417710 JavaThread "Unconstrained build operations Thread 76"        [_thread_blocked, id=20204, stack(0x0000006218a00000,0x0000006218b00000) (1024K)]
  0x0000022dd9410e10 JavaThread "Unconstrained build operations Thread 77"        [_thread_blocked, id=15008, stack(0x0000006218b00000,0x0000006218c00000) (1024K)]
  0x0000022ddda6ddb0 JavaThread "Unconstrained build operations Thread 78"        [_thread_blocked, id=5748, stack(0x0000006218c00000,0x0000006218d00000) (1024K)]
  0x0000022ddda6f160 JavaThread "Unconstrained build operations Thread 79"        [_thread_blocked, id=13868, stack(0x0000006218d00000,0x0000006218e00000) (1024K)]
  0x0000022ddda6d090 JavaThread "Unconstrained build operations Thread 80"        [_thread_blocked, id=16656, stack(0x0000006218e00000,0x0000006218f00000) (1024K)]
  0x0000022ddda70510 JavaThread "RMI Scheduler(0)"           daemon [_thread_blocked, id=22968, stack(0x0000006218f00000,0x0000006219000000) (1024K)]
  0x0000022ddda69c10 JavaThread "RMI RenewClean-[127.0.0.1:17298,org.jetbrains.kotlin.daemon.common.LoopbackNetworkInterface$ClientLoopbackSocketFactory@57644053]" daemon [_thread_blocked, id=13320, stack(0x0000006219000000,0x0000006219100000) (1024K)]
  0x0000022ddda6d720 JavaThread "RMI GC Daemon"              daemon [_thread_blocked, id=11044, stack(0x0000006219100000,0x0000006219200000) (1024K)]
  0x0000022ddda6e440 JavaThread "RMI TCP Accept-0"           daemon [_thread_in_native, id=25340, stack(0x0000006219200000,0x0000006219300000) (1024K)]
  0x0000022ddda6ead0 JavaThread "RMI Reaper"                        [_thread_blocked, id=6072, stack(0x0000006219300000,0x0000006219400000) (1024K)]
  0x0000022ddda6fe80 JavaThread "RMI TCP Connection(1)-127.0.0.1" daemon [_thread_in_native, id=3908, stack(0x0000006219400000,0x0000006219500000) (1024K)]
  0x0000022de1276950 JavaThread "C2 CompilerThread2"         daemon [_thread_in_native, id=11164, stack(0x0000006216100000,0x0000006216200000) (1024K)]
Total: 141

Other Threads:
=>0x0000022dd9032230 VMThread "VM Thread"                           [id=16316, stack(0x0000006210000000,0x0000006210100000) (1024K)]
  0x0000022dd4cbb4e0 WatcherThread "VM Periodic Task Thread"        [id=22844, stack(0x000000620ff00000,0x0000006210000000) (1024K)]
  0x0000022dbd5e4fc0 WorkerThread "GC Thread#0"                     [id=124, stack(0x000000620fa00000,0x000000620fb00000) (1024K)]
  0x0000022dd969b020 WorkerThread "GC Thread#1"                     [id=7080, stack(0x0000006210c00000,0x0000006210d00000) (1024K)]
  0x0000022dd969b3c0 WorkerThread "GC Thread#2"                     [id=10592, stack(0x0000006210d00000,0x0000006210e00000) (1024K)]
  0x0000022dd96707f0 WorkerThread "GC Thread#3"                     [id=25960, stack(0x0000006210e00000,0x0000006210f00000) (1024K)]
  0x0000022dd9670b90 WorkerThread "GC Thread#4"                     [id=12624, stack(0x0000006210f00000,0x0000006211000000) (1024K)]
  0x0000022dd9670f30 WorkerThread "GC Thread#5"                     [id=14540, stack(0x0000006211000000,0x0000006211100000) (1024K)]
  0x0000022ddb63e820 WorkerThread "GC Thread#6"                     [id=2404, stack(0x0000006211800000,0x0000006211900000) (1024K)]
  0x0000022ddb63dd40 WorkerThread "GC Thread#7"                     [id=11140, stack(0x0000006211900000,0x0000006211a00000) (1024K)]
  0x0000022dbd5f6270 ConcurrentGCThread "G1 Main Marker"            [id=13304, stack(0x000000620fb00000,0x000000620fc00000) (1024K)]
  0x0000022dbd5f6d70 WorkerThread "G1 Conc#0"                       [id=22812, stack(0x000000620fc00000,0x000000620fd00000) (1024K)]
  0x0000022ddb63ef60 WorkerThread "G1 Conc#1"                       [id=24228, stack(0x0000006211a00000,0x0000006211b00000) (1024K)]
  0x0000022dbd65e9c0 ConcurrentGCThread "G1 Refine#0"               [id=10376, stack(0x000000620fd00000,0x000000620fe00000) (1024K)]
  0x0000022dd4b8fcc0 ConcurrentGCThread "G1 Service"                [id=21668, stack(0x000000620fe00000,0x000000620ff00000) (1024K)]
Total: 15

Threads with active compile tasks:
C2 CompilerThread0  26664 15001   !   4       com.android.tools.r8.graph.i9::a (593 bytes)
C1 CompilerThread0  26664 15018       3       com.android.tools.r8.graph.g3::z0 (8 bytes)
C2 CompilerThread1  26665 15005       4       com.android.tools.r8.graph.i9::<init> (85 bytes)
C2 CompilerThread2  26665 14953       4       com.android.tools.r8.internal.ju::a (4509 bytes)
Total: 4

VM state: at safepoint (normal execution)

VM Mutex/Monitor currently owned by a thread:  ([mutex/lock_event])
[0x00007ff921818690] Threads_lock - owner thread: 0x0000022dd9032230
[0x00007ff921818790] Heap_lock - owner thread: 0x0000022dbd5f6270

Heap address: 0x0000000080000000, size: 2048 MB, Compressed Oops mode: 32-bit

CDS archive(s) not mapped
Compressed class space mapped at: 0x0000000100000000-0x0000000140000000, reserved size: 1073741824
Narrow klass base: 0x0000000000000000, Narrow klass shift: 3, Narrow klass range: 0x140000000

GC Precious Log:
 CardTable entry size: 512
 Card Set container configuration: InlinePtr #cards 5 size 8 Array Of Cards #cards 12 size 40 Howl #buckets 4 coarsen threshold 1843 Howl Bitmap #cards 512 size 80 coarsen threshold 460 Card regions per heap region 1 cards per card region 2048
 CPUs: 8 total, 8 available
 Memory: 16198M
 Large Page Support: Disabled
 NUMA Support: Disabled
 Compressed Oops: Enabled (32-bit)
 Heap Region Size: 1M
 Heap Min Capacity: 8M
 Heap Initial Capacity: 254M
 Heap Max Capacity: 2G
 Pre-touch: Disabled
 Parallel Workers: 8
 Concurrent Workers: 2
 Concurrent Refinement Workers: 8
 Periodic GC: Disabled

Heap:
 garbage-first heap   total 293888K, used 241664K [0x0000000080000000, 0x0000000100000000)
  region size 1024K, 54 young (55296K), 9 survivors (9216K)
 Metaspace       used 123533K, committed 126016K, reserved 1179648K
  class space    used 17642K, committed 18816K, reserved 1048576K

Heap Regions: E=young(eden), S=young(survivor), O=old, HS=humongous(starts), HC=humongous(continues), CS=collection set, F=free, TAMS=top-at-mark-start, PB=parsable bottom
|   0|0x0000000080000000, 0x0000000080100000, 0x0000000080100000|100%|HS|  |TAMS 0x0000000080100000| PB 0x0000000080000000| Complete 
|   1|0x0000000080100000, 0x0000000080200000, 0x0000000080200000|100%|HC|  |TAMS 0x0000000080200000| PB 0x0000000080100000| Complete 
|   2|0x0000000080200000, 0x0000000080300000, 0x0000000080300000|100%|HC|  |TAMS 0x0000000080300000| PB 0x0000000080200000| Complete 
|   3|0x0000000080300000, 0x0000000080400000, 0x0000000080400000|100%|HC|  |TAMS 0x0000000080400000| PB 0x0000000080300000| Complete 
|   4|0x0000000080400000, 0x0000000080500000, 0x0000000080500000|100%| O|  |TAMS 0x0000000080500000| PB 0x0000000080500000| Untracked 
|   5|0x0000000080500000, 0x0000000080600000, 0x0000000080600000|100%| O|  |TAMS 0x0000000080600000| PB 0x0000000080600000| Untracked 
|   6|0x0000000080600000, 0x0000000080700000, 0x0000000080700000|100%|HS|  |TAMS 0x0000000080700000| PB 0x0000000080600000| Complete 
|   7|0x0000000080700000, 0x0000000080800000, 0x0000000080800000|100%| O|  |TAMS 0x0000000080800000| PB 0x0000000080800000| Untracked 
|   8|0x0000000080800000, 0x0000000080900000, 0x0000000080900000|100%| O|  |TAMS 0x0000000080900000| PB 0x0000000080900000| Untracked 
|   9|0x0000000080900000, 0x0000000080a00000, 0x0000000080a00000|100%| O|  |TAMS 0x0000000080a00000| PB 0x0000000080a00000| Untracked 
|  10|0x0000000080a00000, 0x0000000080b00000, 0x0000000080b00000|100%| O|  |TAMS 0x0000000080b00000| PB 0x0000000080b00000| Untracked 
|  11|0x0000000080b00000, 0x0000000080c00000, 0x0000000080c00000|100%| O|  |TAMS 0x0000000080c00000| PB 0x0000000080c00000| Updating 
|  12|0x0000000080c00000, 0x0000000080d00000, 0x0000000080d00000|100%| O|  |TAMS 0x0000000080d00000| PB 0x0000000080d00000| Untracked 
|  13|0x0000000080d00000, 0x0000000080e00000, 0x0000000080e00000|100%| O|  |TAMS 0x0000000080e00000| PB 0x0000000080e00000| Updating 
|  14|0x0000000080e00000, 0x0000000080f00000, 0x0000000080f00000|100%| O|  |TAMS 0x0000000080f00000| PB 0x0000000080f00000| Untracked 
|  15|0x0000000080f00000, 0x0000000081000000, 0x0000000081000000|100%| O|  |TAMS 0x0000000081000000| PB 0x0000000081000000| Untracked 
|  16|0x0000000081000000, 0x0000000081100000, 0x0000000081100000|100%| O|  |TAMS 0x0000000081100000| PB 0x0000000081100000| Untracked 
|  17|0x0000000081100000, 0x0000000081200000, 0x0000000081200000|100%| O|  |TAMS 0x0000000081200000| PB 0x0000000081200000| Untracked 
|  18|0x0000000081200000, 0x0000000081300000, 0x0000000081300000|100%| O|  |TAMS 0x0000000081300000| PB 0x0000000081300000| Untracked 
|  19|0x0000000081300000, 0x0000000081400000, 0x0000000081400000|100%| O|  |TAMS 0x0000000081400000| PB 0x0000000081400000| Untracked 
|  20|0x0000000081400000, 0x0000000081500000, 0x0000000081500000|100%| O|  |TAMS 0x0000000081400000| PB 0x0000000081400000| Untracked 
|  21|0x0000000081500000, 0x0000000081600000, 0x0000000081600000|100%| O|  |TAMS 0x0000000081600000| PB 0x0000000081600000| Updating 
|  22|0x0000000081600000, 0x0000000081700000, 0x0000000081700000|100%| O|  |TAMS 0x0000000081700000| PB 0x0000000081700000| Untracked 
|  23|0x0000000081700000, 0x0000000081800000, 0x0000000081800000|100%| O|  |TAMS 0x0000000081800000| PB 0x0000000081800000| Untracked 
|  24|0x0000000081800000, 0x0000000081900000, 0x0000000081900000|100%| O|  |TAMS 0x0000000081900000| PB 0x0000000081900000| Updating 
|  25|0x0000000081900000, 0x0000000081a00000, 0x0000000081a00000|100%| O|  |TAMS 0x0000000081a00000| PB 0x0000000081a00000| Untracked 
|  26|0x0000000081a00000, 0x0000000081b00000, 0x0000000081b00000|100%| O|  |TAMS 0x0000000081b00000| PB 0x0000000081b00000| Updating 
|  27|0x0000000081b00000, 0x0000000081c00000, 0x0000000081c00000|100%| O|  |TAMS 0x0000000081c00000| PB 0x0000000081c00000| Updating 
|  28|0x0000000081c00000, 0x0000000081d00000, 0x0000000081d00000|100%| O|  |TAMS 0x0000000081d00000| PB 0x0000000081d00000| Untracked 
|  29|0x0000000081d00000, 0x0000000081e00000, 0x0000000081e00000|100%| O|  |TAMS 0x0000000081e00000| PB 0x0000000081e00000| Untracked 
|  30|0x0000000081e00000, 0x0000000081f00000, 0x0000000081f00000|100%| O|  |TAMS 0x0000000081f00000| PB 0x0000000081f00000| Untracked 
|  31|0x0000000081f00000, 0x0000000082000000, 0x0000000082000000|100%| O|  |TAMS 0x0000000082000000| PB 0x0000000082000000| Untracked 
|  32|0x0000000082000000, 0x0000000082100000, 0x0000000082100000|100%| O|  |TAMS 0x0000000082100000| PB 0x0000000082100000| Untracked 
|  33|0x0000000082100000, 0x0000000082200000, 0x0000000082200000|100%| O|  |TAMS 0x0000000082200000| PB 0x0000000082200000| Untracked 
|  34|0x0000000082200000, 0x0000000082300000, 0x0000000082300000|100%| O|  |TAMS 0x0000000082300000| PB 0x0000000082300000| Updating 
|  35|0x0000000082300000, 0x0000000082400000, 0x0000000082400000|100%|HS|  |TAMS 0x0000000082400000| PB 0x0000000082300000| Complete 
|  36|0x0000000082400000, 0x0000000082500000, 0x0000000082500000|100%|HC|  |TAMS 0x0000000082500000| PB 0x0000000082400000| Complete 
|  37|0x0000000082500000, 0x0000000082600000, 0x0000000082600000|100%| O|  |TAMS 0x0000000082600000| PB 0x0000000082600000| Updating 
|  38|0x0000000082600000, 0x0000000082700000, 0x0000000082700000|100%| O|  |TAMS 0x0000000082700000| PB 0x0000000082700000| Updating 
|  39|0x0000000082700000, 0x0000000082800000, 0x0000000082800000|100%| O|  |TAMS 0x0000000082800000| PB 0x0000000082800000| Untracked 
|  40|0x0000000082800000, 0x0000000082900000, 0x0000000082900000|100%| O|  |TAMS 0x0000000082900000| PB 0x0000000082900000| Updating 
|  41|0x0000000082900000, 0x0000000082a00000, 0x0000000082a00000|100%| O|  |TAMS 0x0000000082a00000| PB 0x0000000082a00000| Untracked 
|  42|0x0000000082a00000, 0x0000000082b00000, 0x0000000082b00000|100%| O|  |TAMS 0x0000000082b00000| PB 0x0000000082b00000| Untracked 
|  43|0x0000000082b00000, 0x0000000082c00000, 0x0000000082c00000|100%|HS|  |TAMS 0x0000000082c00000| PB 0x0000000082b00000| Complete 
|  44|0x0000000082c00000, 0x0000000082d00000, 0x0000000082d00000|100%| O|  |TAMS 0x0000000082d00000| PB 0x0000000082d00000| Untracked 
|  45|0x0000000082d00000, 0x0000000082e00000, 0x0000000082e00000|100%| O|  |TAMS 0x0000000082e00000| PB 0x0000000082e00000| Updating 
|  46|0x0000000082e00000, 0x0000000082f00000, 0x0000000082f00000|100%| O|  |TAMS 0x0000000082f00000| PB 0x0000000082f00000| Updating 
|  47|0x0000000082f00000, 0x0000000083000000, 0x0000000083000000|100%|HS|  |TAMS 0x0000000083000000| PB 0x0000000082f00000| Complete 
|  48|0x0000000083000000, 0x0000000083100000, 0x0000000083100000|100%| O|  |TAMS 0x0000000083100000| PB 0x0000000083100000| Updating 
|  49|0x0000000083100000, 0x0000000083200000, 0x0000000083200000|100%| O|  |TAMS 0x0000000083200000| PB 0x0000000083200000| Untracked 
|  50|0x0000000083200000, 0x0000000083300000, 0x0000000083300000|100%| O|  |TAMS 0x0000000083300000| PB 0x0000000083300000| Updating 
|  51|0x0000000083300000, 0x0000000083400000, 0x0000000083400000|100%| O|  |TAMS 0x0000000083400000| PB 0x0000000083400000| Updating 
|  52|0x0000000083400000, 0x0000000083500000, 0x0000000083500000|100%| O|  |TAMS 0x0000000083500000| PB 0x0000000083500000| Untracked 
|  53|0x0000000083500000, 0x0000000083600000, 0x0000000083600000|100%| O|  |TAMS 0x0000000083600000| PB 0x0000000083600000| Untracked 
|  54|0x0000000083600000, 0x0000000083700000, 0x0000000083700000|100%| O|  |TAMS 0x0000000083700000| PB 0x0000000083700000| Untracked 
|  55|0x0000000083700000, 0x0000000083800000, 0x0000000083800000|100%|HS|  |TAMS 0x0000000083800000| PB 0x0000000083700000| Complete 
|  56|0x0000000083800000, 0x0000000083900000, 0x0000000083900000|100%|HC|  |TAMS 0x0000000083900000| PB 0x0000000083800000| Complete 
|  57|0x0000000083900000, 0x0000000083a00000, 0x0000000083a00000|100%|HS|  |TAMS 0x0000000083a00000| PB 0x0000000083900000| Complete 
|  58|0x0000000083a00000, 0x0000000083b00000, 0x0000000083b00000|100%|HS|  |TAMS 0x0000000083b00000| PB 0x0000000083a00000| Complete 
|  59|0x0000000083b00000, 0x0000000083c00000, 0x0000000083c00000|100%| O|  |TAMS 0x0000000083c00000| PB 0x0000000083c00000| Updating 
|  60|0x0000000083c00000, 0x0000000083d00000, 0x0000000083d00000|100%|HS|  |TAMS 0x0000000083d00000| PB 0x0000000083c00000| Complete 
|  61|0x0000000083d00000, 0x0000000083e00000, 0x0000000083e00000|100%|HS|  |TAMS 0x0000000083e00000| PB 0x0000000083d00000| Complete 
|  62|0x0000000083e00000, 0x0000000083f00000, 0x0000000083f00000|100%| O|  |TAMS 0x0000000083f00000| PB 0x0000000083f00000| Untracked 
|  63|0x0000000083f00000, 0x0000000084000000, 0x0000000084000000|100%|HS|  |TAMS 0x0000000084000000| PB 0x0000000083f00000| Complete 
|  64|0x0000000084000000, 0x0000000084100000, 0x0000000084100000|100%| O|  |TAMS 0x0000000084100000| PB 0x0000000084100000| Untracked 
|  65|0x0000000084100000, 0x0000000084200000, 0x0000000084200000|100%| O|  |TAMS 0x0000000084200000| PB 0x0000000084200000| Untracked 
|  66|0x0000000084200000, 0x0000000084300000, 0x0000000084300000|100%| O|  |TAMS 0x0000000084300000| PB 0x0000000084300000| Untracked 
|  67|0x0000000084300000, 0x0000000084400000, 0x0000000084400000|100%|HS|  |TAMS 0x0000000084400000| PB 0x0000000084300000| Complete 
|  68|0x0000000084400000, 0x0000000084500000, 0x0000000084500000|100%|HC|  |TAMS 0x0000000084500000| PB 0x0000000084400000| Complete 
|  69|0x0000000084500000, 0x0000000084600000, 0x0000000084600000|100%| O|  |TAMS 0x0000000084600000| PB 0x0000000084600000| Untracked 
|  70|0x0000000084600000, 0x0000000084700000, 0x0000000084700000|100%| O|  |TAMS 0x0000000084700000| PB 0x0000000084700000| Untracked 
|  71|0x0000000084700000, 0x0000000084800000, 0x0000000084800000|100%| O|  |TAMS 0x0000000084800000| PB 0x0000000084800000| Untracked 
|  72|0x0000000084800000, 0x0000000084900000, 0x0000000084900000|100%| O|  |TAMS 0x0000000084900000| PB 0x0000000084900000| Untracked 
|  73|0x0000000084900000, 0x0000000084a00000, 0x0000000084a00000|100%| O|  |TAMS 0x0000000084a00000| PB 0x0000000084a00000| Untracked 
|  74|0x0000000084a00000, 0x0000000084b00000, 0x0000000084b00000|100%| O|  |TAMS 0x0000000084b00000| PB 0x0000000084b00000| Untracked 
|  75|0x0000000084b00000, 0x0000000084c00000, 0x0000000084c00000|100%| O|  |TAMS 0x0000000084c00000| PB 0x0000000084c00000| Untracked 
|  76|0x0000000084c00000, 0x0000000084d00000, 0x0000000084d00000|100%| O|  |TAMS 0x0000000084d00000| PB 0x0000000084d00000| Untracked 
|  77|0x0000000084d00000, 0x0000000084e00000, 0x0000000084e00000|100%| O|  |TAMS 0x0000000084e00000| PB 0x0000000084e00000| Untracked 
|  78|0x0000000084e00000, 0x0000000084f00000, 0x0000000084f00000|100%| O|  |TAMS 0x0000000084f00000| PB 0x0000000084f00000| Untracked 
|  79|0x0000000084f00000, 0x0000000085000000, 0x0000000085000000|100%| O|  |TAMS 0x0000000085000000| PB 0x0000000085000000| Untracked 
|  80|0x0000000085000000, 0x0000000085100000, 0x0000000085100000|100%| O|  |TAMS 0x0000000085100000| PB 0x0000000085100000| Untracked 
|  81|0x0000000085100000, 0x0000000085200000, 0x0000000085200000|100%| O|  |TAMS 0x0000000085200000| PB 0x0000000085200000| Untracked 
|  82|0x0000000085200000, 0x0000000085300000, 0x0000000085300000|100%| O|  |TAMS 0x0000000085200000| PB 0x0000000085200000| Untracked 
|  83|0x0000000085300000, 0x0000000085400000, 0x0000000085400000|100%| O|  |TAMS 0x0000000085400000| PB 0x0000000085400000| Untracked 
|  84|0x0000000085400000, 0x0000000085500000, 0x0000000085500000|100%| O|  |TAMS 0x0000000085500000| PB 0x0000000085500000| Updating 
|  85|0x0000000085500000, 0x0000000085600000, 0x0000000085600000|100%| O|  |TAMS 0x0000000085600000| PB 0x0000000085600000| Untracked 
|  86|0x0000000085600000, 0x0000000085700000, 0x0000000085700000|100%| O|  |TAMS 0x0000000085700000| PB 0x0000000085700000| Untracked 
|  87|0x0000000085700000, 0x0000000085800000, 0x0000000085800000|100%| O|  |TAMS 0x0000000085800000| PB 0x0000000085800000| Untracked 
|  88|0x0000000085800000, 0x0000000085900000, 0x0000000085900000|100%| O|  |TAMS 0x0000000085900000| PB 0x0000000085900000| Updating 
|  89|0x0000000085900000, 0x0000000085a00000, 0x0000000085a00000|100%| O|  |TAMS 0x0000000085a00000| PB 0x0000000085a00000| Untracked 
|  90|0x0000000085a00000, 0x0000000085b00000, 0x0000000085b00000|100%| O|  |TAMS 0x0000000085b00000| PB 0x0000000085b00000| Untracked 
|  91|0x0000000085b00000, 0x0000000085c00000, 0x0000000085c00000|100%| O|  |TAMS 0x0000000085c00000| PB 0x0000000085c00000| Untracked 
|  92|0x0000000085c00000, 0x0000000085d00000, 0x0000000085d00000|100%| O|  |TAMS 0x0000000085d00000| PB 0x0000000085d00000| Untracked 
|  93|0x0000000085d00000, 0x0000000085e00000, 0x0000000085e00000|100%| O|  |TAMS 0x0000000085e00000| PB 0x0000000085e00000| Untracked 
|  94|0x0000000085e00000, 0x0000000085f00000, 0x0000000085f00000|100%| O|  |TAMS 0x0000000085f00000| PB 0x0000000085f00000| Untracked 
|  95|0x0000000085f00000, 0x0000000086000000, 0x0000000086000000|100%| O|  |TAMS 0x0000000086000000| PB 0x0000000086000000| Untracked 
|  96|0x0000000086000000, 0x0000000086100000, 0x0000000086100000|100%| O|  |TAMS 0x0000000086100000| PB 0x0000000086100000| Untracked 
|  97|0x0000000086100000, 0x0000000086200000, 0x0000000086200000|100%| O|  |TAMS 0x0000000086200000| PB 0x0000000086200000| Untracked 
|  98|0x0000000086200000, 0x0000000086300000, 0x0000000086300000|100%| O|  |TAMS 0x0000000086300000| PB 0x0000000086300000| Untracked 
|  99|0x0000000086300000, 0x0000000086400000, 0x0000000086400000|100%| O|  |TAMS 0x0000000086400000| PB 0x0000000086400000| Untracked 
| 100|0x0000000086400000, 0x0000000086500000, 0x0000000086500000|100%| O|  |TAMS 0x0000000086500000| PB 0x0000000086500000| Untracked 
| 101|0x0000000086500000, 0x0000000086600000, 0x0000000086600000|100%| O|  |TAMS 0x0000000086600000| PB 0x0000000086600000| Untracked 
| 102|0x0000000086600000, 0x0000000086700000, 0x0000000086700000|100%| O|  |TAMS 0x0000000086700000| PB 0x0000000086700000| Untracked 
| 103|0x0000000086700000, 0x0000000086800000, 0x0000000086800000|100%| O|  |TAMS 0x0000000086800000| PB 0x0000000086800000| Untracked 
| 104|0x0000000086800000, 0x0000000086900000, 0x0000000086900000|100%| O|  |TAMS 0x0000000086900000| PB 0x0000000086900000| Untracked 
| 105|0x0000000086900000, 0x0000000086a00000, 0x0000000086a00000|100%| O|  |TAMS 0x0000000086a00000| PB 0x0000000086a00000| Untracked 
| 106|0x0000000086a00000, 0x0000000086b00000, 0x0000000086b00000|100%| O|  |TAMS 0x0000000086a00000| PB 0x0000000086a00000| Untracked 
| 107|0x0000000086b00000, 0x0000000086c00000, 0x0000000086c00000|100%| O|  |TAMS 0x0000000086c00000| PB 0x0000000086c00000| Updating 
| 108|0x0000000086c00000, 0x0000000086d00000, 0x0000000086d00000|100%| O|  |TAMS 0x0000000086d00000| PB 0x0000000086d00000| Untracked 
| 109|0x0000000086d00000, 0x0000000086e00000, 0x0000000086e00000|100%| O|  |TAMS 0x0000000086e00000| PB 0x0000000086e00000| Untracked 
| 110|0x0000000086e00000, 0x0000000086f00000, 0x0000000086f00000|100%| O|  |TAMS 0x0000000086f00000| PB 0x0000000086f00000| Updating 
| 111|0x0000000086f00000, 0x0000000087000000, 0x0000000087000000|100%| O|  |TAMS 0x0000000087000000| PB 0x0000000087000000| Untracked 
| 112|0x0000000087000000, 0x0000000087100000, 0x0000000087100000|100%| O|  |TAMS 0x0000000087100000| PB 0x0000000087100000| Untracked 
| 113|0x0000000087100000, 0x0000000087200000, 0x0000000087200000|100%| O|  |TAMS 0x0000000087200000| PB 0x0000000087200000| Untracked 
| 114|0x0000000087200000, 0x0000000087300000, 0x0000000087300000|100%| O|  |TAMS 0x0000000087300000| PB 0x0000000087300000| Updating 
| 115|0x0000000087300000, 0x0000000087400000, 0x0000000087400000|100%| O|  |TAMS 0x0000000087400000| PB 0x0000000087400000| Untracked 
| 116|0x0000000087400000, 0x0000000087500000, 0x0000000087500000|100%| O|  |TAMS 0x0000000087500000| PB 0x0000000087500000| Untracked 
| 117|0x0000000087500000, 0x0000000087600000, 0x0000000087600000|100%| O|  |TAMS 0x0000000087600000| PB 0x0000000087600000| Untracked 
| 118|0x0000000087600000, 0x0000000087700000, 0x0000000087700000|100%| O|  |TAMS 0x0000000087700000| PB 0x0000000087700000| Untracked 
| 119|0x0000000087700000, 0x0000000087800000, 0x0000000087800000|100%| O|  |TAMS 0x0000000087800000| PB 0x0000000087800000| Untracked 
| 120|0x0000000087800000, 0x0000000087900000, 0x0000000087900000|100%| O|  |TAMS 0x0000000087900000| PB 0x0000000087900000| Untracked 
| 121|0x0000000087900000, 0x0000000087a00000, 0x0000000087a00000|100%| O|  |TAMS 0x0000000087a00000| PB 0x0000000087a00000| Untracked 
| 122|0x0000000087a00000, 0x0000000087b00000, 0x0000000087b00000|100%| O|  |TAMS 0x0000000087b00000| PB 0x0000000087b00000| Untracked 
| 123|0x0000000087b00000, 0x0000000087c00000, 0x0000000087c00000|100%| O|  |TAMS 0x0000000087c00000| PB 0x0000000087c00000| Untracked 
| 124|0x0000000087c00000, 0x0000000087d00000, 0x0000000087d00000|100%| O|  |TAMS 0x0000000087d00000| PB 0x0000000087d00000| Untracked 
| 125|0x0000000087d00000, 0x0000000087e00000, 0x0000000087e00000|100%| O|  |TAMS 0x0000000087e00000| PB 0x0000000087e00000| Untracked 
| 126|0x0000000087e00000, 0x0000000087f00000, 0x0000000087f00000|100%| O|  |TAMS 0x0000000087f00000| PB 0x0000000087f00000| Untracked 
| 127|0x0000000087f00000, 0x0000000088000000, 0x0000000088000000|100%| O|  |TAMS 0x0000000088000000| PB 0x0000000088000000| Untracked 
| 128|0x0000000088000000, 0x0000000088100000, 0x0000000088100000|100%| O|  |TAMS 0x0000000088100000| PB 0x0000000088100000| Untracked 
| 129|0x0000000088100000, 0x0000000088200000, 0x0000000088200000|100%| O|  |TAMS 0x0000000088200000| PB 0x0000000088200000| Untracked 
| 130|0x0000000088200000, 0x0000000088300000, 0x0000000088300000|100%| O|  |TAMS 0x0000000088300000| PB 0x0000000088300000| Untracked 
| 131|0x0000000088300000, 0x0000000088400000, 0x0000000088400000|100%| O|  |TAMS 0x0000000088400000| PB 0x0000000088400000| Untracked 
| 132|0x0000000088400000, 0x0000000088500000, 0x0000000088500000|100%| O|  |TAMS 0x0000000088500000| PB 0x0000000088500000| Untracked 
| 133|0x0000000088500000, 0x0000000088600000, 0x0000000088600000|100%| O|  |TAMS 0x0000000088600000| PB 0x0000000088600000| Untracked 
| 134|0x0000000088600000, 0x0000000088700000, 0x0000000088700000|100%| O|  |TAMS 0x0000000088700000| PB 0x0000000088700000| Untracked 
| 135|0x0000000088700000, 0x0000000088800000, 0x0000000088800000|100%| O|  |TAMS 0x0000000088800000| PB 0x0000000088800000| Untracked 
| 136|0x0000000088800000, 0x0000000088900000, 0x0000000088900000|100%| O|  |TAMS 0x0000000088900000| PB 0x0000000088900000| Untracked 
| 137|0x0000000088900000, 0x0000000088a00000, 0x0000000088a00000|100%| O|  |TAMS 0x0000000088a00000| PB 0x0000000088a00000| Untracked 
| 138|0x0000000088a00000, 0x0000000088b00000, 0x0000000088b00000|100%| O|  |TAMS 0x0000000088b00000| PB 0x0000000088b00000| Untracked 
| 139|0x0000000088b00000, 0x0000000088c00000, 0x0000000088c00000|100%| O|  |TAMS 0x0000000088c00000| PB 0x0000000088c00000| Untracked 
| 140|0x0000000088c00000, 0x0000000088d00000, 0x0000000088d00000|100%| O|  |TAMS 0x0000000088d00000| PB 0x0000000088d00000| Untracked 
| 141|0x0000000088d00000, 0x0000000088e00000, 0x0000000088e00000|100%| O|  |TAMS 0x0000000088e00000| PB 0x0000000088e00000| Untracked 
| 142|0x0000000088e00000, 0x0000000088f00000, 0x0000000088f00000|100%| O|  |TAMS 0x0000000088f00000| PB 0x0000000088f00000| Untracked 
| 143|0x0000000088f00000, 0x0000000089000000, 0x0000000089000000|100%| O|  |TAMS 0x0000000089000000| PB 0x0000000089000000| Untracked 
| 144|0x0000000089000000, 0x0000000089100000, 0x0000000089100000|100%| O|  |TAMS 0x0000000089100000| PB 0x0000000089100000| Untracked 
| 145|0x0000000089100000, 0x0000000089200000, 0x0000000089200000|100%| O|  |TAMS 0x0000000089200000| PB 0x0000000089200000| Untracked 
| 146|0x0000000089200000, 0x0000000089300000, 0x0000000089300000|100%| O|  |TAMS 0x0000000089300000| PB 0x0000000089300000| Updating 
| 147|0x0000000089300000, 0x0000000089400000, 0x0000000089400000|100%| O|  |TAMS 0x0000000089400000| PB 0x0000000089400000| Untracked 
| 148|0x0000000089400000, 0x0000000089500000, 0x0000000089500000|100%| O|  |TAMS 0x0000000089500000| PB 0x0000000089500000| Untracked 
| 149|0x0000000089500000, 0x0000000089600000, 0x0000000089600000|100%| O|  |TAMS 0x0000000089600000| PB 0x0000000089600000| Untracked 
| 150|0x0000000089600000, 0x0000000089700000, 0x0000000089700000|100%| O|  |TAMS 0x0000000089700000| PB 0x0000000089700000| Updating 
| 151|0x0000000089700000, 0x0000000089700000, 0x0000000089800000|  0%| F|  |TAMS 0x0000000089700000| PB 0x0000000089700000| Untracked 
| 152|0x0000000089800000, 0x0000000089800000, 0x0000000089900000|  0%| F|  |TAMS 0x0000000089800000| PB 0x0000000089800000| Untracked 
| 153|0x0000000089900000, 0x0000000089900000, 0x0000000089a00000|  0%| F|  |TAMS 0x0000000089900000| PB 0x0000000089900000| Untracked 
| 154|0x0000000089a00000, 0x0000000089a00000, 0x0000000089b00000|  0%| F|  |TAMS 0x0000000089a00000| PB 0x0000000089a00000| Untracked 
| 155|0x0000000089b00000, 0x0000000089c00000, 0x0000000089c00000|100%| O|  |TAMS 0x0000000089b00000| PB 0x0000000089b00000| Untracked 
| 156|0x0000000089c00000, 0x0000000089d00000, 0x0000000089d00000|100%| O|  |TAMS 0x0000000089c00000| PB 0x0000000089c00000| Untracked 
| 157|0x0000000089d00000, 0x0000000089e00000, 0x0000000089e00000|100%| O|  |TAMS 0x0000000089d00000| PB 0x0000000089d00000| Untracked 
| 158|0x0000000089e00000, 0x0000000089f00000, 0x0000000089f00000|100%| O|  |TAMS 0x0000000089e00000| PB 0x0000000089e00000| Untracked 
| 159|0x0000000089f00000, 0x000000008a000000, 0x000000008a000000|100%| O|  |TAMS 0x0000000089f00000| PB 0x0000000089f00000| Untracked 
| 160|0x000000008a000000, 0x000000008a100000, 0x000000008a100000|100%| O|  |TAMS 0x000000008a000000| PB 0x000000008a000000| Untracked 
| 161|0x000000008a100000, 0x000000008a200000, 0x000000008a200000|100%| O|  |TAMS 0x000000008a100000| PB 0x000000008a100000| Untracked 
| 162|0x000000008a200000, 0x000000008a300000, 0x000000008a300000|100%| O|  |TAMS 0x000000008a200000| PB 0x000000008a200000| Untracked 
| 163|0x000000008a300000, 0x000000008a400000, 0x000000008a400000|100%| O|  |TAMS 0x000000008a300000| PB 0x000000008a300000| Untracked 
| 164|0x000000008a400000, 0x000000008a400000, 0x000000008a500000|  0%| F|  |TAMS 0x000000008a400000| PB 0x000000008a400000| Untracked 
| 165|0x000000008a500000, 0x000000008a500000, 0x000000008a600000|  0%| F|  |TAMS 0x000000008a500000| PB 0x000000008a500000| Untracked 
| 166|0x000000008a600000, 0x000000008a600000, 0x000000008a700000|  0%| F|  |TAMS 0x000000008a600000| PB 0x000000008a600000| Untracked 
| 167|0x000000008a700000, 0x000000008a700000, 0x000000008a800000|  0%| F|  |TAMS 0x000000008a700000| PB 0x000000008a700000| Untracked 
| 168|0x000000008a800000, 0x000000008a800000, 0x000000008a900000|  0%| F|  |TAMS 0x000000008a800000| PB 0x000000008a800000| Untracked 
| 169|0x000000008a900000, 0x000000008a900000, 0x000000008aa00000|  0%| F|  |TAMS 0x000000008a900000| PB 0x000000008a900000| Untracked 
| 170|0x000000008aa00000, 0x000000008aa00000, 0x000000008ab00000|  0%| F|  |TAMS 0x000000008aa00000| PB 0x000000008aa00000| Untracked 
| 171|0x000000008ab00000, 0x000000008ab00000, 0x000000008ac00000|  0%| F|  |TAMS 0x000000008ab00000| PB 0x000000008ab00000| Untracked 
| 172|0x000000008ac00000, 0x000000008ac00000, 0x000000008ad00000|  0%| F|  |TAMS 0x000000008ac00000| PB 0x000000008ac00000| Untracked 
| 173|0x000000008ad00000, 0x000000008ad00000, 0x000000008ae00000|  0%| F|  |TAMS 0x000000008ad00000| PB 0x000000008ad00000| Untracked 
| 174|0x000000008ae00000, 0x000000008ae00000, 0x000000008af00000|  0%| F|  |TAMS 0x000000008ae00000| PB 0x000000008ae00000| Untracked 
| 175|0x000000008af00000, 0x000000008b000000, 0x000000008b000000|100%| S|CS|TAMS 0x000000008af00000| PB 0x000000008af00000| Complete 
| 176|0x000000008b000000, 0x000000008b100000, 0x000000008b100000|100%| S|CS|TAMS 0x000000008b000000| PB 0x000000008b000000| Complete 
| 177|0x000000008b100000, 0x000000008b200000, 0x000000008b200000|100%| S|CS|TAMS 0x000000008b100000| PB 0x000000008b100000| Complete 
| 178|0x000000008b200000, 0x000000008b300000, 0x000000008b300000|100%| S|CS|TAMS 0x000000008b200000| PB 0x000000008b200000| Complete 
| 179|0x000000008b300000, 0x000000008b400000, 0x000000008b400000|100%| S|CS|TAMS 0x000000008b300000| PB 0x000000008b300000| Complete 
| 180|0x000000008b400000, 0x000000008b500000, 0x000000008b500000|100%| S|CS|TAMS 0x000000008b400000| PB 0x000000008b400000| Complete 
| 181|0x000000008b500000, 0x000000008b600000, 0x000000008b600000|100%| S|CS|TAMS 0x000000008b500000| PB 0x000000008b500000| Complete 
| 182|0x000000008b600000, 0x000000008b700000, 0x000000008b700000|100%| S|CS|TAMS 0x000000008b600000| PB 0x000000008b600000| Complete 
| 183|0x000000008b700000, 0x000000008b800000, 0x000000008b800000|100%| S|CS|TAMS 0x000000008b700000| PB 0x000000008b700000| Complete 
| 184|0x000000008b800000, 0x000000008b800000, 0x000000008b900000|  0%| F|  |TAMS 0x000000008b800000| PB 0x000000008b800000| Untracked 
| 185|0x000000008b900000, 0x000000008b900000, 0x000000008ba00000|  0%| F|  |TAMS 0x000000008b900000| PB 0x000000008b900000| Untracked 
| 186|0x000000008ba00000, 0x000000008ba00000, 0x000000008bb00000|  0%| F|  |TAMS 0x000000008ba00000| PB 0x000000008ba00000| Untracked 
| 187|0x000000008bb00000, 0x000000008bb00000, 0x000000008bc00000|  0%| F|  |TAMS 0x000000008bb00000| PB 0x000000008bb00000| Untracked 
| 188|0x000000008bc00000, 0x000000008bc00000, 0x000000008bd00000|  0%| F|  |TAMS 0x000000008bc00000| PB 0x000000008bc00000| Untracked 
| 189|0x000000008bd00000, 0x000000008bd00000, 0x000000008be00000|  0%| F|  |TAMS 0x000000008bd00000| PB 0x000000008bd00000| Untracked 
| 190|0x000000008be00000, 0x000000008be00000, 0x000000008bf00000|  0%| F|  |TAMS 0x000000008be00000| PB 0x000000008be00000| Untracked 
| 191|0x000000008bf00000, 0x000000008bf00000, 0x000000008c000000|  0%| F|  |TAMS 0x000000008bf00000| PB 0x000000008bf00000| Untracked 
| 192|0x000000008c000000, 0x000000008c000000, 0x000000008c100000|  0%| F|  |TAMS 0x000000008c000000| PB 0x000000008c000000| Untracked 
| 193|0x000000008c100000, 0x000000008c100000, 0x000000008c200000|  0%| F|  |TAMS 0x000000008c100000| PB 0x000000008c100000| Untracked 
| 194|0x000000008c200000, 0x000000008c200000, 0x000000008c300000|  0%| F|  |TAMS 0x000000008c200000| PB 0x000000008c200000| Untracked 
| 195|0x000000008c300000, 0x000000008c300000, 0x000000008c400000|  0%| F|  |TAMS 0x000000008c300000| PB 0x000000008c300000| Untracked 
| 196|0x000000008c400000, 0x000000008c485888, 0x000000008c500000| 52%| E|  |TAMS 0x000000008c400000| PB 0x000000008c400000| Complete 
| 197|0x000000008c500000, 0x000000008c600000, 0x000000008c600000|100%| E|CS|TAMS 0x000000008c500000| PB 0x000000008c500000| Complete 
| 198|0x000000008c600000, 0x000000008c700000, 0x000000008c700000|100%| E|CS|TAMS 0x000000008c600000| PB 0x000000008c600000| Complete 
| 199|0x000000008c700000, 0x000000008c800000, 0x000000008c800000|100%| E|CS|TAMS 0x000000008c700000| PB 0x000000008c700000| Complete 
| 200|0x000000008c800000, 0x000000008c900000, 0x000000008c900000|100%| E|CS|TAMS 0x000000008c800000| PB 0x000000008c800000| Complete 
| 201|0x000000008c900000, 0x000000008ca00000, 0x000000008ca00000|100%| E|CS|TAMS 0x000000008c900000| PB 0x000000008c900000| Complete 
| 202|0x000000008ca00000, 0x000000008cb00000, 0x000000008cb00000|100%| E|CS|TAMS 0x000000008ca00000| PB 0x000000008ca00000| Complete 
| 203|0x000000008cb00000, 0x000000008cc00000, 0x000000008cc00000|100%| E|CS|TAMS 0x000000008cb00000| PB 0x000000008cb00000| Complete 
| 204|0x000000008cc00000, 0x000000008cd00000, 0x000000008cd00000|100%| E|CS|TAMS 0x000000008cc00000| PB 0x000000008cc00000| Complete 
| 205|0x000000008cd00000, 0x000000008ce00000, 0x000000008ce00000|100%| E|CS|TAMS 0x000000008cd00000| PB 0x000000008cd00000| Complete 
| 206|0x000000008ce00000, 0x000000008cf00000, 0x000000008cf00000|100%| E|CS|TAMS 0x000000008ce00000| PB 0x000000008ce00000| Complete 
| 207|0x000000008cf00000, 0x000000008d000000, 0x000000008d000000|100%| E|CS|TAMS 0x000000008cf00000| PB 0x000000008cf00000| Complete 
| 208|0x000000008d000000, 0x000000008d100000, 0x000000008d100000|100%| E|CS|TAMS 0x000000008d000000| PB 0x000000008d000000| Complete 
| 209|0x000000008d100000, 0x000000008d200000, 0x000000008d200000|100%| E|CS|TAMS 0x000000008d100000| PB 0x000000008d100000| Complete 
| 210|0x000000008d200000, 0x000000008d300000, 0x000000008d300000|100%| E|CS|TAMS 0x000000008d200000| PB 0x000000008d200000| Complete 
| 211|0x000000008d300000, 0x000000008d400000, 0x000000008d400000|100%| E|CS|TAMS 0x000000008d300000| PB 0x000000008d300000| Complete 
| 212|0x000000008d400000, 0x000000008d500000, 0x000000008d500000|100%| E|CS|TAMS 0x000000008d400000| PB 0x000000008d400000| Complete 
| 213|0x000000008d500000, 0x000000008d600000, 0x000000008d600000|100%| E|CS|TAMS 0x000000008d500000| PB 0x000000008d500000| Complete 
| 214|0x000000008d600000, 0x000000008d700000, 0x000000008d700000|100%| E|CS|TAMS 0x000000008d600000| PB 0x000000008d600000| Complete 
| 215|0x000000008d700000, 0x000000008d800000, 0x000000008d800000|100%| E|CS|TAMS 0x000000008d700000| PB 0x000000008d700000| Complete 
| 216|0x000000008d800000, 0x000000008d900000, 0x000000008d900000|100%| E|CS|TAMS 0x000000008d800000| PB 0x000000008d800000| Complete 
| 217|0x000000008d900000, 0x000000008da00000, 0x000000008da00000|100%| E|CS|TAMS 0x000000008d900000| PB 0x000000008d900000| Complete 
| 218|0x000000008da00000, 0x000000008db00000, 0x000000008db00000|100%| E|CS|TAMS 0x000000008da00000| PB 0x000000008da00000| Complete 
| 219|0x000000008db00000, 0x000000008dc00000, 0x000000008dc00000|100%| E|CS|TAMS 0x000000008db00000| PB 0x000000008db00000| Complete 
| 220|0x000000008dc00000, 0x000000008dd00000, 0x000000008dd00000|100%| E|CS|TAMS 0x000000008dc00000| PB 0x000000008dc00000| Complete 
| 221|0x000000008dd00000, 0x000000008de00000, 0x000000008de00000|100%| E|CS|TAMS 0x000000008dd00000| PB 0x000000008dd00000| Complete 
| 222|0x000000008de00000, 0x000000008df00000, 0x000000008df00000|100%| E|CS|TAMS 0x000000008de00000| PB 0x000000008de00000| Complete 
| 223|0x000000008df00000, 0x000000008e000000, 0x000000008e000000|100%| E|CS|TAMS 0x000000008df00000| PB 0x000000008df00000| Complete 
| 224|0x000000008e000000, 0x000000008e100000, 0x000000008e100000|100%| E|CS|TAMS 0x000000008e000000| PB 0x000000008e000000| Complete 
| 225|0x000000008e100000, 0x000000008e200000, 0x000000008e200000|100%| E|CS|TAMS 0x000000008e100000| PB 0x000000008e100000| Complete 
| 226|0x000000008e200000, 0x000000008e300000, 0x000000008e300000|100%| E|CS|TAMS 0x000000008e200000| PB 0x000000008e200000| Complete 
| 227|0x000000008e300000, 0x000000008e400000, 0x000000008e400000|100%| E|CS|TAMS 0x000000008e300000| PB 0x000000008e300000| Complete 
| 228|0x000000008e400000, 0x000000008e500000, 0x000000008e500000|100%| E|CS|TAMS 0x000000008e400000| PB 0x000000008e400000| Complete 
| 229|0x000000008e500000, 0x000000008e600000, 0x000000008e600000|100%| E|CS|TAMS 0x000000008e500000| PB 0x000000008e500000| Complete 
| 230|0x000000008e600000, 0x000000008e600000, 0x000000008e700000|  0%| F|  |TAMS 0x000000008e600000| PB 0x000000008e600000| Untracked 
| 231|0x000000008e700000, 0x000000008e700000, 0x000000008e800000|  0%| F|  |TAMS 0x000000008e700000| PB 0x000000008e700000| Untracked 
| 232|0x000000008e800000, 0x000000008e800000, 0x000000008e900000|  0%| F|  |TAMS 0x000000008e800000| PB 0x000000008e800000| Untracked 
| 233|0x000000008e900000, 0x000000008e900000, 0x000000008ea00000|  0%| F|  |TAMS 0x000000008e900000| PB 0x000000008e900000| Untracked 
| 234|0x000000008ea00000, 0x000000008ea00000, 0x000000008eb00000|  0%| F|  |TAMS 0x000000008ea00000| PB 0x000000008ea00000| Untracked 
| 235|0x000000008eb00000, 0x000000008eb00000, 0x000000008ec00000|  0%| F|  |TAMS 0x000000008eb00000| PB 0x000000008eb00000| Untracked 
| 236|0x000000008ec00000, 0x000000008ec00000, 0x000000008ed00000|  0%| F|  |TAMS 0x000000008ec00000| PB 0x000000008ec00000| Untracked 
| 237|0x000000008ed00000, 0x000000008ed00000, 0x000000008ee00000|  0%| F|  |TAMS 0x000000008ed00000| PB 0x000000008ed00000| Untracked 
| 238|0x000000008ee00000, 0x000000008ee00000, 0x000000008ef00000|  0%| F|  |TAMS 0x000000008ee00000| PB 0x000000008ee00000| Untracked 
| 239|0x000000008ef00000, 0x000000008ef00000, 0x000000008f000000|  0%| F|  |TAMS 0x000000008ef00000| PB 0x000000008ef00000| Untracked 
| 240|0x000000008f000000, 0x000000008f000000, 0x000000008f100000|  0%| F|  |TAMS 0x000000008f000000| PB 0x000000008f000000| Untracked 
| 241|0x000000008f100000, 0x000000008f100000, 0x000000008f200000|  0%| F|  |TAMS 0x000000008f100000| PB 0x000000008f100000| Untracked 
| 242|0x000000008f200000, 0x000000008f200000, 0x000000008f300000|  0%| F|  |TAMS 0x000000008f200000| PB 0x000000008f200000| Untracked 
| 243|0x000000008f300000, 0x000000008f300000, 0x000000008f400000|  0%| F|  |TAMS 0x000000008f300000| PB 0x000000008f300000| Untracked 
| 244|0x000000008f400000, 0x000000008f400000, 0x000000008f500000|  0%| F|  |TAMS 0x000000008f400000| PB 0x000000008f400000| Untracked 
| 245|0x000000008f500000, 0x000000008f500000, 0x000000008f600000|  0%| F|  |TAMS 0x000000008f500000| PB 0x000000008f500000| Untracked 
| 246|0x000000008f600000, 0x000000008f600000, 0x000000008f700000|  0%| F|  |TAMS 0x000000008f600000| PB 0x000000008f600000| Untracked 
| 247|0x000000008f700000, 0x000000008f700000, 0x000000008f800000|  0%| F|  |TAMS 0x000000008f700000| PB 0x000000008f700000| Untracked 
| 248|0x000000008f800000, 0x000000008f800000, 0x000000008f900000|  0%| F|  |TAMS 0x000000008f800000| PB 0x000000008f800000| Untracked 
| 249|0x000000008f900000, 0x000000008f900000, 0x000000008fa00000|  0%| F|  |TAMS 0x000000008f900000| PB 0x000000008f900000| Untracked 
| 250|0x000000008fa00000, 0x000000008fa00000, 0x000000008fb00000|  0%| F|  |TAMS 0x000000008fa00000| PB 0x000000008fa00000| Untracked 
| 251|0x000000008fb00000, 0x000000008fb00000, 0x000000008fc00000|  0%| F|  |TAMS 0x000000008fb00000| PB 0x000000008fb00000| Untracked 
| 252|0x000000008fc00000, 0x000000008fc00000, 0x000000008fd00000|  0%| F|  |TAMS 0x000000008fc00000| PB 0x000000008fc00000| Untracked 
| 253|0x000000008fd00000, 0x000000008fe00000, 0x000000008fe00000|100%| E|CS|TAMS 0x000000008fd00000| PB 0x000000008fd00000| Complete 
|2015|0x00000000fdf00000, 0x00000000fe000000, 0x00000000fe000000|100%| O|  |TAMS 0x00000000fdfd0ae8| PB 0x00000000fdfd0ae8| Updating 
|2016|0x00000000fe000000, 0x00000000fe100000, 0x00000000fe100000|100%| O|  |TAMS 0x00000000fe100000| PB 0x00000000fe100000| Updating 
|2017|0x00000000fe100000, 0x00000000fe200000, 0x00000000fe200000|100%| O|  |TAMS 0x00000000fe200000| PB 0x00000000fe200000| Updating 
|2018|0x00000000fe200000, 0x00000000fe300000, 0x00000000fe300000|100%| O|  |TAMS 0x00000000fe300000| PB 0x00000000fe300000| Updating 
|2019|0x00000000fe300000, 0x00000000fe400000, 0x00000000fe400000|100%| O|  |TAMS 0x00000000fe400000| PB 0x00000000fe400000| Updating 
|2020|0x00000000fe400000, 0x00000000fe500000, 0x00000000fe500000|100%| O|  |TAMS 0x00000000fe500000| PB 0x00000000fe500000| Untracked 
|2021|0x00000000fe500000, 0x00000000fe600000, 0x00000000fe600000|100%| O|  |TAMS 0x00000000fe600000| PB 0x00000000fe600000| Untracked 
|2022|0x00000000fe600000, 0x00000000fe700000, 0x00000000fe700000|100%| O|  |TAMS 0x00000000fe700000| PB 0x00000000fe700000| Untracked 
|2023|0x00000000fe700000, 0x00000000fe800000, 0x00000000fe800000|100%| O|  |TAMS 0x00000000fe800000| PB 0x00000000fe800000| Updating 
|2024|0x00000000fe800000, 0x00000000fe900000, 0x00000000fe900000|100%| O|  |TAMS 0x00000000fe900000| PB 0x00000000fe900000| Untracked 
|2025|0x00000000fe900000, 0x00000000fea00000, 0x00000000fea00000|100%| O|  |TAMS 0x00000000fea00000| PB 0x00000000fea00000| Untracked 
|2026|0x00000000fea00000, 0x00000000feb00000, 0x00000000feb00000|100%| O|  |TAMS 0x00000000feb00000| PB 0x00000000feb00000| Untracked 
|2027|0x00000000feb00000, 0x00000000fec00000, 0x00000000fec00000|100%| O|  |TAMS 0x00000000fec00000| PB 0x00000000fec00000| Untracked 
|2028|0x00000000fec00000, 0x00000000fed00000, 0x00000000fed00000|100%| E|CS|TAMS 0x00000000fec00000| PB 0x00000000fec00000| Complete 
|2029|0x00000000fed00000, 0x00000000fee00000, 0x00000000fee00000|100%| O|  |TAMS 0x00000000fee00000| PB 0x00000000fee00000| Untracked 
|2030|0x00000000fee00000, 0x00000000fef00000, 0x00000000fef00000|100%| O|  |TAMS 0x00000000fef00000| PB 0x00000000fef00000| Untracked 
|2031|0x00000000fef00000, 0x00000000ff000000, 0x00000000ff000000|100%| O|  |TAMS 0x00000000ff000000| PB 0x00000000ff000000| Untracked 
|2032|0x00000000ff000000, 0x00000000ff100000, 0x00000000ff100000|100%| O|  |TAMS 0x00000000ff100000| PB 0x00000000ff100000| Untracked 
|2033|0x00000000ff100000, 0x00000000ff200000, 0x00000000ff200000|100%| O|  |TAMS 0x00000000ff200000| PB 0x00000000ff200000| Untracked 
|2034|0x00000000ff200000, 0x00000000ff300000, 0x00000000ff300000|100%| O|  |TAMS 0x00000000ff300000| PB 0x00000000ff300000| Untracked 
|2035|0x00000000ff300000, 0x00000000ff400000, 0x00000000ff400000|100%| E|CS|TAMS 0x00000000ff300000| PB 0x00000000ff300000| Complete 
|2036|0x00000000ff400000, 0x00000000ff500000, 0x00000000ff500000|100%| E|CS|TAMS 0x00000000ff400000| PB 0x00000000ff400000| Complete 
|2037|0x00000000ff500000, 0x00000000ff600000, 0x00000000ff600000|100%| O|  |TAMS 0x00000000ff600000| PB 0x00000000ff600000| Untracked 
|2038|0x00000000ff600000, 0x00000000ff700000, 0x00000000ff700000|100%| O|  |TAMS 0x00000000ff700000| PB 0x00000000ff700000| Updating 
|2039|0x00000000ff700000, 0x00000000ff800000, 0x00000000ff800000|100%| O|  |TAMS 0x00000000ff800000| PB 0x00000000ff800000| Untracked 
|2040|0x00000000ff800000, 0x00000000ff900000, 0x00000000ff900000|100%| E|CS|TAMS 0x00000000ff800000| PB 0x00000000ff800000| Complete 
|2041|0x00000000ff900000, 0x00000000ffa00000, 0x00000000ffa00000|100%| E|CS|TAMS 0x00000000ff900000| PB 0x00000000ff900000| Complete 
|2042|0x00000000ffa00000, 0x00000000ffb00000, 0x00000000ffb00000|100%| E|CS|TAMS 0x00000000ffa00000| PB 0x00000000ffa00000| Complete 
|2043|0x00000000ffb00000, 0x00000000ffc00000, 0x00000000ffc00000|100%| E|CS|TAMS 0x00000000ffb00000| PB 0x00000000ffb00000| Complete 
|2044|0x00000000ffc00000, 0x00000000ffd00000, 0x00000000ffd00000|100%| E|CS|TAMS 0x00000000ffc00000| PB 0x00000000ffc00000| Complete 
|2045|0x00000000ffd00000, 0x00000000ffe00000, 0x00000000ffe00000|100%| E|CS|TAMS 0x00000000ffd00000| PB 0x00000000ffd00000| Complete 
|2046|0x00000000ffe00000, 0x00000000fff00000, 0x00000000fff00000|100%| E|CS|TAMS 0x00000000ffe00000| PB 0x00000000ffe00000| Complete 
|2047|0x00000000fff00000, 0x0000000100000000, 0x0000000100000000|100%| O|  |TAMS 0x0000000100000000| PB 0x0000000100000000| Updating 

Card table byte_map: [0x0000022dcfe30000,0x0000022dd0230000] _byte_map_base: 0x0000022dcfa30000

Marking Bits: (CMBitMap*) 0x0000022dbd5e56c0
 Bits: [0x0000022dd0230000, 0x0000022dd2230000)

Polling page: 0x0000022dbb460000

Metaspace:

Usage:
  Non-class:    103.41 MB used.
      Class:     17.23 MB used.
       Both:    120.64 MB used.

Virtual space:
  Non-class space:      128.00 MB reserved,     104.69 MB ( 82%) committed,  2 nodes.
      Class space:        1.00 GB reserved,      18.38 MB (  2%) committed,  1 nodes.
             Both:        1.12 GB reserved,     123.06 MB ( 11%) committed. 

Chunk freelists:
   Non-Class:  7.12 MB
       Class:  13.60 MB
        Both:  20.72 MB

MaxMetaspaceSize: unlimited
CompressedClassSpaceSize: 1.00 GB
Initial GC threshold: 21.00 MB
Current GC threshold: 198.88 MB
CDS: off
 - commit_granule_bytes: 65536.
 - commit_granule_words: 8192.
 - virtual_space_node_default_size: 8388608.
 - enlarge_chunks_in_place: 1.
 - use_allocation_guard: 0.


Internal statistics:

num_allocs_failed_limit: 9.
num_arena_births: 4764.
num_arena_deaths: 10.
num_vsnodes_births: 3.
num_vsnodes_deaths: 0.
num_space_committed: 1969.
num_space_uncommitted: 0.
num_chunks_returned_to_freelist: 23.
num_chunks_taken_from_freelist: 10153.
num_chunk_merges: 12.
num_chunk_splits: 6613.
num_chunks_enlarged: 4111.
num_inconsistent_stats: 0.

CodeHeap 'non-profiled nmethods': size=120000Kb used=8696Kb max_used=8789Kb free=111304Kb
 bounds [0x0000022dc81d0000, 0x0000022dc8a70000, 0x0000022dcf700000]
CodeHeap 'profiled nmethods': size=120000Kb used=22634Kb max_used=22975Kb free=97365Kb
 bounds [0x0000022dc0700000, 0x0000022dc1d80000, 0x0000022dc7c30000]
CodeHeap 'non-nmethods': size=5760Kb used=2057Kb max_used=2134Kb free=3702Kb
 bounds [0x0000022dc7c30000, 0x0000022dc7ea0000, 0x0000022dc81d0000]
CodeCache: size=245760Kb, used=33387Kb, max_used=33898Kb, free=212371Kb
 total_blobs=13195, nmethods=12264, adapters=835, full_count=0
Compilation: enabled, stopped_count=0, restarted_count=0

Compilation events (20 events):
Event: 26.555 Thread 0x0000022dd9103670 15000       4       com.android.tools.r8.graph.h9::a (70 bytes)
Event: 26.586 Thread 0x0000022dd9103670 nmethod 15000 0x0000022dc8a61510 code [0x0000022dc8a61720, 0x0000022dc8a621c8]
Event: 26.586 Thread 0x0000022dd9103670 15001   !   4       com.android.tools.r8.graph.i9::a (593 bytes)
Event: 26.590 Thread 0x0000022dde943770 nmethod 15009 0x0000022dc8a62810 code [0x0000022dc8a62ac0, 0x0000022dc8a63d48]
Event: 26.590 Thread 0x0000022dde943770 15006       4       com.android.tools.r8.graph.g3$a::<init> (67 bytes)
Event: 26.598 Thread 0x0000022dde943770 nmethod 15006 0x0000022dc8a64810 code [0x0000022dc8a649e0, 0x0000022dc8a650e8]
Event: 26.598 Thread 0x0000022dde943770 15004       4       com.android.tools.r8.internal.lx0::<init> (84 bytes)
Event: 26.600 Thread 0x0000022dde943770 nmethod 15004 0x0000022dc8a65210 code [0x0000022dc8a653a0, 0x0000022dc8a65550]
Event: 26.600 Thread 0x0000022dde943770 15005       4       com.android.tools.r8.graph.i9::<init> (85 bytes)
Event: 26.600 Thread 0x0000022dd9105530 15012       3       com.android.tools.r8.internal.qs2::getKey (13 bytes)
Event: 26.601 Thread 0x0000022dd9105530 nmethod 15012 0x0000022dc1d6f910 code [0x0000022dc1d6fac0, 0x0000022dc1d6fc00]
Event: 26.601 Thread 0x0000022dd9105530 15013       3       com.android.tools.r8.graph.n7$$Lambda/0x0000000101250610::accept (20 bytes)
Event: 26.601 Thread 0x0000022dd9105530 nmethod 15013 0x0000022dc1d6fd10 code [0x0000022dc1d6ff00, 0x0000022dc1d70410]
Event: 26.604 Thread 0x0000022dd9105530 15014       3       com.android.tools.r8.internal.us2::entrySet (26 bytes)
Event: 26.605 Thread 0x0000022dd9105530 nmethod 15014 0x0000022dc1d70590 code [0x0000022dc1d70760, 0x0000022dc1d70be8]
Event: 26.605 Thread 0x0000022dd9105530 15016       3       com.android.tools.r8.graph.n7$$Lambda/0x0000000101250ab0::test (8 bytes)
Event: 26.605 Thread 0x0000022dd9105530 nmethod 15016 0x0000022dc1d70d90 code [0x0000022dc1d70f60, 0x0000022dc1d713a8]
Event: 26.605 Thread 0x0000022dd9105530 15017       3       com.android.tools.r8.graph.m7::c (7 bytes)
Event: 26.605 Thread 0x0000022dd9105530 nmethod 15017 0x0000022dc1d71590 code [0x0000022dc1d71740, 0x0000022dc1d71a28]
Event: 26.605 Thread 0x0000022dd9105530 15018       3       com.android.tools.r8.graph.g3::z0 (8 bytes)

GC Heap History (20 events):
Event: 21.522 GC heap before
{Heap before GC invocations=53 (full 0):
 garbage-first heap   total 199680K, used 183991K [0x0000000080000000, 0x0000000100000000)
  region size 1024K, 67 young (68608K), 4 survivors (4096K)
 Metaspace       used 113307K, committed 115584K, reserved 1179648K
  class space    used 16195K, committed 17280K, reserved 1048576K
}
Event: 21.529 GC heap after
{Heap after GC invocations=54 (full 0):
 garbage-first heap   total 239616K, used 118992K [0x0000000080000000, 0x0000000100000000)
  region size 1024K, 5 young (5120K), 5 survivors (5120K)
 Metaspace       used 113307K, committed 115584K, reserved 1179648K
  class space    used 16195K, committed 17280K, reserved 1048576K
}
Event: 22.362 GC heap before
{Heap before GC invocations=54 (full 0):
 garbage-first heap   total 239616K, used 218320K [0x0000000080000000, 0x0000000100000000)
  region size 1024K, 103 young (105472K), 5 survivors (5120K)
 Metaspace       used 115404K, committed 117760K, reserved 1179648K
  class space    used 16466K, committed 17600K, reserved 1048576K
}
Event: 22.368 GC heap after
{Heap after GC invocations=55 (full 0):
 garbage-first heap   total 239616K, used 121918K [0x0000000080000000, 0x0000000100000000)
  region size 1024K, 8 young (8192K), 8 survivors (8192K)
 Metaspace       used 115404K, committed 117760K, reserved 1179648K
  class space    used 16466K, committed 17600K, reserved 1048576K
}
Event: 22.931 GC heap before
{Heap before GC invocations=55 (full 0):
 garbage-first heap   total 239616K, used 220222K [0x0000000080000000, 0x0000000100000000)
  region size 1024K, 105 young (107520K), 8 survivors (8192K)
 Metaspace       used 117772K, committed 120256K, reserved 1179648K
  class space    used 16796K, committed 17984K, reserved 1048576K
}
Event: 22.940 GC heap after
{Heap after GC invocations=56 (full 0):
 garbage-first heap   total 239616K, used 125074K [0x0000000080000000, 0x0000000100000000)
  region size 1024K, 11 young (11264K), 11 survivors (11264K)
 Metaspace       used 117772K, committed 120256K, reserved 1179648K
  class space    used 16796K, committed 17984K, reserved 1048576K
}
Event: 23.313 GC heap before
{Heap before GC invocations=56 (full 0):
 garbage-first heap   total 239616K, used 221330K [0x0000000080000000, 0x0000000100000000)
  region size 1024K, 106 young (108544K), 11 survivors (11264K)
 Metaspace       used 117774K, committed 120256K, reserved 1179648K
  class space    used 16797K, committed 17984K, reserved 1048576K
}
Event: 23.323 GC heap after
{Heap after GC invocations=57 (full 0):
 garbage-first heap   total 239616K, used 125761K [0x0000000080000000, 0x0000000100000000)
  region size 1024K, 9 young (9216K), 9 survivors (9216K)
 Metaspace       used 117774K, committed 120256K, reserved 1179648K
  class space    used 16797K, committed 17984K, reserved 1048576K
}
Event: 23.995 GC heap before
{Heap before GC invocations=58 (full 0):
 garbage-first heap   total 239616K, used 225089K [0x0000000080000000, 0x0000000100000000)
  region size 1024K, 106 young (108544K), 9 survivors (9216K)
 Metaspace       used 117834K, committed 120256K, reserved 1179648K
  class space    used 16805K, committed 17984K, reserved 1048576K
}
Event: 24.003 GC heap after
{Heap after GC invocations=59 (full 0):
 garbage-first heap   total 239616K, used 126549K [0x0000000080000000, 0x0000000100000000)
  region size 1024K, 6 young (6144K), 6 survivors (6144K)
 Metaspace       used 117834K, committed 120256K, reserved 1179648K
  class space    used 16805K, committed 17984K, reserved 1048576K
}
Event: 24.438 GC heap before
{Heap before GC invocations=59 (full 0):
 garbage-first heap   total 239616K, used 224853K [0x0000000080000000, 0x0000000100000000)
  region size 1024K, 103 young (105472K), 6 survivors (6144K)
 Metaspace       used 118569K, committed 120960K, reserved 1179648K
  class space    used 16911K, committed 18048K, reserved 1048576K
}
Event: 24.452 GC heap after
{Heap after GC invocations=60 (full 0):
 garbage-first heap   total 250880K, used 140425K [0x0000000080000000, 0x0000000100000000)
  region size 1024K, 13 young (13312K), 13 survivors (13312K)
 Metaspace       used 118569K, committed 120960K, reserved 1179648K
  class space    used 16911K, committed 18048K, reserved 1048576K
}
Event: 24.760 GC heap before
{Heap before GC invocations=60 (full 0):
 garbage-first heap   total 250880K, used 227465K [0x0000000080000000, 0x0000000100000000)
  region size 1024K, 99 young (101376K), 13 survivors (13312K)
 Metaspace       used 119455K, committed 121856K, reserved 1179648K
  class space    used 17036K, committed 18176K, reserved 1048576K
}
Event: 24.773 GC heap after
{Heap after GC invocations=61 (full 0):
 garbage-first heap   total 262144K, used 159926K [0x0000000080000000, 0x0000000100000000)
  region size 1024K, 13 young (13312K), 13 survivors (13312K)
 Metaspace       used 119455K, committed 121856K, reserved 1179648K
  class space    used 17036K, committed 18176K, reserved 1048576K
}
Event: 25.853 GC heap before
{Heap before GC invocations=62 (full 0):
 garbage-first heap   total 268288K, used 233654K [0x0000000080000000, 0x0000000100000000)
  region size 1024K, 86 young (88064K), 13 survivors (13312K)
 Metaspace       used 122958K, committed 125376K, reserved 1179648K
  class space    used 17566K, committed 18752K, reserved 1048576K
}
Event: 25.866 GC heap after
{Heap after GC invocations=63 (full 0):
 garbage-first heap   total 268288K, used 171875K [0x0000000080000000, 0x0000000100000000)
  region size 1024K, 11 young (11264K), 11 survivors (11264K)
 Metaspace       used 122958K, committed 125376K, reserved 1179648K
  class space    used 17566K, committed 18752K, reserved 1048576K
}
Event: 26.147 GC heap before
{Heap before GC invocations=63 (full 0):
 garbage-first heap   total 268288K, used 241507K [0x0000000080000000, 0x0000000100000000)
  region size 1024K, 79 young (80896K), 11 survivors (11264K)
 Metaspace       used 123208K, committed 125632K, reserved 1179648K
  class space    used 17592K, committed 18752K, reserved 1048576K
}
Event: 26.172 GC heap after
{Heap after GC invocations=64 (full 0):
 garbage-first heap   total 270336K, used 185154K [0x0000000080000000, 0x0000000100000000)
  region size 1024K, 10 young (10240K), 10 survivors (10240K)
 Metaspace       used 123208K, committed 125632K, reserved 1179648K
  class space    used 17592K, committed 18752K, reserved 1048576K
}
Event: 26.314 GC heap before
{Heap before GC invocations=64 (full 0):
 garbage-first heap   total 270336K, used 243522K [0x0000000080000000, 0x0000000100000000)
  region size 1024K, 67 young (68608K), 10 survivors (10240K)
 Metaspace       used 123536K, committed 126016K, reserved 1179648K
  class space    used 17645K, committed 18816K, reserved 1048576K
}
Event: 26.338 GC heap after
{Heap after GC invocations=65 (full 0):
 garbage-first heap   total 270336K, used 196608K [0x0000000080000000, 0x0000000100000000)
  region size 1024K, 9 young (9216K), 9 survivors (9216K)
 Metaspace       used 123536K, committed 126016K, reserved 1179648K
  class space    used 17645K, committed 18816K, reserved 1048576K
}

Dll operation events (3 events):
Event: 0.005 Loaded shared library E:\data download dian\android studio dian\jbr\bin\java.dll
Event: 0.010 Loaded shared library E:\data download dian\android studio dian\jbr\bin\zip.dll
Event: 0.709 Loaded shared library E:\data download dian\android studio dian\jbr\bin\verify.dll

Deoptimization events (20 events):
Event: 26.297 Thread 0x0000022dde389ce0 DEOPT PACKING pc=0x0000022dc1d6962a sp=0x00000062137f9880
Event: 26.297 Thread 0x0000022dde389ce0 DEOPT UNPACKING pc=0x0000022dc7c84b42 sp=0x00000062137f8da0 mode 0
Event: 26.300 Thread 0x0000022dde38a370 DEOPT PACKING pc=0x0000022dc1d6962a sp=0x0000006213af9a70
Event: 26.300 Thread 0x0000022dde38a370 DEOPT UNPACKING pc=0x0000022dc7c84b42 sp=0x0000006213af8f90 mode 0
Event: 26.305 Thread 0x0000022dde38a370 DEOPT PACKING pc=0x0000022dc1d6962a sp=0x0000006213af9a70
Event: 26.305 Thread 0x0000022dde38a370 DEOPT UNPACKING pc=0x0000022dc7c84b42 sp=0x0000006213af8f90 mode 0
Event: 26.310 Thread 0x0000022dde38a370 DEOPT PACKING pc=0x0000022dc1d6962a sp=0x0000006213af9a70
Event: 26.310 Thread 0x0000022dde38a370 DEOPT UNPACKING pc=0x0000022dc7c84b42 sp=0x0000006213af8f90 mode 0
Event: 26.342 Thread 0x0000022dde38b720 DEOPT PACKING pc=0x0000022dc1d6962a sp=0x00000062136f9a30
Event: 26.342 Thread 0x0000022dde38b720 DEOPT UNPACKING pc=0x0000022dc7c84b42 sp=0x00000062136f8f50 mode 0
Event: 26.394 Thread 0x0000022dde38a370 DEOPT PACKING pc=0x0000022dc1d6962a sp=0x0000006213af9b90
Event: 26.394 Thread 0x0000022dde38a370 DEOPT UNPACKING pc=0x0000022dc7c84b42 sp=0x0000006213af90b0 mode 0
Event: 26.397 Thread 0x0000022dde38b720 DEOPT PACKING pc=0x0000022dc1d6962a sp=0x00000062136f9980
Event: 26.397 Thread 0x0000022dde38b720 DEOPT UNPACKING pc=0x0000022dc7c84b42 sp=0x00000062136f8ea0 mode 0
Event: 26.399 Thread 0x0000022dde38a370 DEOPT PACKING pc=0x0000022dc1d6962a sp=0x0000006213af9c40
Event: 26.399 Thread 0x0000022dde38a370 DEOPT UNPACKING pc=0x0000022dc7c84b42 sp=0x0000006213af9160 mode 0
Event: 26.400 Thread 0x0000022dde38b720 DEOPT PACKING pc=0x0000022dc1d6962a sp=0x00000062136f9a30
Event: 26.400 Thread 0x0000022dde38b720 DEOPT UNPACKING pc=0x0000022dc7c84b42 sp=0x00000062136f8f50 mode 0
Event: 26.403 Thread 0x0000022dde38a370 DEOPT PACKING pc=0x0000022dc1d6962a sp=0x0000006213af9bf0
Event: 26.403 Thread 0x0000022dde38a370 DEOPT UNPACKING pc=0x0000022dc7c84b42 sp=0x0000006213af9110 mode 0

Classes loaded (20 events):
Event: 24.079 Loading class java/util/regex/Pattern$SliceU
Event: 24.079 Loading class java/util/regex/Pattern$SliceU done
Event: 24.079 Loading class sun/nio/fs/WindowsFileSystem$2
Event: 24.079 Loading class sun/nio/fs/WindowsFileSystem$2 done
Event: 24.089 Loading class java/util/zip/ZipFile$ZipEntryIterator
Event: 24.089 Loading class java/util/zip/ZipFile$ZipEntryIterator done
Event: 24.309 Loading class java/util/zip/ZipInputStream
Event: 24.310 Loading class java/util/zip/ZipInputStream done
Event: 24.606 Loading class java/io/UTFDataFormatException
Event: 24.606 Loading class java/io/UTFDataFormatException done
Event: 24.930 Loading class java/util/stream/IntPipeline$1
Event: 24.932 Loading class java/util/stream/IntPipeline$1 done
Event: 24.933 Loading class java/util/stream/IntPipeline$1$1
Event: 24.934 Loading class java/util/stream/Sink$ChainedInt
Event: 24.934 Loading class java/util/stream/Sink$ChainedInt done
Event: 24.934 Loading class java/util/stream/IntPipeline$1$1 done
Event: 25.008 Loading class java/util/concurrent/RejectedExecutionException
Event: 25.008 Loading class java/util/concurrent/RejectedExecutionException done
Event: 25.113 Loading class java/util/function/BooleanSupplier
Event: 25.113 Loading class java/util/function/BooleanSupplier done

Classes unloaded (5 events):
Event: 26.609 Thread 0x0000022dd9032230 Unloading class 0x000000010122d400 'java/lang/invoke/LambdaForm$DMH+0x000000010122d400'
Event: 26.609 Thread 0x0000022dd9032230 Unloading class 0x000000010122d000 'java/lang/invoke/LambdaForm$DMH+0x000000010122d000'
Event: 26.609 Thread 0x0000022dd9032230 Unloading class 0x000000010122cc00 'java/lang/invoke/LambdaForm$DMH+0x000000010122cc00'
Event: 26.609 Thread 0x0000022dd9032230 Unloading class 0x000000010122c400 'java/lang/invoke/LambdaForm$DMH+0x000000010122c400'
Event: 26.609 Thread 0x0000022dd9032230 Unloading class 0x000000010122c800 'java/lang/invoke/LambdaForm$DMH+0x000000010122c800'

Classes redefined (0 events):
No events

Internal exceptions (20 events):
Event: 26.279 Thread 0x0000022dde388fc0 Exception <a 'sun/nio/fs/WindowsException'{0x000000008c5ebc30}> (0x000000008c5ebc30) 
thrown [s\src\hotspot\share\prims\jni.cpp, line 537]
Event: 26.280 Thread 0x0000022dde388fc0 Exception <a 'sun/nio/fs/WindowsException'{0x000000008c4d7130}> (0x000000008c4d7130) 
thrown [s\src\hotspot\share\prims\jni.cpp, line 537]
Event: 26.282 Thread 0x0000022dde388fc0 Exception <a 'sun/nio/fs/WindowsException'{0x000000008c4e7a20}> (0x000000008c4e7a20) 
thrown [s\src\hotspot\share\prims\jni.cpp, line 537]
Event: 26.283 Thread 0x0000022dde388fc0 Exception <a 'sun/nio/fs/WindowsException'{0x000000008c2ba240}> (0x000000008c2ba240) 
thrown [s\src\hotspot\share\prims\jni.cpp, line 537]
Event: 26.285 Thread 0x0000022dde388fc0 Exception <a 'sun/nio/fs/WindowsException'{0x000000008c2c3cc0}> (0x000000008c2c3cc0) 
thrown [s\src\hotspot\share\prims\jni.cpp, line 537]
Event: 26.286 Thread 0x0000022dde388fc0 Exception <a 'sun/nio/fs/WindowsException'{0x000000008c2cd768}> (0x000000008c2cd768) 
thrown [s\src\hotspot\share\prims\jni.cpp, line 537]
Event: 26.287 Thread 0x0000022dde388fc0 Exception <a 'sun/nio/fs/WindowsException'{0x000000008c035ea8}> (0x000000008c035ea8) 
thrown [s\src\hotspot\share\prims\jni.cpp, line 537]
Event: 26.288 Thread 0x0000022de1519e10 Exception <a 'sun/nio/fs/WindowsException'{0x000000008c5b2e68}> (0x000000008c5b2e68) 
thrown [s\src\hotspot\share\prims\jni.cpp, line 537]
Event: 26.290 Thread 0x0000022dde388fc0 Exception <a 'sun/nio/fs/WindowsException'{0x000000008c03fa90}> (0x000000008c03fa90) 
thrown [s\src\hotspot\share\prims\jni.cpp, line 537]
Event: 26.291 Thread 0x0000022dde388fc0 Exception <a 'sun/nio/fs/WindowsException'{0x000000008be3d310}> (0x000000008be3d310) 
thrown [s\src\hotspot\share\prims\jni.cpp, line 537]
Event: 26.293 Thread 0x0000022dde388fc0 Exception <a 'sun/nio/fs/WindowsException'{0x000000008be45ba8}> (0x000000008be45ba8) 
thrown [s\src\hotspot\share\prims\jni.cpp, line 537]
Event: 26.294 Thread 0x0000022dde388fc0 Exception <a 'sun/nio/fs/WindowsException'{0x000000008be530f0}> (0x000000008be530f0) 
thrown [s\src\hotspot\share\prims\jni.cpp, line 537]
Event: 26.295 Thread 0x0000022dde388fc0 Exception <a 'sun/nio/fs/WindowsException'{0x000000008bd86a78}> (0x000000008bd86a78) 
thrown [s\src\hotspot\share\prims\jni.cpp, line 537]
Event: 26.298 Thread 0x0000022de1519e10 Exception <a 'sun/nio/fs/WindowsException'{0x000000008c5c3280}> (0x000000008c5c3280) 
thrown [s\src\hotspot\share\prims\jni.cpp, line 537]
Event: 26.300 Thread 0x0000022de1519e10 Exception <a 'sun/nio/fs/WindowsException'{0x000000008bbad9d8}> (0x000000008bbad9d8) 
thrown [s\src\hotspot\share\prims\jni.cpp, line 537]
Event: 26.302 Thread 0x0000022de1519e10 Exception <a 'sun/nio/fs/WindowsException'{0x000000008bbb9980}> (0x000000008bbb9980) 
thrown [s\src\hotspot\share\prims\jni.cpp, line 537]
Event: 26.304 Thread 0x0000022de1519e10 Exception <a 'sun/nio/fs/WindowsException'{0x000000008bbc5260}> (0x000000008bbc5260) 
thrown [s\src\hotspot\share\prims\jni.cpp, line 537]
Event: 26.306 Thread 0x0000022de1519e10 Exception <a 'sun/nio/fs/WindowsException'{0x000000008baceee8}> (0x000000008baceee8) 
thrown [s\src\hotspot\share\prims\jni.cpp, line 537]
Event: 26.310 Thread 0x0000022de1519e10 Exception <a 'sun/nio/fs/WindowsException'{0x000000008b9dd0b0}> (0x000000008b9dd0b0) 
thrown [s\src\hotspot\share\prims\jni.cpp, line 537]
Event: 26.311 Thread 0x0000022de1519e10 Exception <a 'sun/nio/fs/WindowsException'{0x000000008b8cb8d8}> (0x000000008b8cb8d8) 
thrown [s\src\hotspot\share\prims\jni.cpp, line 537]

ZGC Phase Switch (0 events):
No events

VM Operations (20 events):
Event: 23.601 Executing VM operation: G1PauseCleanup done
Event: 23.994 Executing VM operation: G1CollectForAllocation (G1 Evacuation Pause)
Event: 24.003 Executing VM operation: G1CollectForAllocation (G1 Evacuation Pause) done
Event: 24.438 Executing VM operation: G1CollectForAllocation (G1 Evacuation Pause)
Event: 24.452 Executing VM operation: G1CollectForAllocation (G1 Evacuation Pause) done
Event: 24.760 Executing VM operation: G1CollectForAllocation (G1 Evacuation Pause)
Event: 24.773 Executing VM operation: G1CollectForAllocation (G1 Evacuation Pause) done
Event: 24.962 Executing VM operation: G1PauseRemark
Event: 24.970 Executing VM operation: G1PauseRemark done
Event: 25.079 Executing VM operation: G1PauseCleanup
Event: 25.079 Executing VM operation: G1PauseCleanup done
Event: 25.412 Executing VM operation: HandshakeAllThreads (Deoptimize)
Event: 25.412 Executing VM operation: HandshakeAllThreads (Deoptimize) done
Event: 25.850 Executing VM operation: G1CollectForAllocation (G1 Evacuation Pause)
Event: 25.866 Executing VM operation: G1CollectForAllocation (G1 Evacuation Pause) done
Event: 26.142 Executing VM operation: G1CollectForAllocation (G1 Evacuation Pause)
Event: 26.172 Executing VM operation: G1CollectForAllocation (G1 Evacuation Pause) done
Event: 26.313 Executing VM operation: G1CollectForAllocation (G1 Evacuation Pause)
Event: 26.338 Executing VM operation: G1CollectForAllocation (G1 Evacuation Pause) done
Event: 26.605 Executing VM operation: G1PauseRemark

Memory protections (0 events):
No events

Nmethod flushes (20 events):
Event: 26.621 Thread 0x0000022dd9032230 flushing  nmethod 0x0000022dc0991490
Event: 26.621 Thread 0x0000022dd9032230 flushing  nmethod 0x0000022dc0d9e090
Event: 26.621 Thread 0x0000022dd9032230 flushing  nmethod 0x0000022dc0df1d90
Event: 26.621 Thread 0x0000022dd9032230 flushing  nmethod 0x0000022dc11f1190
Event: 26.621 Thread 0x0000022dd9032230 flushing  nmethod 0x0000022dc120e610
Event: 26.621 Thread 0x0000022dd9032230 flushing  nmethod 0x0000022dc12ed210
Event: 26.621 Thread 0x0000022dd9032230 flushing  nmethod 0x0000022dc12efc90
Event: 26.621 Thread 0x0000022dd9032230 flushing  nmethod 0x0000022dc1ae4b10
Event: 26.621 Thread 0x0000022dd9032230 flushing  nmethod 0x0000022dc83da090
Event: 26.621 Thread 0x0000022dd9032230 flushing  nmethod 0x0000022dc8a07b10
Event: 26.621 Thread 0x0000022dd9032230 flushing  nmethod 0x0000022dc077dc90
Event: 26.621 Thread 0x0000022dd9032230 flushing  nmethod 0x0000022dc084c510
Event: 26.621 Thread 0x0000022dd9032230 flushing  nmethod 0x0000022dc084ce10
Event: 26.621 Thread 0x0000022dd9032230 flushing  nmethod 0x0000022dc0956410
Event: 26.621 Thread 0x0000022dd9032230 flushing  nmethod 0x0000022dc095f710
Event: 26.621 Thread 0x0000022dd9032230 flushing  nmethod 0x0000022dc0b8fd90
Event: 26.621 Thread 0x0000022dd9032230 flushing  nmethod 0x0000022dc0fd3010
Event: 26.621 Thread 0x0000022dd9032230 flushing  nmethod 0x0000022dc107f210
Event: 26.621 Thread 0x0000022dd9032230 flushing  nmethod 0x0000022dc11bd490
Event: 26.621 Thread 0x0000022dd9032230 flushing  nmethod 0x0000022dc12f4a90

Events (20 events):
Event: 21.636 Thread 0x0000022de1517d40 Thread added: 0x0000022dd94100f0
Event: 21.636 Thread 0x0000022de1517d40 Thread added: 0x0000022dd9413c00
Event: 21.638 Thread 0x0000022de1517d40 Thread added: 0x0000022dd94121c0
Event: 21.638 Thread 0x0000022de1517d40 Thread added: 0x0000022dd94114a0
Event: 21.983 Thread 0x0000022de1517d40 Thread added: 0x0000022dd9414920
Event: 22.526 Thread 0x0000022de1517d40 Thread added: 0x0000022dd9417080
Event: 22.566 Thread 0x0000022de1519e10 Thread added: 0x0000022dd9417710
Event: 22.567 Thread 0x0000022de1519e10 Thread added: 0x0000022dd9410e10
Event: 22.567 Thread 0x0000022de1519e10 Thread added: 0x0000022ddda6ddb0
Event: 22.570 Thread 0x0000022de1519e10 Thread added: 0x0000022ddda6f160
Event: 22.570 Thread 0x0000022de1519e10 Thread added: 0x0000022ddda6d090
Event: 22.763 Thread 0x0000022dd9417080 Thread added: 0x0000022ddda70510
Event: 22.779 Thread 0x0000022dd9417080 Thread added: 0x0000022ddda69c10
Event: 22.782 Loaded shared library E:\data download dian\android studio dian\jbr\bin\rmi.dll
Event: 22.783 Thread 0x0000022dd9417080 Thread added: 0x0000022ddda6d720
Event: 22.872 Thread 0x0000022dd9417080 Thread added: 0x0000022ddda6e440
Event: 22.872 Thread 0x0000022dd9417080 Thread added: 0x0000022ddda6ead0
Event: 22.900 Thread 0x0000022ddda6e440 Thread added: 0x0000022ddda6fe80
Event: 23.439 Thread 0x0000022de1278490 Thread exited: 0x0000022de1278490
Event: 25.650 Thread 0x0000022dd9105530 Thread added: 0x0000022de1276950


Dynamic libraries:
0x00007ff763650000 - 0x00007ff76365a000 	E:\data download dian\android studio dian\jbr\bin\java.exe
0x00007ff978dc0000 - 0x00007ff978fc9000 	C:\Windows\SYSTEM32\ntdll.dll
0x00007ff977f20000 - 0x00007ff977fde000 	C:\Windows\System32\KERNEL32.DLL
0x00007ff976800000 - 0x00007ff976b84000 	C:\Windows\System32\KERNELBASE.dll
0x00007ff976390000 - 0x00007ff9764a1000 	C:\Windows\System32\ucrtbase.dll
0x00007ff96c1a0000 - 0x00007ff96c1bb000 	E:\data download dian\android studio dian\jbr\bin\VCRUNTIME140.dll
0x00007ff971500000 - 0x00007ff971518000 	E:\data download dian\android studio dian\jbr\bin\jli.dll
0x00007ff978310000 - 0x00007ff9784bd000 	C:\Windows\System32\USER32.dll
0x00007ff976b90000 - 0x00007ff976bb6000 	C:\Windows\System32\win32u.dll
0x00007ff959010000 - 0x00007ff9592b5000 	C:\Windows\WinSxS\amd64_microsoft.windows.common-controls_6595b64144ccf1df_6.0.22000.120_none_9d947278b86cc467\COMCTL32.dll
0x00007ff977430000 - 0x00007ff97745a000 	C:\Windows\System32\GDI32.dll
0x00007ff978ac0000 - 0x00007ff978b63000 	C:\Windows\System32\msvcrt.dll
0x00007ff976270000 - 0x00007ff97638f000 	C:\Windows\System32\gdi32full.dll
0x00007ff9764b0000 - 0x00007ff97654d000 	C:\Windows\System32\msvcp_win.dll
0x00007ff977360000 - 0x00007ff977391000 	C:\Windows\System32\IMM32.DLL
0x00007ff972a30000 - 0x00007ff972a3c000 	E:\data download dian\android studio dian\jbr\bin\vcruntime140_1.dll
0x00007ff92aa60000 - 0x00007ff92aaed000 	E:\data download dian\android studio dian\jbr\bin\msvcp140.dll
0x00007ff920c60000 - 0x00007ff9218f6000 	E:\data download dian\android studio dian\jbr\bin\server\jvm.dll
0x00007ff977d80000 - 0x00007ff977e2f000 	C:\Windows\System32\ADVAPI32.dll
0x00007ff978660000 - 0x00007ff9786fe000 	C:\Windows\System32\sechost.dll
0x00007ff9784c0000 - 0x00007ff9785e1000 	C:\Windows\System32\RPCRT4.dll
0x00007ff9773c0000 - 0x00007ff97742f000 	C:\Windows\System32\WS2_32.dll
0x00007ff974be0000 - 0x00007ff974c2d000 	C:\Windows\SYSTEM32\POWRPROF.dll
0x00007ff970b80000 - 0x00007ff970bb3000 	C:\Windows\SYSTEM32\WINMM.dll
0x00007ff96f3a0000 - 0x00007ff96f3aa000 	C:\Windows\SYSTEM32\VERSION.dll
0x00007ff974cd0000 - 0x00007ff974ce3000 	C:\Windows\SYSTEM32\UMPDC.dll
0x00007ff9753e0000 - 0x00007ff9753f8000 	C:\Windows\SYSTEM32\kernel.appcore.dll
0x00007ff971c20000 - 0x00007ff971c2a000 	E:\data download dian\android studio dian\jbr\bin\jimage.dll
0x00007ff973e50000 - 0x00007ff974071000 	C:\Windows\SYSTEM32\DBGHELP.DLL
0x00007ff957260000 - 0x00007ff957291000 	C:\Windows\SYSTEM32\dbgcore.DLL
0x00007ff976780000 - 0x00007ff9767ff000 	C:\Windows\System32\bcryptPrimitives.dll
0x00007ff971bf0000 - 0x00007ff971bfe000 	E:\data download dian\android studio dian\jbr\bin\instrument.dll
0x00007ff95dae0000 - 0x00007ff95db00000 	E:\data download dian\android studio dian\jbr\bin\java.dll
0x00007ff95a960000 - 0x00007ff95a978000 	E:\data download dian\android studio dian\jbr\bin\zip.dll
0x00007ff977550000 - 0x00007ff977d15000 	C:\Windows\System32\SHELL32.dll
0x00007ff974360000 - 0x00007ff974bc4000 	C:\Windows\SYSTEM32\windows.storage.dll
0x00007ff978720000 - 0x00007ff978a96000 	C:\Windows\System32\combase.dll
0x00007ff9741f0000 - 0x00007ff974357000 	C:\Windows\SYSTEM32\wintypes.dll
0x00007ff978c90000 - 0x00007ff978d7a000 	C:\Windows\System32\SHCORE.dll
0x00007ff977d20000 - 0x00007ff977d7d000 	C:\Windows\System32\shlwapi.dll
0x00007ff9761a0000 - 0x00007ff9761c1000 	C:\Windows\SYSTEM32\profapi.dll
0x00007ff971bd0000 - 0x00007ff971be0000 	E:\data download dian\android studio dian\jbr\bin\net.dll
0x00007ff970d50000 - 0x00007ff970e63000 	C:\Windows\SYSTEM32\WINHTTP.dll
0x00007ff975880000 - 0x00007ff9758e7000 	C:\Windows\system32\mswsock.dll
0x00007ff95a940000 - 0x00007ff95a956000 	E:\data download dian\android studio dian\jbr\bin\nio.dll
0x00007ff95dad0000 - 0x00007ff95dae0000 	E:\data download dian\android studio dian\jbr\bin\verify.dll
0x00007ff95d490000 - 0x00007ff95d4b7000 	C:\Users\user\.gradle\native\660c5614fbf4a5f2a75b1949f50a0caf5cd603558e7d8a26e50b933a0cfb79d1\windows-amd64\native-platform.dll
0x00007ff92abc0000 - 0x00007ff92ac37000 	C:\Users\user\.gradle\native\0.2.8\x86_64-windows-gnu\gradle-fileevents.dll
0x00007ff96c190000 - 0x00007ff96c199000 	E:\data download dian\android studio dian\jbr\bin\management.dll
0x00007ff968f40000 - 0x00007ff968f4b000 	E:\data download dian\android studio dian\jbr\bin\management_ext.dll
0x00007ff978710000 - 0x00007ff978718000 	C:\Windows\System32\PSAPI.DLL
0x00007ff974f40000 - 0x00007ff974f6d000 	C:\Windows\SYSTEM32\IPHLPAPI.DLL
0x00007ff977540000 - 0x00007ff977549000 	C:\Windows\System32\NSI.dll
0x00007ff9707b0000 - 0x00007ff9707b9000 	E:\data download dian\android studio dian\jbr\bin\extnet.dll
0x00007ff975ad0000 - 0x00007ff975ae8000 	C:\Windows\SYSTEM32\CRYPTSP.dll
0x00007ff975340000 - 0x00007ff975375000 	C:\Windows\system32\rsaenh.dll
0x00007ff975980000 - 0x00007ff9759a9000 	C:\Windows\SYSTEM32\USERENV.dll
0x00007ff975c50000 - 0x00007ff975c77000 	C:\Windows\SYSTEM32\bcrypt.dll
0x00007ff975af0000 - 0x00007ff975afc000 	C:\Windows\SYSTEM32\CRYPTBASE.dll
0x00007ff9714c0000 - 0x00007ff9714c8000 	C:\Windows\system32\wshunix.dll
0x00007ff9708f0000 - 0x00007ff9708f7000 	E:\data download dian\android studio dian\jbr\bin\rmi.dll

JVMTI agents:
C:\Users\user\.gradle\wrapper\dists\gradle-9.2.1-bin\2t0n5ozlw9xmuyvbp7dnzaxug\gradle-9.2.1\lib\agents\gradle-instrumentation-agent-9.2.1.jar path:E:\data download dian\android studio dian\jbr\bin\instrument.dll, loaded, initialized, instrumentlib options:none

dbghelp: loaded successfully - version: 4.0.5 - missing functions: none
symbol engine: initialized successfully - sym options: 0x614 - pdb path: .;E:\data download dian\android studio dian\jbr\bin;C:\Windows\SYSTEM32;C:\Windows\WinSxS\amd64_microsoft.windows.common-controls_6595b64144ccf1df_6.0.22000.120_none_9d947278b86cc467;E:\data download dian\android studio dian\jbr\bin\server;C:\Users\user\.gradle\native\660c5614fbf4a5f2a75b1949f50a0caf5cd603558e7d8a26e50b933a0cfb79d1\windows-amd64;C:\Users\user\.gradle\native\0.2.8\x86_64-windows-gnu

VM Arguments:
jvm_args: --add-opens=java.base/java.lang=ALL-UNNAMED --add-opens=java.base/java.lang.invoke=ALL-UNNAMED --add-opens=java.base/java.util=ALL-UNNAMED --add-opens=java.prefs/java.util.prefs=ALL-UNNAMED --add-exports=jdk.compiler/com.sun.tools.javac.api=ALL-UNNAMED --add-exports=jdk.compiler/com.sun.tools.javac.util=ALL-UNNAMED --add-opens=java.base/java.util=ALL-UNNAMED --add-opens=java.prefs/java.util.prefs=ALL-UNNAMED --add-opens=java.base/java.nio.charset=ALL-UNNAMED --add-opens=java.base/java.net=ALL-UNNAMED --add-opens=java.base/java.util.concurrent=ALL-UNNAMED --add-opens=java.base/java.util.concurrent.atomic=ALL-UNNAMED --add-opens=java.xml/javax.xml.namespace=ALL-UNNAMED --add-opens=java.base/java.time=ALL-UNNAMED -Xmx2048m -Dfile.encoding=UTF-8 -Duser.country=ID -Duser.language=en -Duser.variant -javaagent:C:\Users\user\.gradle\wrapper\dists\gradle-9.2.1-bin\2t0n5ozlw9xmuyvbp7dnzaxug\gradle-9.2.1\lib\agents\gradle-instrumentation-agent-9.2.1.jar 
java_command: org.gradle.launcher.daemon.bootstrap.GradleDaemon 9.2.1
java_class_path (initial): C:\Users\user\.gradle\wrapper\dists\gradle-9.2.1-bin\2t0n5ozlw9xmuyvbp7dnzaxug\gradle-9.2.1\lib\gradle-daemon-main-9.2.1.jar
Launcher Type: SUN_STANDARD

[Global flags]
     intx CICompilerCount                          = 4                                         {product} {ergonomic}
     uint ConcGCThreads                            = 2                                         {product} {ergonomic}
     uint G1ConcRefinementThreads                  = 8                                         {product} {ergonomic}
   size_t G1HeapRegionSize                         = 1048576                                   {product} {ergonomic}
    uintx GCDrainStackTargetSize                   = 64                                        {product} {ergonomic}
   size_t InitialHeapSize                          = 266338304                                 {product} {ergonomic}
   size_t MarkStackSize                            = 4194304                                   {product} {ergonomic}
   size_t MaxHeapSize                              = 2147483648                                {product} {command line}
   size_t MaxNewSize                               = 1287651328                                {product} {ergonomic}
   size_t MinHeapDeltaBytes                        = 1048576                                   {product} {ergonomic}
   size_t MinHeapSize                              = 8388608                                   {product} {ergonomic}
    uintx NonNMethodCodeHeapSize                   = 5839372                                {pd product} {ergonomic}
    uintx NonProfiledCodeHeapSize                  = 122909434                              {pd product} {ergonomic}
    uintx ProfiledCodeHeapSize                     = 122909434                              {pd product} {ergonomic}
    uintx ReservedCodeCacheSize                    = 251658240                              {pd product} {ergonomic}
     bool SegmentedCodeCache                       = true                                      {product} {ergonomic}
   size_t SoftMaxHeapSize                          = 2147483648                             {manageable} {ergonomic}
     bool UseCompressedOops                        = true                           {product lp64_product} {ergonomic}
     bool UseG1GC                                  = true                                      {product} {ergonomic}
     bool UseLargePagesIndividualAllocation        = false                                  {pd product} {ergonomic}

Logging:
Log output configuration:
 #0: stdout all=warning uptime,level,tags foldmultilines=false
 #1: stderr all=off uptime,level,tags foldmultilines=false

Release file:
JAVA_VERSION="21.0.9" 
MODULES="java.base java.compiler java.datatransfer java.xml java.prefs java.desktop java.instrument java.logging java.management java.security.sasl java.naming java.rmi java.management.rmi java.net.http java.scripting java.security.jgss java.transaction.xa java.sql java.sql.rowset java.xml.crypto java.se java.smartcardio jdk.accessibility jdk.internal.jvmstat jdk.attach jdk.charsets jdk.internal.opt jdk.zipfs jdk.compiler jdk.crypto.ec jdk.crypto.cryptoki jdk.dynalink jdk.hotspot.agent jdk.httpserver jdk.internal.ed jdk.internal.le jdk.internal.vm.ci jdk.jartool jdk.javadoc jdk.jcmd jdk.jdeps jdk.jdwp.agent jdk.jdi jdk.jfr jdk.jlink jdk.jsobject jdk.localedata jdk.management jdk.management.agent jdk.management.jfr jdk.naming.dns jdk.naming.rmi jdk.net jdk.sctp jdk.security.auth jdk.security.jgss jdk.unsupported jdk.unsupported.desktop jdk.xml.dom" 
IMPLEMENTOR="JetBrains s.r.o." 
JAVA_RUNTIME_VERSION="21.0.9+-14649483-b1163.86" 
LIBC="default" 
OS_ARCH="x86_64" 
OS_NAME="Windows" 
SOURCE=".:git:554d0c326095" 

Environment Variables:
PATH=C:\Program Files (x86)\VMware\VMware Player\bin\;C:\Program Files (x86)\Common Files\Oracle\Java\java8path;C:\Program Files (x86)\Common Files\Oracle\Java\javapath;C:\Windows\system32;C:\Windows;C:\Windows\System32\Wbem;C:\Windows\System32\WindowsPowerShell\v1.0\;C:\Windows\System32\OpenSSH\;C:\MinGW\bin;C:\Program Files\Git\cmd;C:\Program Files (x86)\Microsoft SQL Server\160\Tools\Binn\;C:\Program Files\Microsoft SQL Server\160\Tools\Binn\;C:\Program Files\Microsoft SQL Server\Client SDK\ODBC\170\Tools\Binn\;C:\Program Files\Microsoft SQL Server\160\DTS\Binn\;C:\Program Files (x86)\Microsoft SQL Server\160\DTS\Binn\;C:\laragon\bin\php\php-8.3.26-nts-Win32-vs16-x64;C:\laragon\bin;C:\laragon\bin\apache\httpd-2.4.54-win64-VS16\bin;C:\laragon\bin\composer;C:\laragon\bin\git\bin;C:\laragon\bin\git\cmd;C:\laragon\bin\git\mingw64\bin;C:\laragon\bin\git\usr\bin;C:\laragon\bin\laragon\utils;C:\laragon\bin\mysql\mysql-8.0.30-winx64\bin;C:\laragon\bin\nginx\nginx-1.22.0;C:\laragon\bin\ngrok;C:\laragon\bin\nodejs\node-v18;C:\laragon\bin\notepad++;C:\laragon\bin\php\php-8.3.26-nts-Win32-vs16-x64;C:\laragon\bin\python\python-3.10;C:\laragon\bin\python\python-3.10\Scripts;C:\laragon\bin\redis\redis-x64-5.0.14.1;C:\laragon\bin\telnet;C:\laragon\usr\bin;C:\Users\user\AppData\Local\Yarn\config\global\node_modules\.bin;C:\Users\user\AppData\Roaming\Composer\vendor\bin;C:\Users\user\AppData\Roaming\npm;C:\Users\user\AppData\Local\Programs\Python\Python313\Scripts\;C:\Users\user\AppData\Local\Programs\Python\Python313\;C:\Users\user\AppData\Local\Programs\Python\Launcher\;C:\Users\user\AppData\Local\Microsoft\WindowsApps;C:\Users\user\AppData\Local\Programs\Microsoft VS Code\bin;
USERNAME=user
OS=Windows_NT
PROCESSOR_IDENTIFIER=Intel64 Family 6 Model 142 Stepping 12, GenuineIntel
TMP=C:\Users\user\AppData\Local\Temp
TEMP=C:\Users\user\AppData\Local\Temp




Periodic native trim disabled

JNI global refs:
JNI global refs: 31, weak refs: 9

JNI global refs memory usage: 835, weak refs: 833

Process memory usage:
Resident Set Size: 609628K (3% of 16587672K total physical memory with 994060K free physical memory)

OOME stack traces (most recent first):
Classloader memory used:
Loader org.gradle.internal.classloader.VisitableURLClassLoader                         : 46032K
Loader org.gradle.internal.classloader.VisitableURLClassLoader$InstrumentingVisitableURLClassLoader: 33444K
Loader bootstrap                                                                       : 29577K
Loader org.gradle.initialization.MixInLegacyTypesClassLoader                           : 13272K
Loader jdk.internal.reflect.DelegatingClassLoader                                      : 489K
Loader jdk.internal.loader.ClassLoaders$AppClassLoader                                 : 233K
Loader org.gradle.internal.classloader.VisitableURLClassLoader                         : 206K
Loader jdk.internal.loader.ClassLoaders$PlatformClassLoader                            : 149K
Loader org.gradle.groovy.scripts.internal.DefaultScriptCompilationHandler$ScriptClassLoader: 128K

Classes loaded by more than one classloader:
Class Program                                                                         : loaded 5 times (x 72B)
Class Build_gradle                                                                    : loaded 3 times (x 126B)
Class com.google.common.collect.RegularImmutableMap$KeySet                            : loaded 2 times (x 152B)
Class org.gradle.internal.classloader.FilteringClassLoader                            : loaded 2 times (x 105B)
Class com.google.common.base.CharMatcher$IsEither                                     : loaded 2 times (x 111B)
Class org.gradle.internal.classloader.ClassLoaderHierarchy                            : loaded 2 times (x 70B)
Class com.google.common.collect.ImmutableEnumSet                                      : loaded 2 times (x 146B)
Class com.google.common.util.concurrent.ExecutionError                                : loaded 2 times (x 82B)
Class com.google.common.collect.ImmutableList$1                                       : loaded 2 times (x 97B)
Class org.gradle.api.internal.classpath.ManifestUtil                                  : loaded 2 times (x 71B)
Class com.google.common.io.ByteArrayDataOutput                                        : loaded 2 times (x 70B)
Class com.google.common.collect.RegularImmutableMap                                   : loaded 2 times (x 121B)
Class com.google.common.collect.ImmutableMap$MapViewOfValuesAsSingletonSets           : loaded 2 times (x 126B)
Class [Lorg.objectweb.asm.Symbol;                                                     : loaded 2 times (x 69B)
Class org.objectweb.asm.ClassVisitor                                                  : loaded 2 times (x 88B)
Class com.google.common.collect.UnmodifiableListIterator                              : loaded 2 times (x 95B)
Class com.google.common.base.Platform$JdkPatternCompiler                              : loaded 2 times (x 75B)
Class org.objectweb.asm.MethodTooLargeException                                       : loaded 2 times (x 83B)
Class [Lcom.google.common.cache.CacheBuilder$OneWeigher;                              : loaded 2 times (x 69B)
Class com.google.common.base.Suppliers                                                : loaded 2 times (x 71B)
Class org.gradle.internal.classloader.DefaultClassLoaderFactory                       : loaded 2 times (x 82B)
Class org.gradle.internal.classloader.ClassLoaderVisitor                              : loaded 2 times (x 76B)
Class [Lcom.google.common.collect.ImmutableMapEntry;                                  : loaded 2 times (x 69B)
Class org.gradle.api.internal.classpath.EffectiveClassPath                            : loaded 2 times (x 90B)
Class com.google.common.collect.ListMultimap                                          : loaded 2 times (x 70B)
Class com.google.common.collect.ImmutableEnumMap                                      : loaded 2 times (x 126B)
Class com.google.common.collect.ImmutableSet$SerializedForm                           : loaded 2 times (x 73B)
Class com.google.common.collect.Sets$1                                                : loaded 2 times (x 139B)
Class org.objectweb.asm.AnnotationVisitor                                             : loaded 2 times (x 78B)
Class org.gradle.api.internal.DefaultClassPathProvider                                : loaded 2 times (x 76B)
Class com.google.common.collect.Sets$2                                                : loaded 2 times (x 139B)
Class [Lorg.gradle.api.internal.ClassPathProvider;                                    : loaded 2 times (x 69B)
Class org.gradle.api.internal.ClassPathProvider                                       : loaded 2 times (x 70B)
Class [Lorg.objectweb.asm.AnnotationVisitor;                                          : loaded 2 times (x 69B)
Class com.google.common.collect.Sets$3                                                : loaded 2 times (x 139B)
Class com.google.common.cache.LocalCache$LocalLoadingCache                            : loaded 2 times (x 134B)
Class org.gradle.internal.service.UnknownServiceException                             : loaded 2 times (x 83B)
Class com.google.common.io.ByteArrayDataInput                                         : loaded 2 times (x 70B)
Class com.google.common.collect.Sets$4                                                : loaded 2 times (x 139B)
Class org.objectweb.asm.ModuleVisitor                                                 : loaded 2 times (x 81B)
Class com.google.common.cache.LocalCache$Strength$1                                   : loaded 2 times (x 81B)
Class com.google.common.util.concurrent.SettableFuture                                : loaded 2 times (x 114B)
Class com.google.common.cache.LocalCache$Strength$2                                   : loaded 2 times (x 81B)
Class com.google.common.io.ByteStreams                                                : loaded 2 times (x 71B)
Class com.google.common.cache.LocalCache$Strength$3                                   : loaded 2 times (x 81B)
Class com.google.common.collect.MapDifference                                         : loaded 2 times (x 70B)
Class org.objectweb.asm.FieldWriter                                                   : loaded 2 times (x 78B)
Class com.google.common.cache.CacheBuilder$NullListener                               : loaded 2 times (x 82B)
Class org.gradle.internal.classpath.TransformedClassPath                              : loaded 2 times (x 96B)
Class org.gradle.internal.classloader.InstrumentingClassLoader                        : loaded 2 times (x 70B)
Class com.google.common.cache.CacheLoader$FunctionToCacheLoader                       : loaded 2 times (x 75B)
Class com.google.common.collect.Iterators$ArrayItr                                    : loaded 2 times (x 97B)
Class com.google.common.collect.ImmutableCollection$Builder                           : loaded 2 times (x 76B)
Class com.google.common.base.Joiner                                                   : loaded 2 times (x 79B)
Class com.google.common.base.Equivalence$Identity                                     : loaded 2 times (x 82B)
Class com.google.common.collect.Platform                                              : loaded 2 times (x 71B)
Class [Lorg.objectweb.asm.Type;                                                       : loaded 2 times (x 69B)
Class com.google.common.collect.UnmodifiableIterator                                  : loaded 2 times (x 80B)
Class org.gradle.internal.service.ServiceLocator                                      : loaded 2 times (x 70B)
Class com.google.common.base.Ascii                                                    : loaded 2 times (x 71B)
Class com.google.common.collect.SingletonImmutableBiMap                               : loaded 2 times (x 143B)
Class com.google.common.cache.LocalCache$1                                            : loaded 2 times (x 89B)
Class com.google.common.collect.Iterators$SingletonIterator                           : loaded 2 times (x 81B)
Class com.google.common.collect.AbstractMapEntry                                      : loaded 2 times (x 81B)
Class com.google.common.collect.Sets$ImprovedAbstractSet                              : loaded 2 times (x 135B)
Class com.google.common.collect.ImmutableList$Builder                                 : loaded 2 times (x 77B)
Class com.google.common.collect.AbstractMultimap                                      : loaded 2 times (x 123B)
Class com.google.common.cache.LocalCache$2                                            : loaded 2 times (x 142B)
Class com.google.common.collect.RegularImmutableAsList                                : loaded 2 times (x 217B)
Class com.google.common.util.concurrent.AbstractFuture$Trusted                        : loaded 2 times (x 70B)
Class com.google.common.collect.Iterators                                             : loaded 2 times (x 71B)
Class com.google.common.collect.Lists$StringAsImmutableList                           : loaded 2 times (x 207B)
Class com.google.common.util.concurrent.UncheckedExecutionException                   : loaded 2 times (x 82B)
Class org.gradle.kotlin.dsl.VersionCatalogAccessorsKt                                 : loaded 2 times (x 71B)
Class ijKotlinCoroutineJvmDebugInit1_9sv6alppme9gmt0k1rtk5kuhh$_run_closure1$_closure2: loaded 2 times (x 139B)
Class com.google.common.collect.AbstractMapBasedMultimap$KeySet$1                     : loaded 2 times (x 82B)
Class org.objectweb.asm.ClassWriter                                                   : loaded 2 times (x 106B)
Class com.google.common.cache.CacheLoader$UnsupportedLoadingOperationException        : loaded 2 times (x 82B)
Class com.google.common.base.CharMatcher$And                                          : loaded 2 times (x 112B)
Class org.gradle.internal.classloader.ClasspathUtil$1                                 : loaded 2 times (x 76B)
Class org.objectweb.asm.FieldVisitor                                                  : loaded 2 times (x 77B)
Class com.google.common.collect.IndexedImmutableSet                                   : loaded 2 times (x 152B)
Class com.google.common.collect.ImmutableMap$1                                        : loaded 2 times (x 81B)
Class com.google.common.collect.BiMap                                                 : loaded 2 times (x 70B)
Class org.gradle.api.internal.classpath.DefaultModuleRegistry$DefaultModule           : loaded 2 times (x 86B)
Class com.google.common.primitives.Ints                                               : loaded 2 times (x 71B)
Class com.google.common.collect.AbstractIterator                                      : loaded 2 times (x 82B)
Class com.google.common.collect.ObjectArrays                                          : loaded 2 times (x 71B)
Class com.google.common.math.MathPreconditions                                        : loaded 2 times (x 71B)
Class com.google.common.collect.Multiset                                              : loaded 2 times (x 70B)
Class com.google.common.collect.ArrayListMultimapGwtSerializationDependencies         : loaded 2 times (x 172B)
Class com.google.common.collect.AbstractIndexedListIterator                           : loaded 2 times (x 96B)
Class com.google.common.collect.ImmutableMapEntrySet                                  : loaded 2 times (x 152B)
Class org.gradle.api.internal.classpath.Module                                        : loaded 2 times (x 70B)
Class com.google.common.cache.Weigher                                                 : loaded 2 times (x 70B)
Class org.gradle.api.internal.classpath.UnknownModuleException                        : loaded 2 times (x 82B)
Class com.google.common.base.Stopwatch                                                : loaded 2 times (x 72B)
Class com.google.common.cache.LocalCache$Strength                                     : loaded 2 times (x 81B)
Class com.google.common.cache.Cache                                                   : loaded 2 times (x 70B)
Class com.google.common.util.concurrent.AbstractFuture$Cancellation                   : loaded 2 times (x 72B)
Class com.google.common.collect.ImmutableMap$Builder                                  : loaded 2 times (x 82B)
Class com.google.common.cache.RemovalListener                                         : loaded 2 times (x 70B)
Class org.gradle.api.internal.DefaultClassPathRegistry                                : loaded 2 times (x 76B)
Class com.google.common.primitives.IntsMethodsForWeb                                  : loaded 2 times (x 71B)
Class com.google.common.collect.Multimap                                              : loaded 2 times (x 70B)
Class org.gradle.api.internal.ClassPathRegistry                                       : loaded 2 times (x 70B)
Class org.gradle.internal.classpath.DefaultClassPath$ImmutableUniqueList              : loaded 2 times (x 199B)
Class com.google.common.base.MoreObjects                                              : loaded 2 times (x 71B)
Class com.google.common.cache.CacheBuilder                                            : loaded 2 times (x 72B)
Class com.google.common.collect.SingletonImmutableList                                : loaded 2 times (x 207B)
Class Settings_gradle$1                                                               : loaded 2 times (x 74B)
Class org.gradle.internal.classpath.ClassPath                                         : loaded 2 times (x 70B)
Class com.google.common.base.JdkPattern                                               : loaded 2 times (x 75B)
Class com.google.common.collect.ImmutableList$ReverseImmutableList                    : loaded 2 times (x 209B)
Class ijKotlinCoroutineJvmDebugInit1_9sv6alppme9gmt0k1rtk5kuhh$_run_closure1          : loaded 2 times (x 139B)
Class org.objectweb.asm.SymbolTable$Entry                                             : loaded 2 times (x 74B)
Class org.objectweb.asm.Edge                                                          : loaded 2 times (x 72B)
Class com.google.common.base.Suppliers$SupplierOfInstance                             : loaded 2 times (x 79B)
Class com.google.common.collect.Iterators$1                                           : loaded 2 times (x 81B)
Class com.google.common.cache.LocalCache$ComputingValueReference                      : loaded 2 times (x 96B)
Class com.google.common.collect.SingletonImmutableSet                                 : loaded 2 times (x 146B)
Class com.google.common.collect.ImmutableMap$IteratorBasedImmutableMap                : loaded 2 times (x 126B)
Class com.google.common.cache.LocalCache$Segment                                      : loaded 2 times (x 154B)
Class com.google.common.collect.AbstractListMultimap                                  : loaded 2 times (x 172B)
Class [Lorg.objectweb.asm.SymbolTable$Entry;                                          : loaded 2 times (x 69B)
Class com.google.common.cache.CacheLoader                                             : loaded 2 times (x 74B)
Class com.google.common.collect.Iterators$4                                           : loaded 2 times (x 82B)
Class com.google.common.collect.ImmutableBiMap                                        : loaded 2 times (x 143B)
Class org.gradle.api.internal.classpath.ModuleRegistry                                : loaded 2 times (x 70B)
Class org.gradle.internal.installation.GradleInstallation$1                           : loaded 2 times (x 75B)
Class com.google.common.collect.ImmutableSet$JdkBackedSetBuilderImpl                  : loaded 2 times (x 76B)
Class com.google.common.util.concurrent.internal.InternalFutureFailureAccess          : loaded 2 times (x 72B)
Class com.google.common.collect.Iterators$5                                           : loaded 2 times (x 82B)
Class com.google.common.cache.LocalCache$LocalManualCache$1                           : loaded 2 times (x 75B)
Class com.google.common.base.CharMatcher$ForPredicate                                 : loaded 2 times (x 112B)
Class com.google.common.base.CharMatcher$AnyOf                                        : loaded 2 times (x 112B)
Class com.google.common.collect.ImmutableCollection                                   : loaded 2 times (x 125B)
Class org.gradle.api.internal.classpath.DefaultModuleRegistry                         : loaded 2 times (x 86B)
Class com.google.common.collect.Lists                                                 : loaded 2 times (x 71B)
Class com.google.common.util.concurrent.ListenableFuture                              : loaded 2 times (x 70B)
Class com.google.common.cache.ReferenceEntry                                          : loaded 2 times (x 70B)
Class com.google.common.base.Converter                                                : loaded 2 times (x 90B)
Class com.google.common.collect.ImmutableSet$CachingAsList                            : loaded 2 times (x 148B)
Class com.google.common.collect.AbstractMapBasedMultimap                              : loaded 2 times (x 139B)
Class com.google.common.util.concurrent.AbstractFuture                                : loaded 2 times (x 106B)
Class com.google.common.base.FunctionalEquivalence                                    : loaded 2 times (x 83B)
Class com.google.common.collect.Iterators$9                                           : loaded 2 times (x 81B)
Class com.google.common.collect.ImmutableAsList                                       : loaded 2 times (x 209B)
Class org.objectweb.asm.RecordComponentVisitor                                        : loaded 2 times (x 77B)
Class com.google.common.cache.CacheLoader$SupplierToCacheLoader                       : loaded 2 times (x 75B)
Class org.gradle.internal.service.ServiceLookupException                              : loaded 2 times (x 82B)
Class [Lcom.google.common.cache.LocalCache$EntryFactory;                              : loaded 2 times (x 69B)
Class org.gradle.internal.classloader.ClassLoaderFactory                              : loaded 2 times (x 70B)
Class com.google.common.base.CommonPattern                                            : loaded 2 times (x 74B)
Class com.google.common.cache.LocalCache$LocalManualCache                             : loaded 2 times (x 99B)
Class com.google.common.base.CharMatcher$IsNot                                        : loaded 2 times (x 111B)
Class org.gradle.internal.service.CachingServiceLocator                               : loaded 2 times (x 82B)
Class com.google.common.collect.AbstractMapBasedMultimap$KeySet                       : loaded 2 times (x 137B)
Class com.google.common.math.IntMath                                                  : loaded 2 times (x 71B)
Class com.google.common.collect.ImmutableMapEntry                                     : loaded 2 times (x 85B)
Class ijJvmDebugger1_dgb1k7ejekh1sld7z8yo85rke$_run_closure1$_closure2                : loaded 2 times (x 140B)
Class com.google.common.base.Equivalence                                              : loaded 2 times (x 82B)
Class com.google.common.base.Function                                                 : loaded 2 times (x 70B)
Class com.google.common.collect.ImmutableMapEntry$NonTerminalImmutableMapEntry        : loaded 2 times (x 85B)
Class com.google.common.cache.CacheBuilder$OneWeigher                                 : loaded 2 times (x 82B)
Class com.google.common.collect.RegularImmutableList                                  : loaded 2 times (x 213B)
Class org.gradle.internal.classloader.ClasspathUtil                                   : loaded 2 times (x 71B)
Class com.google.common.util.concurrent.Uninterruptibles                              : loaded 2 times (x 71B)
Class com.google.common.util.concurrent.LazyLogger                                    : loaded 2 times (x 72B)
Class com.google.common.collect.Maps                                                  : loaded 2 times (x 71B)
Class ijJvmDebugger1_dgb1k7ejekh1sld7z8yo85rke                                        : loaded 2 times (x 171B)
Class org.gradle.api.specs.Spec                                                       : loaded 2 times (x 70B)
Class [Lcom.google.common.collect.ImmutableEntry;                                     : loaded 2 times (x 69B)
Class com.google.common.cache.LocalCache$LoadingValueReference                        : loaded 2 times (x 96B)
Class com.google.common.base.Platform                                                 : loaded 2 times (x 71B)
Class [Lorg.objectweb.asm.AnnotationWriter;                                           : loaded 2 times (x 69B)
Class com.google.common.collect.Maps$8                                                : loaded 2 times (x 82B)
Class com.google.common.collect.Sets$SetView                                          : loaded 2 times (x 138B)
Class com.google.common.cache.LocalCache$StrongValueReference                         : loaded 2 times (x 90B)
Class org.objectweb.asm.Type                                                          : loaded 2 times (x 72B)
Class ijKotlinCoroutineJvmDebugInit1_9sv6alppme9gmt0k1rtk5kuhh                        : loaded 2 times (x 171B)
Class org.gradle.internal.classloader.VisitableURLClassLoader$InstrumentingVisitableURLClassLoader: loaded 2 times (x 123B)
Class com.google.common.math.IntMath$1                                                : loaded 2 times (x 71B)
Class org.objectweb.asm.ByteVector                                                    : loaded 2 times (x 79B)
Class [Lcom.google.common.cache.CacheBuilder$NullListener;                            : loaded 2 times (x 69B)
Class org.gradle.internal.classloader.VisitableURLClassLoader$Spec                    : loaded 2 times (x 74B)
Class org.gradle.internal.classpath.DefaultClassPath                                  : loaded 2 times (x 90B)
Class org.objectweb.asm.Symbol                                                        : loaded 2 times (x 73B)
Class com.google.common.io.Closer                                                     : loaded 2 times (x 78B)
Class com.google.common.base.CharMatcher$BitSetMatcher                                : loaded 2 times (x 112B)
Class com.google.common.collect.RegularImmutableMap$Values                            : loaded 2 times (x 207B)
Class com.google.common.collect.ImmutableSet                                          : loaded 2 times (x 145B)
Class org.gradle.internal.classloader.ClassLoaderSpec                                 : loaded 2 times (x 71B)
Class org.objectweb.asm.AnnotationWriter                                              : loaded 2 times (x 79B)
Class com.google.common.cache.CacheStats                                              : loaded 2 times (x 71B)
Class com.google.common.io.Closer$Suppressor                                          : loaded 2 times (x 70B)
Class org.objectweb.asm.RecordComponentWriter                                         : loaded 2 times (x 78B)
Class com.google.common.util.concurrent.AbstractFuture$Listener                       : loaded 2 times (x 72B)
Class com.google.common.base.CharMatcher$Or                                           : loaded 2 times (x 112B)
Class Settings_gradle$1$1                                                             : loaded 2 times (x 74B)
Class org.objectweb.asm.Attribute                                                     : loaded 2 times (x 77B)
Class com.google.common.base.Supplier                                                 : loaded 2 times (x 70B)
Class org.gradle.internal.classloader.VisitableURLClassLoader                         : loaded 2 times (x 117B)
Class Settings_gradle                                                                 : loaded 2 times (x 124B)
Class org.gradle.internal.Cast                                                        : loaded 2 times (x 71B)
Class org.gradle.api.Action                                                           : loaded 2 times (x 70B)
Class com.google.common.base.Strings                                                  : loaded 2 times (x 71B)
Class com.google.common.collect.Sets                                                  : loaded 2 times (x 71B)
Class org.objectweb.asm.Handler                                                       : loaded 2 times (x 72B)
Class com.google.common.base.Ticker                                                   : loaded 2 times (x 72B)
Class com.google.common.base.CharMatcher$FastMatcher                                  : loaded 2 times (x 111B)
Class [Lcom.google.common.cache.LocalCache$Segment;                                   : loaded 2 times (x 69B)
Class [Lcom.google.common.cache.LocalCache$Strength;                                  : loaded 2 times (x 69B)
Class com.google.common.cache.CacheBuilder$1                                          : loaded 2 times (x 85B)
Class com.google.common.base.Predicate                                                : loaded 2 times (x 70B)
Class com.google.common.collect.ImmutableMap                                          : loaded 2 times (x 120B)
Class org.gradle.internal.classpath.DefaultClassPath$ImmutableUniqueList$Builder      : loaded 2 times (x 75B)
Class com.google.common.cache.LocalCache                                              : loaded 2 times (x 187B)
Class com.google.common.cache.CacheBuilder$2                                          : loaded 2 times (x 79B)
Class com.google.common.base.CharMatcher$NegatedFastMatcher                           : loaded 2 times (x 113B)
Class com.google.common.collect.ArrayListMultimap                                     : loaded 2 times (x 172B)
Class com.google.common.cache.CacheBuilder$3                                          : loaded 2 times (x 72B)
Class [Lcom.google.common.collect.AbstractMapEntry;                                   : loaded 2 times (x 69B)
Class com.google.common.collect.ImmutableEntry                                        : loaded 2 times (x 82B)
Class org.gradle.api.GradleException                                                  : loaded 2 times (x 82B)
Class com.google.common.base.Suppliers$MemoizingSupplier                              : loaded 2 times (x 79B)
Class com.google.common.collect.CollectPreconditions                                  : loaded 2 times (x 71B)
Class com.google.common.collect.SortedMapDifference                                   : loaded 2 times (x 70B)
Class com.google.common.cache.LocalCache$EntryFactory                                 : loaded 2 times (x 83B)
Class com.google.common.cache.LocalCache$AbstractReferenceEntry                       : loaded 2 times (x 107B)
Class org.gradle.internal.IoActions                                                   : loaded 2 times (x 71B)
Class org.objectweb.asm.SymbolTable                                                   : loaded 2 times (x 72B)
Class com.google.common.cache.CacheLoader$InvalidCacheLoadException                   : loaded 2 times (x 82B)
Class com.google.common.collect.ImmutableSet$RegularSetBuilderImpl                    : loaded 2 times (x 77B)
Class org.gradle.internal.classloader.SystemClassLoaderSpec                           : loaded 2 times (x 71B)
Class com.google.common.cache.LocalCache$StrongEntry                                  : loaded 2 times (x 108B)
Class com.google.common.util.concurrent.AbstractFuture$TrustedFuture                  : loaded 2 times (x 114B)
Class com.google.common.cache.LoadingCache                                            : loaded 2 times (x 70B)
Class com.google.common.io.ByteStreams$LimitedInputStream                             : loaded 2 times (x 92B)
Class com.google.common.base.Suppliers$NonSerializableMemoizingSupplier               : loaded 2 times (x 79B)
Class org.objectweb.asm.MethodWriter                                                  : loaded 2 times (x 106B)
Class [Lcom.google.common.cache.Weigher;                                              : loaded 2 times (x 69B)
Class com.google.common.collect.RegularImmutableMap$BucketOverflowException           : loaded 2 times (x 82B)
Class com.google.common.collect.RegularImmutableBiMap                                 : loaded 2 times (x 149B)
Class com.google.common.cache.LocalCache$ValueReference                               : loaded 2 times (x 70B)
Class com.google.common.base.CharMatcher$Negated                                      : loaded 2 times (x 113B)
Class com.google.common.base.CharMatcher$Is                                           : loaded 2 times (x 111B)
Class com.google.common.base.PatternCompiler                                          : loaded 2 times (x 70B)
Class com.google.common.util.concurrent.AbstractFuture$Failure                        : loaded 2 times (x 72B)
Class com.google.common.base.Equivalence$Equals                                       : loaded 2 times (x 82B)
Class com.google.common.collect.Hashing                                               : loaded 2 times (x 71B)
Class com.google.common.base.Preconditions                                            : loaded 2 times (x 71B)
Class com.google.common.base.Joiner$1                                                 : loaded 2 times (x 80B)
Class org.objectweb.asm.Label                                                         : loaded 2 times (x 73B)
Class org.objectweb.asm.CurrentFrame                                                  : loaded 2 times (x 73B)
Class org.objectweb.asm.ClassTooLargeException                                        : loaded 2 times (x 83B)
Class com.google.common.base.CharMatcher                                              : loaded 2 times (x 111B)
Class com.google.common.collect.PeekingIterator                                       : loaded 2 times (x 70B)
Class com.google.common.base.Joiner$2                                                 : loaded 2 times (x 79B)
Class org.objectweb.asm.Frame                                                         : loaded 2 times (x 73B)
Class org.objectweb.asm.MethodVisitor                                                 : loaded 2 times (x 105B)
Class com.google.common.cache.LocalCache$EntryFactory$1                               : loaded 2 times (x 83B)
Class [Lcom.google.common.cache.RemovalListener;                                      : loaded 2 times (x 69B)
Class com.google.common.base.CharMatcher$NamedFastMatcher                             : loaded 2 times (x 112B)
Class com.google.common.base.CharMatcher$1                                            : loaded 2 times (x 113B)
Class com.google.common.cache.LocalCache$EntryFactory$2                               : loaded 2 times (x 83B)
Class org.gradle.api.internal.classpath.GlobalCacheRootsProvider                      : loaded 2 times (x 70B)
Class org.objectweb.asm.ModuleWriter                                                  : loaded 2 times (x 82B)
Class com.google.common.cache.LocalCache$EntryFactory$3                               : loaded 2 times (x 83B)
Class com.google.common.base.Ticker$1                                                 : loaded 2 times (x 72B)
Class com.google.common.collect.Maps$BiMapConverter                                   : loaded 2 times (x 90B)
Class com.google.common.collect.ImmutableMapEntrySet$RegularEntrySet                  : loaded 2 times (x 152B)
Class com.google.common.collect.ImmutableSet$Builder                                  : loaded 2 times (x 85B)
Class com.google.common.cache.LocalCache$EntryFactory$4                               : loaded 2 times (x 83B)
Class com.google.common.base.CharMatcher$InRange                                      : loaded 2 times (x 111B)
Class com.google.common.io.ByteStreams$1                                              : loaded 2 times (x 85B)
Class com.google.common.cache.LocalCache$EntryFactory$5                               : loaded 2 times (x 83B)
Class ijJvmDebugger1_dgb1k7ejekh1sld7z8yo85rke$_run_closure1                          : loaded 2 times (x 139B)
Class com.google.common.base.PairwiseEquivalence                                      : loaded 2 times (x 83B)
Class com.google.common.cache.LocalCache$EntryFactory$6                               : loaded 2 times (x 83B)
Class org.gradle.internal.installation.CurrentGradleInstallationLocator               : loaded 2 times (x 71B)
Class com.google.common.collect.Maps$KeySet                                           : loaded 2 times (x 137B)
Class com.google.common.collect.ImmutableSet$EmptySetBuilderImpl                      : loaded 2 times (x 76B)
Class com.google.common.cache.LocalCache$EntryFactory$7                               : loaded 2 times (x 83B)
Class com.google.common.collect.ImmutableList                                         : loaded 2 times (x 206B)
Class org.gradle.internal.service.DefaultServiceLocator                               : loaded 2 times (x 83B)
Class com.google.common.cache.LocalCache$EntryFactory$8                               : loaded 2 times (x 83B)
Class com.google.common.collect.ImmutableSet$SetBuilderImpl                           : loaded 2 times (x 76B)
Class org.gradle.internal.installation.CurrentGradleInstallation                      : loaded 2 times (x 73B)
Class com.google.common.cache.CacheLoader$1                                           : loaded 2 times (x 75B)
Class com.google.common.collect.ForwardingObject                                      : loaded 2 times (x 72B)
Class com.google.common.collect.ImmutableList$SubList                                 : loaded 2 times (x 209B)
Class org.gradle.util.internal.GUtil                                                  : loaded 2 times (x 71B)
Class com.google.common.cache.AbstractCache$StatsCounter                              : loaded 2 times (x 70B)
Class com.google.common.collect.Iterators$MergingIterator                             : loaded 2 times (x 81B)
Class com.google.common.collect.RegularImmutableSet                                   : loaded 2 times (x 149B)
Class org.gradle.internal.installation.GradleInstallation                             : loaded 2 times (x 75B)
Class com.google.common.collect.Iterables                                             : loaded 2 times (x 71B)

---------------  S Y S T E M  ---------------

OS:
 Windows 11 , 64 bit Build 22000 (10.0.22000.1880)
OS uptime: 63 days 18:24 hours
Hyper-V role detected

CPU: total 8 (initial active 8) (4 cores per cpu, 2 threads per core) family 6 model 142 stepping 12 microcode 0xea, cx8, cmov, fxsr, ht, mmx, 3dnowpref, sse, sse2, sse3, ssse3, sse4.1, sse4.2, popcnt, lzcnt, tsc, tscinvbit, avx, avx2, aes, erms, clmul, bmi1, bmi2, adx, fma, vzeroupper, clflush, clflushopt, hv, rdtscp, f16c
Processor Information for the first 8 processors :
  Max Mhz: 1992, Current Mhz: 1792, Mhz Limit: 1792

Memory: 4k page, system-wide physical 16198M (960M free)
TotalPageFile size 16198M (AvailPageFile size 10M)
current process WorkingSet (physical memory assigned to process): 597M, peak: 597M
current process commit charge ("private bytes"): 663M, peak: 695M

vm_info: OpenJDK 64-Bit Server VM (21.0.9+-14649483-b1163.86) for windows-amd64 JRE (21.0.9+-14649483-b1163.86), built on 2025-12-30T22:08:35Z by "builder" with MS VC++ 16.10 / 16.11 (VS2019)

END.
