#
# There is insufficient memory for the Java Runtime Environment to continue.
# Native memory allocation (mmap) failed to map 65011712 bytes. Error detail: G1 virtual space
# Possible reasons:
#   The system is out of physical RAM or swap space
#   This process is running with CompressedOops enabled, and the Java Heap may be blocking the growth of the native heap
# Possible solutions:
#   Reduce memory load on the system
#   Increase physical memory or swap space
#   Check if swap backing store is full
#   Decrease Java heap size (-Xmx/-Xms)
#   Decrease number of Java threads
#   Decrease Java thread stack sizes (-Xss)
#   Set larger code cache with -XX:ReservedCodeCacheSize=
#   JVM is running with Unscaled Compressed Oops mode in which the Java heap is
#     placed in the first 4GB address space. The Java Heap base address is the
#     maximum limit for the native heap growth. Please use -XX:HeapBaseMinAddress
#     to set the Java Heap base and to place the Java Heap above 4GB virtual address.
# This output file may be truncated or incomplete.
#
#  Out of Memory Error (os_windows.cpp:3925), pid=18440, tid=25304
#
# JRE version: OpenJDK Runtime Environment (21.0.9) (build 21.0.9+-14649483-b1163.86)
# Java VM: OpenJDK 64-Bit Server VM (21.0.9+-14649483-b1163.86, mixed mode, tiered, compressed oops, compressed class ptrs, g1 gc, windows-amd64)
# No core dump will be written. Minidumps are not enabled by default on client versions of Windows
#

---------------  S U M M A R Y ------------

Command Line: --add-opens=java.base/java.lang=ALL-UNNAMED --add-opens=java.base/java.lang.invoke=ALL-UNNAMED --add-opens=java.base/java.util=ALL-UNNAMED --add-opens=java.prefs/java.util.prefs=ALL-UNNAMED --add-exports=jdk.compiler/com.sun.tools.javac.api=ALL-UNNAMED --add-exports=jdk.compiler/com.sun.tools.javac.util=ALL-UNNAMED --add-opens=java.base/java.util=ALL-UNNAMED --add-opens=java.prefs/java.util.prefs=ALL-UNNAMED --add-opens=java.base/java.nio.charset=ALL-UNNAMED --add-opens=java.base/java.net=ALL-UNNAMED --add-opens=java.base/java.util.concurrent=ALL-UNNAMED --add-opens=java.base/java.util.concurrent.atomic=ALL-UNNAMED --add-opens=java.xml/javax.xml.namespace=ALL-UNNAMED --add-opens=java.base/java.time=ALL-UNNAMED -Xmx2048m -Dfile.encoding=UTF-8 -Duser.country=ID -Duser.language=en -Duser.variant -javaagent:C:\Users\user\.gradle\wrapper\dists\gradle-9.2.1-bin\2t0n5ozlw9xmuyvbp7dnzaxug\gradle-9.2.1\lib\agents\gradle-instrumentation-agent-9.2.1.jar org.gradle.launcher.daemon.bootstrap.GradleDaemon 9.2.1

Host: Intel(R) Core(TM) i7-8565U CPU @ 1.80GHz, 8 cores, 15G,  Windows 11 , 64 bit Build 22000 (10.0.22000.1880)
Time: Fri Feb 20 15:58:23 2026 SE Asia Standard Time elapsed time: 45.410163 seconds (0d 0h 0m 45s)

---------------  T H R E A D  ---------------

Current thread (0x0000020b674ece40):  VMThread "VM Thread"          [id=25304, stack(0x000000facf300000,0x000000facf400000) (1024K)]

Stack: [0x000000facf300000,0x000000facf400000]
Native frames: (J=compiled Java code, j=interpreted, Vv=VM code, C=native code)
V  [jvm.dll+0x6d6c99]
V  [jvm.dll+0x866b83]
V  [jvm.dll+0x86919e]
V  [jvm.dll+0x869883]
V  [jvm.dll+0x280776]
V  [jvm.dll+0x6d3555]
V  [jvm.dll+0x6c6bea]
V  [jvm.dll+0x3587fb]
V  [jvm.dll+0x360476]
V  [jvm.dll+0x3b2646]
V  [jvm.dll+0x3b2918]
V  [jvm.dll+0x32af0c]
V  [jvm.dll+0x32af97]
V  [jvm.dll+0x370e7c]
V  [jvm.dll+0x36f62e]
V  [jvm.dll+0x32a661]
V  [jvm.dll+0x36ed30]
V  [jvm.dll+0x86f608]
V  [jvm.dll+0x870984]
V  [jvm.dll+0x870ec0]
V  [jvm.dll+0x871153]
V  [jvm.dll+0x80f118]
V  [jvm.dll+0x6d54ed]
C  [ucrtbase.dll+0x26c0c]
C  [KERNEL32.DLL+0x155a0]
C  [ntdll.dll+0x485b]

VM_Operation (0x000000fad56f7270): G1CollectForAllocation, mode: safepoint, requested by thread 0x0000020b6db647c0


---------------  P R O C E S S  ---------------

Threads class SMR info:
_java_thread_list=0x0000020b7462af00, length=141, elements={
0x0000020b4d8a5c60, 0x0000020b6756a120, 0x0000020b6756dcd0, 0x0000020b675779a0,
0x0000020b67578cb0, 0x0000020b67579710, 0x0000020b6757ad90, 0x0000020b67595920,
0x0000020b67599ce0, 0x0000020b6759b790, 0x0000020b6c0060a0, 0x0000020b6d210e00,
0x0000020b6d4a2ce0, 0x0000020b6e5ad5b0, 0x0000020b6e1d3070, 0x0000020b6e1d36e0,
0x0000020b6e13ef40, 0x0000020b6dddb8e0, 0x0000020b6783b4f0, 0x0000020b6783cf30,
0x0000020b6783c210, 0x0000020b6783bb80, 0x0000020b6783ae60, 0x0000020b6783a7d0,
0x0000020b721c13c0, 0x0000020b721c6280, 0x0000020b721c5560, 0x0000020b721c41b0,
0x0000020b721c06a0, 0x0000020b721c5bf0, 0x0000020b721c4ed0, 0x0000020b721c4840,
0x0000020b721c6910, 0x0000020b721c20e0, 0x0000020b721c0d30, 0x0000020b721c7cc0,
0x0000020b721c3490, 0x0000020b721c1a50, 0x0000020b721c2e00, 0x0000020b721c3b20,
0x0000020b721c6fa0, 0x0000020b721c7630, 0x0000020b6eeea2b0, 0x0000020b6eeebcf0,
0x0000020b6eee9c20, 0x0000020b6eeeb660, 0x0000020b6eee67a0, 0x0000020b6eeeafd0,
0x0000020b6eeed730, 0x0000020b6eee81e0, 0x0000020b6eeea940, 0x0000020b6eee8870,
0x0000020b6eeec380, 0x0000020b6eeeca10, 0x0000020b6eee8f00, 0x0000020b6eeed0a0,
0x0000020b6eeeddc0, 0x0000020b6eee6e30, 0x0000020b6eee74c0, 0x0000020b6eee7b50,
0x0000020b700f75a0, 0x0000020b700faa20, 0x0000020b700f6f10, 0x0000020b700f7c30,
0x0000020b700fc460, 0x0000020b700fb740, 0x0000020b700fd180, 0x0000020b700f6880,
0x0000020b700f8950, 0x0000020b700fa390, 0x0000020b700fbdd0, 0x0000020b700f82c0,
0x0000020b700f9d00, 0x0000020b700fdea0, 0x0000020b700f8fe0, 0x0000020b700f9670,
0x0000020b700fb0b0, 0x0000020b700fcaf0, 0x0000020b6f275e30, 0x0000020b6f26fbc0,
0x0000020b6f271600, 0x0000020b6f2757a0, 0x0000020b6f26f530, 0x0000020b6f275110,
0x0000020b6f270250, 0x0000020b6f2729b0, 0x0000020b6f274a80, 0x0000020b6f2743f0,
0x0000020b6db64e50, 0x0000020b6db647c0, 0x0000020b6db682d0, 0x0000020b6db66890,
0x0000020b6db66f20, 0x0000020b6db675b0, 0x0000020b6db654e0, 0x0000020b6db65b70,
0x0000020b6db66200, 0x0000020b71103670, 0x0000020b71103d00, 0x0000020b710ffb60,
0x0000020b71105740, 0x0000020b71104390, 0x0000020b71106af0, 0x0000020b71106460,
0x0000020b711015a0, 0x0000020b711050b0, 0x0000020b71100880, 0x0000020b71102fe0,
0x0000020b71105dd0, 0x0000020b71100f10, 0x0000020b71101c30, 0x0000020b71102950,
0x0000020b7008fee0, 0x0000020b7008d780, 0x0000020b7008de10, 0x0000020b70090c00,
0x0000020b70091290, 0x0000020b70091920, 0x0000020b700939f0, 0x0000020b7008ca60,
0x0000020b70094080, 0x0000020b7008e4a0, 0x0000020b7008eb30, 0x0000020b6c77c6c0,
0x0000020b6c7798d0, 0x0000020b6c77ac80, 0x0000020b6c777800, 0x0000020b6c779f60,
0x0000020b6c77b310, 0x0000020b6c77d3e0, 0x0000020b6c777e90, 0x0000020b6c779240,
0x0000020b6c77e100, 0x0000020b6c77a5f0, 0x0000020b6c77cd50, 0x0000020b6c77b9a0,
0x0000020b73c5a010, 0x0000020b73c592f0, 0x0000020b73c55e70, 0x0000020b6c46e3d0,
0x0000020b6c46eaa0
}

Java Threads: ( => current thread )
  0x0000020b4d8a5c60 JavaThread "main"                              [_thread_blocked, id=13012, stack(0x000000facec00000,0x000000faced00000) (1024K)]
  0x0000020b6756a120 JavaThread "Common-Cleaner"             daemon [_thread_blocked, id=23336, stack(0x000000facf400000,0x000000facf500000) (1024K)]
  0x0000020b6756dcd0 JavaThread "Reference Handler"          daemon [_thread_blocked, id=14928, stack(0x000000facf500000,0x000000facf600000) (1024K)]
  0x0000020b675779a0 JavaThread "Finalizer"                  daemon [_thread_blocked, id=26152, stack(0x000000facf600000,0x000000facf700000) (1024K)]
  0x0000020b67578cb0 JavaThread "Signal Dispatcher"          daemon [_thread_blocked, id=22300, stack(0x000000facf700000,0x000000facf800000) (1024K)]
  0x0000020b67579710 JavaThread "Attach Listener"            daemon [_thread_blocked, id=20944, stack(0x000000facf800000,0x000000facf900000) (1024K)]
  0x0000020b6757ad90 JavaThread "Service Thread"             daemon [_thread_blocked, id=9356, stack(0x000000facf900000,0x000000facfa00000) (1024K)]
  0x0000020b67595920 JavaThread "Monitor Deflation Thread"   daemon [_thread_blocked, id=5616, stack(0x000000facfa00000,0x000000facfb00000) (1024K)]
  0x0000020b67599ce0 JavaThread "C2 CompilerThread0"         daemon [_thread_blocked, id=24788, stack(0x000000facfb00000,0x000000facfc00000) (1024K)]
  0x0000020b6759b790 JavaThread "C1 CompilerThread0"         daemon [_thread_blocked, id=23108, stack(0x000000facfc00000,0x000000facfd00000) (1024K)]
  0x0000020b6c0060a0 JavaThread "Notification Thread"        daemon [_thread_blocked, id=10660, stack(0x000000facfd00000,0x000000facfe00000) (1024K)]
  0x0000020b6d210e00 JavaThread "Daemon health stats"               [_thread_blocked, id=9568, stack(0x000000fad0400000,0x000000fad0500000) (1024K)]
  0x0000020b6d4a2ce0 JavaThread "Incoming local TCP Connector on port 62733"        [_thread_in_native, id=14720, stack(0x000000fad0500000,0x000000fad0600000) (1024K)]
  0x0000020b6e5ad5b0 JavaThread "Daemon periodic checks"            [_thread_blocked, id=2948, stack(0x000000fad0600000,0x000000fad0700000) (1024K)]
  0x0000020b6e1d3070 JavaThread "Daemon"                            [_thread_blocked, id=14088, stack(0x000000fad0700000,0x000000fad0800000) (1024K)]
  0x0000020b6e1d36e0 JavaThread "Handler for socket connection from /127.0.0.1:62733 to /127.0.0.1:62734"        [_thread_in_native, id=21436, stack(0x000000fad0800000,0x000000fad0900000) (1024K)]
  0x0000020b6e13ef40 JavaThread "Cancel handler"                    [_thread_blocked, id=9880, stack(0x000000fad0900000,0x000000fad0a00000) (1024K)]
  0x0000020b6dddb8e0 JavaThread "Daemon worker"                     [_thread_blocked, id=9892, stack(0x000000fad0d00000,0x000000fad0e00000) (1024K)]
  0x0000020b6783b4f0 JavaThread "Asynchronous log dispatcher for DefaultDaemonConnection: socket connection from /127.0.0.1:62733 to /127.0.0.1:62734"        [_thread_blocked, id=23436, stack(0x000000fad0e00000,0x000000fad0f00000) (1024K)]
  0x0000020b6783cf30 JavaThread "Stdin handler"                     [_thread_blocked, id=20156, stack(0x000000fad0f00000,0x000000fad1000000) (1024K)]
  0x0000020b6783c210 JavaThread "Daemon client event forwarder"        [_thread_blocked, id=24296, stack(0x000000fad1000000,0x000000fad1100000) (1024K)]
  0x0000020b6783bb80 JavaThread "Cache worker for journal cache (C:\Users\user\.gradle\caches\journal-1)"        [_thread_blocked, id=19952, stack(0x000000fad1100000,0x000000fad1200000) (1024K)]
  0x0000020b6783ae60 JavaThread "File lock request listener"        [_thread_in_native, id=4652, stack(0x000000fad1200000,0x000000fad1300000) (1024K)]
  0x0000020b6783a7d0 JavaThread "Cache worker for file hash cache (C:\Users\user\.gradle\caches\9.2.1\fileHashes)"        [_thread_blocked, id=12080, stack(0x000000fad1300000,0x000000fad1400000) (1024K)]
  0x0000020b721c13c0 JavaThread "Cache worker for file hash cache (C:\PRAKTAM2\.gradle\9.2.1\fileHashes)"        [_thread_blocked, id=17264, stack(0x000000fad1500000,0x000000fad1600000) (1024K)]
  0x0000020b721c6280 JavaThread "Cache worker for Build Output Cleanup Cache (C:\PRAKTAM2\.gradle\buildOutputCleanup)"        [_thread_blocked, id=2648, stack(0x000000fad1600000,0x000000fad1700000) (1024K)]
  0x0000020b721c5560 JavaThread "File watcher server"        daemon [_thread_blocked, id=18720, stack(0x000000fad1700000,0x000000fad1800000) (1024K)]
  0x0000020b721c41b0 JavaThread "File watcher consumer"      daemon [_thread_blocked, id=16608, stack(0x000000fad1800000,0x000000fad1900000) (1024K)]
  0x0000020b721c06a0 JavaThread "Cache worker for checksums cache (C:\PRAKTAM2\.gradle\9.2.1\checksums)"        [_thread_blocked, id=19092, stack(0x000000fad1900000,0x000000fad1a00000) (1024K)]
  0x0000020b721c5bf0 JavaThread "Cache worker for file content cache (C:\Users\user\.gradle\caches\9.2.1\fileContent)"        [_thread_blocked, id=2472, stack(0x000000fad1a00000,0x000000fad1b00000) (1024K)]
  0x0000020b721c4ed0 JavaThread "Cache worker for cache directory md-supplier (C:\Users\user\.gradle\caches\9.2.1\md-supplier)"        [_thread_blocked, id=8212, stack(0x000000fad1400000,0x000000fad1500000) (1024K)]
  0x0000020b721c4840 JavaThread "Cache worker for cache directory md-rule (C:\Users\user\.gradle\caches\9.2.1\md-rule)"        [_thread_blocked, id=17092, stack(0x000000fad1b00000,0x000000fad1c00000) (1024K)]
  0x0000020b721c6910 JavaThread "jar transforms"                    [_thread_blocked, id=24660, stack(0x000000fad1c00000,0x000000fad1d00000) (1024K)]
  0x0000020b721c20e0 JavaThread "jar transforms Thread 2"           [_thread_blocked, id=11920, stack(0x000000fad1d00000,0x000000fad1e00000) (1024K)]
  0x0000020b721c0d30 JavaThread "jar transforms Thread 3"           [_thread_blocked, id=23616, stack(0x000000fad1f00000,0x000000fad2000000) (1024K)]
  0x0000020b721c7cc0 JavaThread "Unconstrained build operations"        [_thread_blocked, id=24260, stack(0x000000fad2000000,0x000000fad2100000) (1024K)]
  0x0000020b721c3490 JavaThread "Unconstrained build operations Thread 2"        [_thread_blocked, id=6572, stack(0x000000fad2100000,0x000000fad2200000) (1024K)]
  0x0000020b721c1a50 JavaThread "Unconstrained build operations Thread 3"        [_thread_blocked, id=4504, stack(0x000000fad2200000,0x000000fad2300000) (1024K)]
  0x0000020b721c2e00 JavaThread "Unconstrained build operations Thread 4"        [_thread_blocked, id=27464, stack(0x000000fad2300000,0x000000fad2400000) (1024K)]
  0x0000020b721c3b20 JavaThread "Unconstrained build operations Thread 5"        [_thread_blocked, id=24520, stack(0x000000fad2400000,0x000000fad2500000) (1024K)]
  0x0000020b721c6fa0 JavaThread "Unconstrained build operations Thread 6"        [_thread_blocked, id=26364, stack(0x000000fad2500000,0x000000fad2600000) (1024K)]
  0x0000020b721c7630 JavaThread "Unconstrained build operations Thread 7"        [_thread_blocked, id=8112, stack(0x000000fad2600000,0x000000fad2700000) (1024K)]
  0x0000020b6eeea2b0 JavaThread "Unconstrained build operations Thread 8"        [_thread_blocked, id=7888, stack(0x000000fad2700000,0x000000fad2800000) (1024K)]
  0x0000020b6eeebcf0 JavaThread "Unconstrained build operations Thread 9"        [_thread_blocked, id=10388, stack(0x000000fad2800000,0x000000fad2900000) (1024K)]
  0x0000020b6eee9c20 JavaThread "Unconstrained build operations Thread 10"        [_thread_blocked, id=9320, stack(0x000000fad2900000,0x000000fad2a00000) (1024K)]
  0x0000020b6eeeb660 JavaThread "Unconstrained build operations Thread 11"        [_thread_blocked, id=13944, stack(0x000000fad2a00000,0x000000fad2b00000) (1024K)]
  0x0000020b6eee67a0 JavaThread "Unconstrained build operations Thread 12"        [_thread_blocked, id=22516, stack(0x000000fad2b00000,0x000000fad2c00000) (1024K)]
  0x0000020b6eeeafd0 JavaThread "Unconstrained build operations Thread 13"        [_thread_blocked, id=5748, stack(0x000000fad2c00000,0x000000fad2d00000) (1024K)]
  0x0000020b6eeed730 JavaThread "Unconstrained build operations Thread 14"        [_thread_blocked, id=26912, stack(0x000000fad2d00000,0x000000fad2e00000) (1024K)]
  0x0000020b6eee81e0 JavaThread "jar transforms Thread 4"           [_thread_blocked, id=23660, stack(0x000000fad2e00000,0x000000fad2f00000) (1024K)]
  0x0000020b6eeea940 JavaThread "jar transforms Thread 5"           [_thread_blocked, id=19648, stack(0x000000fad2f00000,0x000000fad3000000) (1024K)]
  0x0000020b6eee8870 JavaThread "Unconstrained build operations Thread 15"        [_thread_blocked, id=23696, stack(0x000000fad3000000,0x000000fad3100000) (1024K)]
  0x0000020b6eeec380 JavaThread "Unconstrained build operations Thread 16"        [_thread_blocked, id=23116, stack(0x000000fad3100000,0x000000fad3200000) (1024K)]
  0x0000020b6eeeca10 JavaThread "Unconstrained build operations Thread 17"        [_thread_blocked, id=27096, stack(0x000000fad3200000,0x000000fad3300000) (1024K)]
  0x0000020b6eee8f00 JavaThread "Unconstrained build operations Thread 18"        [_thread_blocked, id=24796, stack(0x000000fad3300000,0x000000fad3400000) (1024K)]
  0x0000020b6eeed0a0 JavaThread "Unconstrained build operations Thread 19"        [_thread_blocked, id=13772, stack(0x000000fad3400000,0x000000fad3500000) (1024K)]
  0x0000020b6eeeddc0 JavaThread "Unconstrained build operations Thread 20"        [_thread_blocked, id=26532, stack(0x000000fad3500000,0x000000fad3600000) (1024K)]
  0x0000020b6eee6e30 JavaThread "Unconstrained build operations Thread 21"        [_thread_blocked, id=20688, stack(0x000000fad3600000,0x000000fad3700000) (1024K)]
  0x0000020b6eee74c0 JavaThread "jar transforms Thread 6"           [_thread_blocked, id=18552, stack(0x000000fad3700000,0x000000fad3800000) (1024K)]
  0x0000020b6eee7b50 JavaThread "jar transforms Thread 7"           [_thread_blocked, id=15544, stack(0x000000fad1e00000,0x000000fad1f00000) (1024K)]
  0x0000020b700f75a0 JavaThread "jar transforms Thread 8"           [_thread_blocked, id=4124, stack(0x000000fad3800000,0x000000fad3900000) (1024K)]
  0x0000020b700faa20 JavaThread "Unconstrained build operations Thread 22"        [_thread_blocked, id=19680, stack(0x000000fad3900000,0x000000fad3a00000) (1024K)]
  0x0000020b700f6f10 JavaThread "Unconstrained build operations Thread 23"        [_thread_blocked, id=13736, stack(0x000000fad3a00000,0x000000fad3b00000) (1024K)]
  0x0000020b700f7c30 JavaThread "Unconstrained build operations Thread 24"        [_thread_blocked, id=6232, stack(0x000000fad3b00000,0x000000fad3c00000) (1024K)]
  0x0000020b700fc460 JavaThread "Unconstrained build operations Thread 25"        [_thread_blocked, id=27148, stack(0x000000fad3d00000,0x000000fad3e00000) (1024K)]
  0x0000020b700fb740 JavaThread "Unconstrained build operations Thread 26"        [_thread_blocked, id=20404, stack(0x000000fad3e00000,0x000000fad3f00000) (1024K)]
  0x0000020b700fd180 JavaThread "Unconstrained build operations Thread 27"        [_thread_blocked, id=17488, stack(0x000000fad3f00000,0x000000fad4000000) (1024K)]
  0x0000020b700f6880 JavaThread "Unconstrained build operations Thread 28"        [_thread_blocked, id=13040, stack(0x000000fad4000000,0x000000fad4100000) (1024K)]
  0x0000020b700f8950 JavaThread "Unconstrained build operations Thread 29"        [_thread_blocked, id=25956, stack(0x000000fad4100000,0x000000fad4200000) (1024K)]
  0x0000020b700fa390 JavaThread "Unconstrained build operations Thread 30"        [_thread_blocked, id=26752, stack(0x000000fad4200000,0x000000fad4300000) (1024K)]
  0x0000020b700fbdd0 JavaThread "Unconstrained build operations Thread 31"        [_thread_blocked, id=21884, stack(0x000000fad4300000,0x000000fad4400000) (1024K)]
  0x0000020b700f82c0 JavaThread "Unconstrained build operations Thread 32"        [_thread_blocked, id=23328, stack(0x000000fad4400000,0x000000fad4500000) (1024K)]
  0x0000020b700f9d00 JavaThread "Unconstrained build operations Thread 33"        [_thread_blocked, id=4600, stack(0x000000fad4500000,0x000000fad4600000) (1024K)]
  0x0000020b700fdea0 JavaThread "Unconstrained build operations Thread 34"        [_thread_blocked, id=18528, stack(0x000000fad4600000,0x000000fad4700000) (1024K)]
  0x0000020b700f8fe0 JavaThread "Unconstrained build operations Thread 35"        [_thread_blocked, id=28316, stack(0x000000fad4700000,0x000000fad4800000) (1024K)]
  0x0000020b700f9670 JavaThread "Unconstrained build operations Thread 36"        [_thread_blocked, id=2796, stack(0x000000fad4800000,0x000000fad4900000) (1024K)]
  0x0000020b700fb0b0 JavaThread "Unconstrained build operations Thread 37"        [_thread_blocked, id=28036, stack(0x000000fad4900000,0x000000fad4a00000) (1024K)]
  0x0000020b700fcaf0 JavaThread "Unconstrained build operations Thread 38"        [_thread_blocked, id=8320, stack(0x000000fad4a00000,0x000000fad4b00000) (1024K)]
  0x0000020b6f275e30 JavaThread "Unconstrained build operations Thread 39"        [_thread_blocked, id=1704, stack(0x000000fad3c00000,0x000000fad3d00000) (1024K)]
  0x0000020b6f26fbc0 JavaThread "Unconstrained build operations Thread 40"        [_thread_blocked, id=9056, stack(0x000000fad4b00000,0x000000fad4c00000) (1024K)]
  0x0000020b6f271600 JavaThread "Unconstrained build operations Thread 41"        [_thread_blocked, id=16796, stack(0x000000fad4c00000,0x000000fad4d00000) (1024K)]
  0x0000020b6f2757a0 JavaThread "Unconstrained build operations Thread 42"        [_thread_blocked, id=6396, stack(0x000000fad4d00000,0x000000fad4e00000) (1024K)]
  0x0000020b6f26f530 JavaThread "Unconstrained build operations Thread 43"        [_thread_blocked, id=9420, stack(0x000000fad4e00000,0x000000fad4f00000) (1024K)]
  0x0000020b6f275110 JavaThread "Unconstrained build operations Thread 44"        [_thread_blocked, id=11184, stack(0x000000fad4f00000,0x000000fad5000000) (1024K)]
  0x0000020b6f270250 JavaThread "Unconstrained build operations Thread 45"        [_thread_blocked, id=23416, stack(0x000000fad5000000,0x000000fad5100000) (1024K)]
  0x0000020b6f2729b0 JavaThread "build event listener"              [_thread_blocked, id=3988, stack(0x000000fad5100000,0x000000fad5200000) (1024K)]
  0x0000020b6f274a80 JavaThread "Memory manager"                    [_thread_blocked, id=14540, stack(0x000000fad5200000,0x000000fad5300000) (1024K)]
  0x0000020b6f2743f0 JavaThread "build event listener"              [_thread_blocked, id=27768, stack(0x000000fad5300000,0x000000fad5400000) (1024K)]
  0x0000020b6db64e50 JavaThread "included builds"                   [_thread_blocked, id=15380, stack(0x000000fad5500000,0x000000fad5600000) (1024K)]
  0x0000020b6db647c0 JavaThread "Execution worker"                  [_thread_blocked, id=3980, stack(0x000000fad5600000,0x000000fad5700000) (1024K)]
  0x0000020b6db682d0 JavaThread "Execution worker Thread 2"         [_thread_blocked, id=19496, stack(0x000000fad5700000,0x000000fad5800000) (1024K)]
  0x0000020b6db66890 JavaThread "Execution worker Thread 3"         [_thread_blocked, id=23884, stack(0x000000fad5800000,0x000000fad5900000) (1024K)]
  0x0000020b6db66f20 JavaThread "Execution worker Thread 4"         [_thread_blocked, id=25828, stack(0x000000fad5900000,0x000000fad5a00000) (1024K)]
  0x0000020b6db675b0 JavaThread "Execution worker Thread 5"         [_thread_blocked, id=3064, stack(0x000000fad5a00000,0x000000fad5b00000) (1024K)]
  0x0000020b6db654e0 JavaThread "Execution worker Thread 6"         [_thread_blocked, id=27752, stack(0x000000fad5b00000,0x000000fad5c00000) (1024K)]
  0x0000020b6db65b70 JavaThread "Execution worker Thread 7"         [_thread_blocked, id=26324, stack(0x000000fad5c00000,0x000000fad5d00000) (1024K)]
  0x0000020b6db66200 JavaThread "Cache worker for execution history cache (C:\PRAKTAM2\.gradle\9.2.1\executionHistory)"        [_thread_blocked, id=11804, stack(0x000000fad5d00000,0x000000fad5e00000) (1024K)]
  0x0000020b71103670 JavaThread "Unconstrained build operations Thread 46"        [_thread_blocked, id=21968, stack(0x000000fad5e00000,0x000000fad5f00000) (1024K)]
  0x0000020b71103d00 JavaThread "Unconstrained build operations Thread 47"        [_thread_blocked, id=20364, stack(0x000000fad5f00000,0x000000fad6000000) (1024K)]
  0x0000020b710ffb60 JavaThread "Unconstrained build operations Thread 48"        [_thread_blocked, id=13152, stack(0x000000fad6000000,0x000000fad6100000) (1024K)]
  0x0000020b71105740 JavaThread "Unconstrained build operations Thread 49"        [_thread_blocked, id=8796, stack(0x000000fad6100000,0x000000fad6200000) (1024K)]
  0x0000020b71104390 JavaThread "Unconstrained build operations Thread 50"        [_thread_blocked, id=28356, stack(0x000000fad6200000,0x000000fad6300000) (1024K)]
  0x0000020b71106af0 JavaThread "Unconstrained build operations Thread 51"        [_thread_blocked, id=26904, stack(0x000000fad6300000,0x000000fad6400000) (1024K)]
  0x0000020b71106460 JavaThread "Unconstrained build operations Thread 52"        [_thread_blocked, id=18716, stack(0x000000fad6400000,0x000000fad6500000) (1024K)]
  0x0000020b711015a0 JavaThread "Unconstrained build operations Thread 53"        [_thread_blocked, id=23512, stack(0x000000fad6500000,0x000000fad6600000) (1024K)]
  0x0000020b711050b0 JavaThread "Unconstrained build operations Thread 54"        [_thread_blocked, id=7708, stack(0x000000fad6600000,0x000000fad6700000) (1024K)]
  0x0000020b71100880 JavaThread "Unconstrained build operations Thread 55"        [_thread_blocked, id=11428, stack(0x000000fad6700000,0x000000fad6800000) (1024K)]
  0x0000020b71102fe0 JavaThread "Unconstrained build operations Thread 56"        [_thread_blocked, id=14008, stack(0x000000fad6800000,0x000000fad6900000) (1024K)]
  0x0000020b71105dd0 JavaThread "Unconstrained build operations Thread 57"        [_thread_blocked, id=9620, stack(0x000000fad6900000,0x000000fad6a00000) (1024K)]
  0x0000020b71100f10 JavaThread "Unconstrained build operations Thread 58"        [_thread_blocked, id=24056, stack(0x000000fad6a00000,0x000000fad6b00000) (1024K)]
  0x0000020b71101c30 JavaThread "Unconstrained build operations Thread 59"        [_thread_blocked, id=9436, stack(0x000000fad6b00000,0x000000fad6c00000) (1024K)]
  0x0000020b71102950 JavaThread "Unconstrained build operations Thread 60"        [_thread_blocked, id=16492, stack(0x000000fad6c00000,0x000000fad6d00000) (1024K)]
  0x0000020b7008fee0 JavaThread "Unconstrained build operations Thread 61"        [_thread_blocked, id=11824, stack(0x000000fad6d00000,0x000000fad6e00000) (1024K)]
  0x0000020b7008d780 JavaThread "Unconstrained build operations Thread 62"        [_thread_blocked, id=20440, stack(0x000000fad6e00000,0x000000fad6f00000) (1024K)]
  0x0000020b7008de10 JavaThread "Unconstrained build operations Thread 63"        [_thread_blocked, id=24740, stack(0x000000fad6f00000,0x000000fad7000000) (1024K)]
  0x0000020b70090c00 JavaThread "Unconstrained build operations Thread 64"        [_thread_blocked, id=26308, stack(0x000000fad7000000,0x000000fad7100000) (1024K)]
  0x0000020b70091290 JavaThread "Unconstrained build operations Thread 65"        [_thread_blocked, id=21636, stack(0x000000fad7100000,0x000000fad7200000) (1024K)]
  0x0000020b70091920 JavaThread "Unconstrained build operations Thread 66"        [_thread_blocked, id=2704, stack(0x000000fad7200000,0x000000fad7300000) (1024K)]
  0x0000020b700939f0 JavaThread "Unconstrained build operations Thread 67"        [_thread_blocked, id=3880, stack(0x000000fad7300000,0x000000fad7400000) (1024K)]
  0x0000020b7008ca60 JavaThread "Unconstrained build operations Thread 68"        [_thread_blocked, id=28108, stack(0x000000fad7400000,0x000000fad7500000) (1024K)]
  0x0000020b70094080 JavaThread "Unconstrained build operations Thread 69"        [_thread_blocked, id=24628, stack(0x000000fad7500000,0x000000fad7600000) (1024K)]
  0x0000020b7008e4a0 JavaThread "Unconstrained build operations Thread 70"        [_thread_blocked, id=22604, stack(0x000000fad7600000,0x000000fad7700000) (1024K)]
  0x0000020b7008eb30 JavaThread "Unconstrained build operations Thread 71"        [_thread_blocked, id=14452, stack(0x000000fad7700000,0x000000fad7800000) (1024K)]
  0x0000020b6c77c6c0 JavaThread "Unconstrained build operations Thread 72"        [_thread_blocked, id=1556, stack(0x000000fad7800000,0x000000fad7900000) (1024K)]
  0x0000020b6c7798d0 JavaThread "Unconstrained build operations Thread 73"        [_thread_blocked, id=25228, stack(0x000000fad7900000,0x000000fad7a00000) (1024K)]
  0x0000020b6c77ac80 JavaThread "Unconstrained build operations Thread 74"        [_thread_blocked, id=23888, stack(0x000000fad7a00000,0x000000fad7b00000) (1024K)]
  0x0000020b6c777800 JavaThread "Unconstrained build operations Thread 75"        [_thread_blocked, id=28476, stack(0x000000fad7b00000,0x000000fad7c00000) (1024K)]
  0x0000020b6c779f60 JavaThread "WorkerExecutor Queue"              [_thread_in_native, id=6152, stack(0x000000fad5400000,0x000000fad5500000) (1024K)]
  0x0000020b6c77b310 JavaThread "Unconstrained build operations Thread 76"        [_thread_blocked, id=8688, stack(0x000000fad7c00000,0x000000fad7d00000) (1024K)]
  0x0000020b6c77d3e0 JavaThread "Unconstrained build operations Thread 77"        [_thread_blocked, id=10420, stack(0x000000fad7d00000,0x000000fad7e00000) (1024K)]
  0x0000020b6c777e90 JavaThread "Unconstrained build operations Thread 78"        [_thread_blocked, id=22144, stack(0x000000fad7e00000,0x000000fad7f00000) (1024K)]
  0x0000020b6c779240 JavaThread "Unconstrained build operations Thread 79"        [_thread_blocked, id=19924, stack(0x000000fad7f00000,0x000000fad8000000) (1024K)]
  0x0000020b6c77e100 JavaThread "Unconstrained build operations Thread 80"        [_thread_blocked, id=8512, stack(0x000000fad8000000,0x000000fad8100000) (1024K)]
  0x0000020b6c77a5f0 JavaThread "RMI Scheduler(0)"           daemon [_thread_blocked, id=19512, stack(0x000000facfe00000,0x000000facff00000) (1024K)]
  0x0000020b6c77cd50 JavaThread "RMI RenewClean-[127.0.0.1:17298,org.jetbrains.kotlin.daemon.common.LoopbackNetworkInterface$ClientLoopbackSocketFactory@62c51a11]" daemon [_thread_blocked, id=16584, stack(0x000000fad8100000,0x000000fad8200000) (1024K)]
  0x0000020b6c77b9a0 JavaThread "RMI GC Daemon"              daemon [_thread_blocked, id=6712, stack(0x000000fad8200000,0x000000fad8300000) (1024K)]
  0x0000020b73c5a010 JavaThread "RMI TCP Accept-0"           daemon [_thread_in_native, id=11292, stack(0x000000fad8300000,0x000000fad8400000) (1024K)]
  0x0000020b73c592f0 JavaThread "RMI Reaper"                        [_thread_blocked, id=14000, stack(0x000000fad8400000,0x000000fad8500000) (1024K)]
  0x0000020b73c55e70 JavaThread "RMI TCP Connection(1)-127.0.0.1" daemon [_thread_in_native, id=16276, stack(0x000000fad8600000,0x000000fad8700000) (1024K)]
  0x0000020b6c46e3d0 JavaThread "C2 CompilerThread1"         daemon [_thread_blocked, id=20020, stack(0x000000fad8500000,0x000000fad8600000) (1024K)]
  0x0000020b6c46eaa0 JavaThread "C2 CompilerThread2"         daemon [_thread_in_native, id=1200, stack(0x000000fad8700000,0x000000fad8800000) (1024K)]
Total: 141

Other Threads:
=>0x0000020b674ece40 VMThread "VM Thread"                           [id=25304, stack(0x000000facf300000,0x000000facf400000) (1024K)]
  0x0000020b6736dca0 WatcherThread "VM Periodic Task Thread"        [id=27696, stack(0x000000facf200000,0x000000facf300000) (1024K)]
  0x0000020b4fc963b0 WorkerThread "GC Thread#0"                     [id=20748, stack(0x000000faced00000,0x000000facee00000) (1024K)]
  0x0000020b6c53ea90 WorkerThread "GC Thread#1"                     [id=9736, stack(0x000000facff00000,0x000000fad0000000) (1024K)]
  0x0000020b6c53ee30 WorkerThread "GC Thread#2"                     [id=25036, stack(0x000000fad0000000,0x000000fad0100000) (1024K)]
  0x0000020b6c53f1d0 WorkerThread "GC Thread#3"                     [id=17532, stack(0x000000fad0100000,0x000000fad0200000) (1024K)]
  0x0000020b6c53f570 WorkerThread "GC Thread#4"                     [id=17096, stack(0x000000fad0200000,0x000000fad0300000) (1024K)]
  0x0000020b6c437a20 WorkerThread "GC Thread#5"                     [id=19860, stack(0x000000fad0300000,0x000000fad0400000) (1024K)]
  0x0000020b6de3b380 WorkerThread "GC Thread#6"                     [id=3408, stack(0x000000fad0a00000,0x000000fad0b00000) (1024K)]
  0x0000020b6d68d9a0 WorkerThread "GC Thread#7"                     [id=11208, stack(0x000000fad0b00000,0x000000fad0c00000) (1024K)]
  0x0000020b4fca7660 ConcurrentGCThread "G1 Main Marker"            [id=25280, stack(0x000000facee00000,0x000000facef00000) (1024K)]
  0x0000020b4fca8900 WorkerThread "G1 Conc#0"                       [id=26840, stack(0x000000facef00000,0x000000facf000000) (1024K)]
  0x0000020b6c2720e0 WorkerThread "G1 Conc#1"                       [id=28536, stack(0x000000fad0c00000,0x000000fad0d00000) (1024K)]
  0x0000020b4fd0e9a0 ConcurrentGCThread "G1 Refine#0"               [id=21216, stack(0x000000facf000000,0x000000facf100000) (1024K)]
  0x0000020b67240a70 ConcurrentGCThread "G1 Service"                [id=18992, stack(0x000000facf100000,0x000000facf200000) (1024K)]
Total: 15

Threads with active compile tasks:
C2 CompilerThread0  45451 20843       4       com.android.tools.r8.internal.t52::a (2026 bytes)
C2 CompilerThread1  45451 20818       4       com.android.tools.r8.internal.t52::a (3042 bytes)
C2 CompilerThread2  45451 20823       4       com.android.tools.r8.internal.t52::c (803 bytes)
Total: 3

VM state: at safepoint (normal execution)

VM Mutex/Monitor currently owned by a thread:  ([mutex/lock_event])
[0x00007ff921818690] Threads_lock - owner thread: 0x0000020b674ece40
[0x00007ff921818790] Heap_lock - owner thread: 0x0000020b6db647c0

Heap address: 0x0000000080000000, size: 2048 MB, Compressed Oops mode: 32-bit

CDS archive(s) not mapped
Compressed class space mapped at: 0x0000000100000000-0x0000000140000000, reserved size: 1073741824
Narrow klass base: 0x0000000000000000, Narrow klass shift: 3, Narrow klass range: 0x140000000

GC Precious Log:
 CardTable entry size: 512
 Card Set container configuration: InlinePtr #cards 5 size 8 Array Of Cards #cards 12 size 40 Howl #buckets 4 coarsen threshold 1843 Howl Bitmap #cards 512 size 80 coarsen threshold 460 Card regions per heap region 1 cards per card region 2048
 CPUs: 8 total, 8 available
 Memory: 16198M
 Large Page Support: Disabled
 NUMA Support: Disabled
 Compressed Oops: Enabled (32-bit)
 Heap Region Size: 1M
 Heap Min Capacity: 8M
 Heap Initial Capacity: 254M
 Heap Max Capacity: 2G
 Pre-touch: Disabled
 Parallel Workers: 8
 Concurrent Workers: 2
 Concurrent Refinement Workers: 8
 Periodic GC: Disabled

Heap:
 garbage-first heap   total 519168K, used 306521K [0x0000000080000000, 0x0000000100000000)
  region size 1024K, 12 young (12288K), 12 survivors (12288K)
 Metaspace       used 138472K, committed 140992K, reserved 1179648K
  class space    used 19805K, committed 20992K, reserved 1048576K

Heap Regions: E=young(eden), S=young(survivor), O=old, HS=humongous(starts), HC=humongous(continues), CS=collection set, F=free, TAMS=top-at-mark-start, PB=parsable bottom
|   0|0x0000000080000000, 0x0000000080100000, 0x0000000080100000|100%|HS|  |TAMS 0x0000000080000000| PB 0x0000000080000000| Complete 
|   1|0x0000000080100000, 0x0000000080200000, 0x0000000080200000|100%|HC|  |TAMS 0x0000000080100000| PB 0x0000000080100000| Complete 
|   2|0x0000000080200000, 0x0000000080300000, 0x0000000080300000|100%|HC|  |TAMS 0x0000000080200000| PB 0x0000000080200000| Complete 
|   3|0x0000000080300000, 0x0000000080400000, 0x0000000080400000|100%|HC|  |TAMS 0x0000000080300000| PB 0x0000000080300000| Complete 
|   4|0x0000000080400000, 0x0000000080500000, 0x0000000080500000|100%| O|  |TAMS 0x0000000080400000| PB 0x0000000080400000| Untracked 
|   5|0x0000000080500000, 0x0000000080600000, 0x0000000080600000|100%| O|  |TAMS 0x0000000080500000| PB 0x0000000080500000| Untracked 
|   6|0x0000000080600000, 0x0000000080700000, 0x0000000080700000|100%| O|  |TAMS 0x0000000080600000| PB 0x0000000080600000| Untracked 
|   7|0x0000000080700000, 0x0000000080800000, 0x0000000080800000|100%|HS|  |TAMS 0x0000000080700000| PB 0x0000000080700000| Complete 
|   8|0x0000000080800000, 0x0000000080900000, 0x0000000080900000|100%| O|  |TAMS 0x0000000080800000| PB 0x0000000080800000| Untracked 
|   9|0x0000000080900000, 0x0000000080a00000, 0x0000000080a00000|100%| O|  |TAMS 0x0000000080900000| PB 0x0000000080900000| Untracked 
|  10|0x0000000080a00000, 0x0000000080b00000, 0x0000000080b00000|100%| O|  |TAMS 0x0000000080a00000| PB 0x0000000080a00000| Untracked 
|  11|0x0000000080b00000, 0x0000000080c00000, 0x0000000080c00000|100%| O|  |TAMS 0x0000000080b00000| PB 0x0000000080b00000| Untracked 
|  12|0x0000000080c00000, 0x0000000080d00000, 0x0000000080d00000|100%| O|  |TAMS 0x0000000080c00000| PB 0x0000000080c00000| Untracked 
|  13|0x0000000080d00000, 0x0000000080e00000, 0x0000000080e00000|100%| O|  |TAMS 0x0000000080d00000| PB 0x0000000080d00000| Untracked 
|  14|0x0000000080e00000, 0x0000000080f00000, 0x0000000080f00000|100%| O|  |TAMS 0x0000000080e00000| PB 0x0000000080e00000| Untracked 
|  15|0x0000000080f00000, 0x0000000081000000, 0x0000000081000000|100%| O|  |TAMS 0x0000000080f00000| PB 0x0000000080f00000| Untracked 
|  16|0x0000000081000000, 0x0000000081100000, 0x0000000081100000|100%| O|  |TAMS 0x0000000081000000| PB 0x0000000081000000| Untracked 
|  17|0x0000000081100000, 0x0000000081200000, 0x0000000081200000|100%| O|  |TAMS 0x0000000081100000| PB 0x0000000081100000| Untracked 
|  18|0x0000000081200000, 0x0000000081300000, 0x0000000081300000|100%| O|  |TAMS 0x0000000081200000| PB 0x0000000081200000| Untracked 
|  19|0x0000000081300000, 0x0000000081400000, 0x0000000081400000|100%| O|  |TAMS 0x0000000081300000| PB 0x0000000081300000| Untracked 
|  20|0x0000000081400000, 0x0000000081500000, 0x0000000081500000|100%| O|  |TAMS 0x0000000081400000| PB 0x0000000081400000| Untracked 
|  21|0x0000000081500000, 0x0000000081600000, 0x0000000081600000|100%| O|  |TAMS 0x0000000081500000| PB 0x0000000081500000| Untracked 
|  22|0x0000000081600000, 0x0000000081700000, 0x0000000081700000|100%| O|  |TAMS 0x0000000081600000| PB 0x0000000081600000| Untracked 
|  23|0x0000000081700000, 0x0000000081800000, 0x0000000081800000|100%| O|  |TAMS 0x0000000081700000| PB 0x0000000081700000| Untracked 
|  24|0x0000000081800000, 0x0000000081900000, 0x0000000081900000|100%| O|  |TAMS 0x0000000081800000| PB 0x0000000081800000| Untracked 
|  25|0x0000000081900000, 0x0000000081a00000, 0x0000000081a00000|100%| O|  |TAMS 0x0000000081900000| PB 0x0000000081900000| Untracked 
|  26|0x0000000081a00000, 0x0000000081b00000, 0x0000000081b00000|100%| O|  |TAMS 0x0000000081a00000| PB 0x0000000081a00000| Untracked 
|  27|0x0000000081b00000, 0x0000000081c00000, 0x0000000081c00000|100%| O|  |TAMS 0x0000000081b00000| PB 0x0000000081b00000| Untracked 
|  28|0x0000000081c00000, 0x0000000081d00000, 0x0000000081d00000|100%| O|  |TAMS 0x0000000081c00000| PB 0x0000000081c00000| Untracked 
|  29|0x0000000081d00000, 0x0000000081e00000, 0x0000000081e00000|100%| O|  |TAMS 0x0000000081d00000| PB 0x0000000081d00000| Untracked 
|  30|0x0000000081e00000, 0x0000000081f00000, 0x0000000081f00000|100%| O|  |TAMS 0x0000000081e00000| PB 0x0000000081e00000| Untracked 
|  31|0x0000000081f00000, 0x0000000082000000, 0x0000000082000000|100%|HS|  |TAMS 0x0000000081f00000| PB 0x0000000081f00000| Complete 
|  32|0x0000000082000000, 0x0000000082100000, 0x0000000082100000|100%|HC|  |TAMS 0x0000000082000000| PB 0x0000000082000000| Complete 
|  33|0x0000000082100000, 0x0000000082200000, 0x0000000082200000|100%| O|  |TAMS 0x0000000082100000| PB 0x0000000082100000| Untracked 
|  34|0x0000000082200000, 0x0000000082300000, 0x0000000082300000|100%| O|  |TAMS 0x0000000082200000| PB 0x0000000082200000| Untracked 
|  35|0x0000000082300000, 0x0000000082400000, 0x0000000082400000|100%|HS|  |TAMS 0x0000000082300000| PB 0x0000000082300000| Complete 
|  36|0x0000000082400000, 0x0000000082500000, 0x0000000082500000|100%| O|  |TAMS 0x0000000082400000| PB 0x0000000082400000| Untracked 
|  37|0x0000000082500000, 0x0000000082600000, 0x0000000082600000|100%|HS|  |TAMS 0x0000000082500000| PB 0x0000000082500000| Complete 
|  38|0x0000000082600000, 0x0000000082700000, 0x0000000082700000|100%|HS|  |TAMS 0x0000000082600000| PB 0x0000000082600000| Complete 
|  39|0x0000000082700000, 0x0000000082800000, 0x0000000082800000|100%|HC|  |TAMS 0x0000000082700000| PB 0x0000000082700000| Complete 
|  40|0x0000000082800000, 0x0000000082900000, 0x0000000082900000|100%| O|  |TAMS 0x0000000082800000| PB 0x0000000082800000| Untracked 
|  41|0x0000000082900000, 0x0000000082a00000, 0x0000000082a00000|100%| O|  |TAMS 0x0000000082900000| PB 0x0000000082900000| Untracked 
|  42|0x0000000082a00000, 0x0000000082b00000, 0x0000000082b00000|100%| O|  |TAMS 0x0000000082a00000| PB 0x0000000082a00000| Untracked 
|  43|0x0000000082b00000, 0x0000000082c00000, 0x0000000082c00000|100%| O|  |TAMS 0x0000000082b00000| PB 0x0000000082b00000| Untracked 
|  44|0x0000000082c00000, 0x0000000082d00000, 0x0000000082d00000|100%| O|  |TAMS 0x0000000082c00000| PB 0x0000000082c00000| Untracked 
|  45|0x0000000082d00000, 0x0000000082e00000, 0x0000000082e00000|100%| O|  |TAMS 0x0000000082d00000| PB 0x0000000082d00000| Untracked 
|  46|0x0000000082e00000, 0x0000000082f00000, 0x0000000082f00000|100%| O|  |TAMS 0x0000000082e00000| PB 0x0000000082e00000| Untracked 
|  47|0x0000000082f00000, 0x0000000083000000, 0x0000000083000000|100%| O|  |TAMS 0x0000000082f00000| PB 0x0000000082f00000| Untracked 
|  48|0x0000000083000000, 0x0000000083100000, 0x0000000083100000|100%| O|  |TAMS 0x0000000083000000| PB 0x0000000083000000| Untracked 
|  49|0x0000000083100000, 0x0000000083200000, 0x0000000083200000|100%| O|  |TAMS 0x0000000083100000| PB 0x0000000083100000| Untracked 
|  50|0x0000000083200000, 0x0000000083300000, 0x0000000083300000|100%| O|  |TAMS 0x0000000083200000| PB 0x0000000083200000| Untracked 
|  51|0x0000000083300000, 0x0000000083400000, 0x0000000083400000|100%| O|  |TAMS 0x0000000083300000| PB 0x0000000083300000| Untracked 
|  52|0x0000000083400000, 0x0000000083500000, 0x0000000083500000|100%| O|  |TAMS 0x0000000083400000| PB 0x0000000083400000| Untracked 
|  53|0x0000000083500000, 0x0000000083600000, 0x0000000083600000|100%| O|  |TAMS 0x0000000083500000| PB 0x0000000083500000| Untracked 
|  54|0x0000000083600000, 0x0000000083700000, 0x0000000083700000|100%|HS|  |TAMS 0x0000000083600000| PB 0x0000000083600000| Complete 
|  55|0x0000000083700000, 0x0000000083800000, 0x0000000083800000|100%| O|  |TAMS 0x0000000083700000| PB 0x0000000083700000| Untracked 
|  56|0x0000000083800000, 0x0000000083900000, 0x0000000083900000|100%|HS|  |TAMS 0x0000000083800000| PB 0x0000000083800000| Complete 
|  57|0x0000000083900000, 0x0000000083a00000, 0x0000000083a00000|100%| O|  |TAMS 0x0000000083900000| PB 0x0000000083900000| Untracked 
|  58|0x0000000083a00000, 0x0000000083b00000, 0x0000000083b00000|100%| O|  |TAMS 0x0000000083a00000| PB 0x0000000083a00000| Untracked 
|  59|0x0000000083b00000, 0x0000000083c00000, 0x0000000083c00000|100%|HS|  |TAMS 0x0000000083b00000| PB 0x0000000083b00000| Complete 
|  60|0x0000000083c00000, 0x0000000083d00000, 0x0000000083d00000|100%|HC|  |TAMS 0x0000000083c00000| PB 0x0000000083c00000| Complete 
|  61|0x0000000083d00000, 0x0000000083e00000, 0x0000000083e00000|100%|HS|  |TAMS 0x0000000083d00000| PB 0x0000000083d00000| Complete 
|  62|0x0000000083e00000, 0x0000000083f00000, 0x0000000083f00000|100%| O|  |TAMS 0x0000000083e00000| PB 0x0000000083e00000| Untracked 
|  63|0x0000000083f00000, 0x0000000084000000, 0x0000000084000000|100%| O|  |TAMS 0x0000000083f00000| PB 0x0000000083f00000| Untracked 
|  64|0x0000000084000000, 0x0000000084100000, 0x0000000084100000|100%| O|  |TAMS 0x0000000084000000| PB 0x0000000084000000| Untracked 
|  65|0x0000000084100000, 0x0000000084200000, 0x0000000084200000|100%|HS|  |TAMS 0x0000000084100000| PB 0x0000000084100000| Complete 
|  66|0x0000000084200000, 0x0000000084300000, 0x0000000084300000|100%| O|  |TAMS 0x0000000084200000| PB 0x0000000084200000| Untracked 
|  67|0x0000000084300000, 0x0000000084400000, 0x0000000084400000|100%| O|  |TAMS 0x0000000084300000| PB 0x0000000084300000| Untracked 
|  68|0x0000000084400000, 0x0000000084500000, 0x0000000084500000|100%| O|  |TAMS 0x0000000084400000| PB 0x0000000084400000| Untracked 
|  69|0x0000000084500000, 0x0000000084600000, 0x0000000084600000|100%| O|  |TAMS 0x0000000084500000| PB 0x0000000084500000| Untracked 
|  70|0x0000000084600000, 0x0000000084700000, 0x0000000084700000|100%| O|  |TAMS 0x0000000084600000| PB 0x0000000084600000| Untracked 
|  71|0x0000000084700000, 0x0000000084800000, 0x0000000084800000|100%| O|  |TAMS 0x0000000084700000| PB 0x0000000084700000| Untracked 
|  72|0x0000000084800000, 0x0000000084900000, 0x0000000084900000|100%|HS|  |TAMS 0x0000000084800000| PB 0x0000000084800000| Complete 
|  73|0x0000000084900000, 0x0000000084a00000, 0x0000000084a00000|100%| O|  |TAMS 0x0000000084900000| PB 0x0000000084900000| Untracked 
|  74|0x0000000084a00000, 0x0000000084b00000, 0x0000000084b00000|100%| O|  |TAMS 0x0000000084a00000| PB 0x0000000084a00000| Untracked 
|  75|0x0000000084b00000, 0x0000000084c00000, 0x0000000084c00000|100%| O|  |TAMS 0x0000000084b00000| PB 0x0000000084b00000| Untracked 
|  76|0x0000000084c00000, 0x0000000084d00000, 0x0000000084d00000|100%| O|  |TAMS 0x0000000084c00000| PB 0x0000000084c00000| Untracked 
|  77|0x0000000084d00000, 0x0000000084e00000, 0x0000000084e00000|100%| O|  |TAMS 0x0000000084d00000| PB 0x0000000084d00000| Untracked 
|  78|0x0000000084e00000, 0x0000000084f00000, 0x0000000084f00000|100%| O|  |TAMS 0x0000000084e00000| PB 0x0000000084e00000| Untracked 
|  79|0x0000000084f00000, 0x0000000085000000, 0x0000000085000000|100%| O|  |TAMS 0x0000000084f00000| PB 0x0000000084f00000| Untracked 
|  80|0x0000000085000000, 0x0000000085100000, 0x0000000085100000|100%| O|  |TAMS 0x0000000085000000| PB 0x0000000085000000| Untracked 
|  81|0x0000000085100000, 0x0000000085200000, 0x0000000085200000|100%| O|  |TAMS 0x0000000085100000| PB 0x0000000085100000| Untracked 
|  82|0x0000000085200000, 0x0000000085300000, 0x0000000085300000|100%| O|  |TAMS 0x0000000085200000| PB 0x0000000085200000| Untracked 
|  83|0x0000000085300000, 0x0000000085400000, 0x0000000085400000|100%| O|  |TAMS 0x0000000085300000| PB 0x0000000085300000| Untracked 
|  84|0x0000000085400000, 0x0000000085500000, 0x0000000085500000|100%| O|  |TAMS 0x0000000085400000| PB 0x0000000085400000| Untracked 
|  85|0x0000000085500000, 0x0000000085600000, 0x0000000085600000|100%| O|  |TAMS 0x0000000085500000| PB 0x0000000085500000| Untracked 
|  86|0x0000000085600000, 0x0000000085700000, 0x0000000085700000|100%| O|  |TAMS 0x0000000085600000| PB 0x0000000085600000| Untracked 
|  87|0x0000000085700000, 0x0000000085800000, 0x0000000085800000|100%| O|  |TAMS 0x0000000085700000| PB 0x0000000085700000| Untracked 
|  88|0x0000000085800000, 0x0000000085900000, 0x0000000085900000|100%| O|  |TAMS 0x0000000085800000| PB 0x0000000085800000| Untracked 
|  89|0x0000000085900000, 0x0000000085a00000, 0x0000000085a00000|100%| O|  |TAMS 0x0000000085900000| PB 0x0000000085900000| Untracked 
|  90|0x0000000085a00000, 0x0000000085b00000, 0x0000000085b00000|100%| O|  |TAMS 0x0000000085a00000| PB 0x0000000085a00000| Untracked 
|  91|0x0000000085b00000, 0x0000000085c00000, 0x0000000085c00000|100%| O|  |TAMS 0x0000000085b00000| PB 0x0000000085b00000| Untracked 
|  92|0x0000000085c00000, 0x0000000085d00000, 0x0000000085d00000|100%| O|  |TAMS 0x0000000085c00000| PB 0x0000000085c00000| Untracked 
|  93|0x0000000085d00000, 0x0000000085e00000, 0x0000000085e00000|100%| O|  |TAMS 0x0000000085d00000| PB 0x0000000085d00000| Untracked 
|  94|0x0000000085e00000, 0x0000000085f00000, 0x0000000085f00000|100%| O|  |TAMS 0x0000000085e00000| PB 0x0000000085e00000| Untracked 
|  95|0x0000000085f00000, 0x0000000086000000, 0x0000000086000000|100%| O|  |TAMS 0x0000000085f00000| PB 0x0000000085f00000| Untracked 
|  96|0x0000000086000000, 0x0000000086100000, 0x0000000086100000|100%| O|  |TAMS 0x0000000086000000| PB 0x0000000086000000| Untracked 
|  97|0x0000000086100000, 0x0000000086200000, 0x0000000086200000|100%| O|  |TAMS 0x0000000086100000| PB 0x0000000086100000| Untracked 
|  98|0x0000000086200000, 0x0000000086300000, 0x0000000086300000|100%| O|  |TAMS 0x0000000086200000| PB 0x0000000086200000| Untracked 
|  99|0x0000000086300000, 0x0000000086400000, 0x0000000086400000|100%| O|  |TAMS 0x0000000086300000| PB 0x0000000086300000| Untracked 
| 100|0x0000000086400000, 0x0000000086500000, 0x0000000086500000|100%| O|  |TAMS 0x0000000086400000| PB 0x0000000086400000| Untracked 
| 101|0x0000000086500000, 0x0000000086600000, 0x0000000086600000|100%| O|  |TAMS 0x0000000086500000| PB 0x0000000086500000| Untracked 
| 102|0x0000000086600000, 0x0000000086700000, 0x0000000086700000|100%| O|  |TAMS 0x0000000086600000| PB 0x0000000086600000| Untracked 
| 103|0x0000000086700000, 0x0000000086800000, 0x0000000086800000|100%| O|  |TAMS 0x0000000086700000| PB 0x0000000086700000| Untracked 
| 104|0x0000000086800000, 0x0000000086900000, 0x0000000086900000|100%| O|  |TAMS 0x0000000086800000| PB 0x0000000086800000| Untracked 
| 105|0x0000000086900000, 0x0000000086a00000, 0x0000000086a00000|100%| O|  |TAMS 0x0000000086900000| PB 0x0000000086900000| Untracked 
| 106|0x0000000086a00000, 0x0000000086b00000, 0x0000000086b00000|100%| O|  |TAMS 0x0000000086a00000| PB 0x0000000086a00000| Untracked 
| 107|0x0000000086b00000, 0x0000000086c00000, 0x0000000086c00000|100%| O|  |TAMS 0x0000000086b00000| PB 0x0000000086b00000| Untracked 
| 108|0x0000000086c00000, 0x0000000086d00000, 0x0000000086d00000|100%| O|  |TAMS 0x0000000086c00000| PB 0x0000000086c00000| Untracked 
| 109|0x0000000086d00000, 0x0000000086e00000, 0x0000000086e00000|100%| O|  |TAMS 0x0000000086d00000| PB 0x0000000086d00000| Untracked 
| 110|0x0000000086e00000, 0x0000000086f00000, 0x0000000086f00000|100%| O|  |TAMS 0x0000000086e00000| PB 0x0000000086e00000| Untracked 
| 111|0x0000000086f00000, 0x0000000087000000, 0x0000000087000000|100%| O|  |TAMS 0x0000000086f00000| PB 0x0000000086f00000| Untracked 
| 112|0x0000000087000000, 0x0000000087100000, 0x0000000087100000|100%| O|  |TAMS 0x0000000087000000| PB 0x0000000087000000| Untracked 
| 113|0x0000000087100000, 0x0000000087200000, 0x0000000087200000|100%| O|  |TAMS 0x0000000087100000| PB 0x0000000087100000| Untracked 
| 114|0x0000000087200000, 0x0000000087300000, 0x0000000087300000|100%| O|  |TAMS 0x0000000087200000| PB 0x0000000087200000| Untracked 
| 115|0x0000000087300000, 0x0000000087400000, 0x0000000087400000|100%| O|  |TAMS 0x0000000087300000| PB 0x0000000087300000| Untracked 
| 116|0x0000000087400000, 0x0000000087500000, 0x0000000087500000|100%| O|  |TAMS 0x0000000087400000| PB 0x0000000087400000| Untracked 
| 117|0x0000000087500000, 0x0000000087600000, 0x0000000087600000|100%| O|  |TAMS 0x0000000087500000| PB 0x0000000087500000| Untracked 
| 118|0x0000000087600000, 0x0000000087700000, 0x0000000087700000|100%| O|  |TAMS 0x0000000087600000| PB 0x0000000087600000| Untracked 
| 119|0x0000000087700000, 0x0000000087800000, 0x0000000087800000|100%| O|  |TAMS 0x0000000087700000| PB 0x0000000087700000| Untracked 
| 120|0x0000000087800000, 0x0000000087900000, 0x0000000087900000|100%| O|  |TAMS 0x0000000087800000| PB 0x0000000087800000| Untracked 
| 121|0x0000000087900000, 0x0000000087a00000, 0x0000000087a00000|100%| O|  |TAMS 0x0000000087900000| PB 0x0000000087900000| Untracked 
| 122|0x0000000087a00000, 0x0000000087b00000, 0x0000000087b00000|100%| O|  |TAMS 0x0000000087a00000| PB 0x0000000087a00000| Untracked 
| 123|0x0000000087b00000, 0x0000000087c00000, 0x0000000087c00000|100%| O|  |TAMS 0x0000000087b00000| PB 0x0000000087b00000| Untracked 
| 124|0x0000000087c00000, 0x0000000087d00000, 0x0000000087d00000|100%| O|  |TAMS 0x0000000087c00000| PB 0x0000000087c00000| Untracked 
| 125|0x0000000087d00000, 0x0000000087e00000, 0x0000000087e00000|100%| O|  |TAMS 0x0000000087d00000| PB 0x0000000087d00000| Untracked 
| 126|0x0000000087e00000, 0x0000000087f00000, 0x0000000087f00000|100%| O|  |TAMS 0x0000000087e00000| PB 0x0000000087e00000| Untracked 
| 127|0x0000000087f00000, 0x0000000088000000, 0x0000000088000000|100%| O|  |TAMS 0x0000000087f00000| PB 0x0000000087f00000| Untracked 
| 128|0x0000000088000000, 0x0000000088100000, 0x0000000088100000|100%| O|  |TAMS 0x0000000088000000| PB 0x0000000088000000| Untracked 
| 129|0x0000000088100000, 0x0000000088200000, 0x0000000088200000|100%| O|  |TAMS 0x0000000088100000| PB 0x0000000088100000| Untracked 
| 130|0x0000000088200000, 0x0000000088300000, 0x0000000088300000|100%| O|  |TAMS 0x0000000088200000| PB 0x0000000088200000| Untracked 
| 131|0x0000000088300000, 0x0000000088400000, 0x0000000088400000|100%| O|  |TAMS 0x0000000088300000| PB 0x0000000088300000| Untracked 
| 132|0x0000000088400000, 0x0000000088500000, 0x0000000088500000|100%| O|  |TAMS 0x0000000088400000| PB 0x0000000088400000| Untracked 
| 133|0x0000000088500000, 0x0000000088600000, 0x0000000088600000|100%| O|  |TAMS 0x0000000088500000| PB 0x0000000088500000| Untracked 
| 134|0x0000000088600000, 0x0000000088700000, 0x0000000088700000|100%| O|  |TAMS 0x0000000088600000| PB 0x0000000088600000| Untracked 
| 135|0x0000000088700000, 0x0000000088800000, 0x0000000088800000|100%| O|  |TAMS 0x0000000088700000| PB 0x0000000088700000| Untracked 
| 136|0x0000000088800000, 0x0000000088900000, 0x0000000088900000|100%| O|  |TAMS 0x0000000088800000| PB 0x0000000088800000| Untracked 
| 137|0x0000000088900000, 0x0000000088a00000, 0x0000000088a00000|100%| O|  |TAMS 0x0000000088900000| PB 0x0000000088900000| Untracked 
| 138|0x0000000088a00000, 0x0000000088b00000, 0x0000000088b00000|100%| O|  |TAMS 0x0000000088a00000| PB 0x0000000088a00000| Untracked 
| 139|0x0000000088b00000, 0x0000000088c00000, 0x0000000088c00000|100%| O|  |TAMS 0x0000000088b00000| PB 0x0000000088b00000| Untracked 
| 140|0x0000000088c00000, 0x0000000088d00000, 0x0000000088d00000|100%| O|  |TAMS 0x0000000088c00000| PB 0x0000000088c00000| Untracked 
| 141|0x0000000088d00000, 0x0000000088e00000, 0x0000000088e00000|100%| O|  |TAMS 0x0000000088d00000| PB 0x0000000088d00000| Untracked 
| 142|0x0000000088e00000, 0x0000000088f00000, 0x0000000088f00000|100%| O|  |TAMS 0x0000000088e00000| PB 0x0000000088e00000| Untracked 
| 143|0x0000000088f00000, 0x0000000089000000, 0x0000000089000000|100%| O|  |TAMS 0x0000000088f00000| PB 0x0000000088f00000| Untracked 
| 144|0x0000000089000000, 0x0000000089100000, 0x0000000089100000|100%| O|  |TAMS 0x0000000089000000| PB 0x0000000089000000| Untracked 
| 145|0x0000000089100000, 0x0000000089200000, 0x0000000089200000|100%| O|  |TAMS 0x0000000089100000| PB 0x0000000089100000| Untracked 
| 146|0x0000000089200000, 0x0000000089300000, 0x0000000089300000|100%| O|  |TAMS 0x0000000089200000| PB 0x0000000089200000| Untracked 
| 147|0x0000000089300000, 0x0000000089400000, 0x0000000089400000|100%| O|  |TAMS 0x0000000089300000| PB 0x0000000089300000| Untracked 
| 148|0x0000000089400000, 0x0000000089500000, 0x0000000089500000|100%| O|  |TAMS 0x0000000089400000| PB 0x0000000089400000| Untracked 
| 149|0x0000000089500000, 0x0000000089600000, 0x0000000089600000|100%| O|  |TAMS 0x0000000089500000| PB 0x0000000089500000| Untracked 
| 150|0x0000000089600000, 0x0000000089700000, 0x0000000089700000|100%| O|  |TAMS 0x0000000089600000| PB 0x0000000089600000| Untracked 
| 151|0x0000000089700000, 0x0000000089800000, 0x0000000089800000|100%| O|  |TAMS 0x0000000089700000| PB 0x0000000089700000| Untracked 
| 152|0x0000000089800000, 0x0000000089900000, 0x0000000089900000|100%| O|  |TAMS 0x0000000089800000| PB 0x0000000089800000| Untracked 
| 153|0x0000000089900000, 0x0000000089a00000, 0x0000000089a00000|100%| O|  |TAMS 0x0000000089900000| PB 0x0000000089900000| Untracked 
| 154|0x0000000089a00000, 0x0000000089b00000, 0x0000000089b00000|100%| O|  |TAMS 0x0000000089a00000| PB 0x0000000089a00000| Untracked 
| 155|0x0000000089b00000, 0x0000000089c00000, 0x0000000089c00000|100%| O|  |TAMS 0x0000000089b00000| PB 0x0000000089b00000| Untracked 
| 156|0x0000000089c00000, 0x0000000089c00000, 0x0000000089d00000|  0%| F|  |TAMS 0x0000000089c00000| PB 0x0000000089c00000| Untracked 
| 157|0x0000000089d00000, 0x0000000089e00000, 0x0000000089e00000|100%| O|  |TAMS 0x0000000089d00000| PB 0x0000000089d00000| Untracked 
| 158|0x0000000089e00000, 0x0000000089f00000, 0x0000000089f00000|100%| O|  |TAMS 0x0000000089e00000| PB 0x0000000089e00000| Untracked 
| 159|0x0000000089f00000, 0x000000008a000000, 0x000000008a000000|100%| O|  |TAMS 0x0000000089f00000| PB 0x0000000089f00000| Untracked 
| 160|0x000000008a000000, 0x000000008a100000, 0x000000008a100000|100%| O|  |TAMS 0x000000008a000000| PB 0x000000008a000000| Untracked 
| 161|0x000000008a100000, 0x000000008a200000, 0x000000008a200000|100%| O|  |TAMS 0x000000008a100000| PB 0x000000008a100000| Untracked 
| 162|0x000000008a200000, 0x000000008a300000, 0x000000008a300000|100%| O|  |TAMS 0x000000008a200000| PB 0x000000008a200000| Untracked 
| 163|0x000000008a300000, 0x000000008a400000, 0x000000008a400000|100%| O|  |TAMS 0x000000008a300000| PB 0x000000008a300000| Untracked 
| 164|0x000000008a400000, 0x000000008a500000, 0x000000008a500000|100%| O|  |TAMS 0x000000008a400000| PB 0x000000008a400000| Untracked 
| 165|0x000000008a500000, 0x000000008a600000, 0x000000008a600000|100%| O|  |TAMS 0x000000008a500000| PB 0x000000008a500000| Untracked 
| 166|0x000000008a600000, 0x000000008a700000, 0x000000008a700000|100%| O|  |TAMS 0x000000008a600000| PB 0x000000008a600000| Untracked 
| 167|0x000000008a700000, 0x000000008a800000, 0x000000008a800000|100%| O|  |TAMS 0x000000008a700000| PB 0x000000008a700000| Untracked 
| 168|0x000000008a800000, 0x000000008a900000, 0x000000008a900000|100%| O|  |TAMS 0x000000008a800000| PB 0x000000008a800000| Untracked 
| 169|0x000000008a900000, 0x000000008aa00000, 0x000000008aa00000|100%| O|  |TAMS 0x000000008a900000| PB 0x000000008a900000| Untracked 
| 170|0x000000008aa00000, 0x000000008ab00000, 0x000000008ab00000|100%| O|  |TAMS 0x000000008aa00000| PB 0x000000008aa00000| Untracked 
| 171|0x000000008ab00000, 0x000000008ac00000, 0x000000008ac00000|100%| O|  |TAMS 0x000000008ab00000| PB 0x000000008ab00000| Untracked 
| 172|0x000000008ac00000, 0x000000008ad00000, 0x000000008ad00000|100%| O|  |TAMS 0x000000008ac00000| PB 0x000000008ac00000| Untracked 
| 173|0x000000008ad00000, 0x000000008ae00000, 0x000000008ae00000|100%| O|  |TAMS 0x000000008ad00000| PB 0x000000008ad00000| Untracked 
| 174|0x000000008ae00000, 0x000000008af00000, 0x000000008af00000|100%| O|  |TAMS 0x000000008ae00000| PB 0x000000008ae00000| Untracked 
| 175|0x000000008af00000, 0x000000008b000000, 0x000000008b000000|100%| O|  |TAMS 0x000000008af00000| PB 0x000000008af00000| Untracked 
| 176|0x000000008b000000, 0x000000008b100000, 0x000000008b100000|100%| O|  |TAMS 0x000000008b000000| PB 0x000000008b000000| Untracked 
| 177|0x000000008b100000, 0x000000008b200000, 0x000000008b200000|100%| O|  |TAMS 0x000000008b100000| PB 0x000000008b100000| Untracked 
| 178|0x000000008b200000, 0x000000008b300000, 0x000000008b300000|100%| O|  |TAMS 0x000000008b200000| PB 0x000000008b200000| Untracked 
| 179|0x000000008b300000, 0x000000008b300000, 0x000000008b400000|  0%| F|  |TAMS 0x000000008b300000| PB 0x000000008b300000| Untracked 
| 180|0x000000008b400000, 0x000000008b500000, 0x000000008b500000|100%| O|  |TAMS 0x000000008b400000| PB 0x000000008b400000| Untracked 
| 181|0x000000008b500000, 0x000000008b600000, 0x000000008b600000|100%| O|  |TAMS 0x000000008b500000| PB 0x000000008b500000| Untracked 
| 182|0x000000008b600000, 0x000000008b600000, 0x000000008b700000|  0%| F|  |TAMS 0x000000008b600000| PB 0x000000008b600000| Untracked 
| 183|0x000000008b700000, 0x000000008b800000, 0x000000008b800000|100%| O|  |TAMS 0x000000008b700000| PB 0x000000008b700000| Untracked 
| 184|0x000000008b800000, 0x000000008b900000, 0x000000008b900000|100%| O|  |TAMS 0x000000008b800000| PB 0x000000008b800000| Untracked 
| 185|0x000000008b900000, 0x000000008ba00000, 0x000000008ba00000|100%| O|  |TAMS 0x000000008b900000| PB 0x000000008b900000| Untracked 
| 186|0x000000008ba00000, 0x000000008bb00000, 0x000000008bb00000|100%| O|  |TAMS 0x000000008ba00000| PB 0x000000008ba00000| Untracked 
| 187|0x000000008bb00000, 0x000000008bc00000, 0x000000008bc00000|100%| O|  |TAMS 0x000000008bb00000| PB 0x000000008bb00000| Untracked 
| 188|0x000000008bc00000, 0x000000008bd00000, 0x000000008bd00000|100%| O|  |TAMS 0x000000008bc00000| PB 0x000000008bc00000| Untracked 
| 189|0x000000008bd00000, 0x000000008be00000, 0x000000008be00000|100%| O|  |TAMS 0x000000008bd00000| PB 0x000000008bd00000| Untracked 
| 190|0x000000008be00000, 0x000000008be00000, 0x000000008bf00000|  0%| F|  |TAMS 0x000000008be00000| PB 0x000000008be00000| Untracked 
| 191|0x000000008bf00000, 0x000000008c000000, 0x000000008c000000|100%| O|  |TAMS 0x000000008bf00000| PB 0x000000008bf00000| Untracked 
| 192|0x000000008c000000, 0x000000008c100000, 0x000000008c100000|100%| O|  |TAMS 0x000000008c000000| PB 0x000000008c000000| Untracked 
| 193|0x000000008c100000, 0x000000008c200000, 0x000000008c200000|100%| O|  |TAMS 0x000000008c100000| PB 0x000000008c100000| Untracked 
| 194|0x000000008c200000, 0x000000008c300000, 0x000000008c300000|100%| O|  |TAMS 0x000000008c200000| PB 0x000000008c200000| Untracked 
| 195|0x000000008c300000, 0x000000008c400000, 0x000000008c400000|100%| O|  |TAMS 0x000000008c300000| PB 0x000000008c300000| Untracked 
| 196|0x000000008c400000, 0x000000008c500000, 0x000000008c500000|100%| O|  |TAMS 0x000000008c400000| PB 0x000000008c400000| Untracked 
| 197|0x000000008c500000, 0x000000008c600000, 0x000000008c600000|100%| O|  |TAMS 0x000000008c500000| PB 0x000000008c500000| Untracked 
| 198|0x000000008c600000, 0x000000008c700000, 0x000000008c700000|100%| O|  |TAMS 0x000000008c600000| PB 0x000000008c600000| Untracked 
| 199|0x000000008c700000, 0x000000008c800000, 0x000000008c800000|100%| O|  |TAMS 0x000000008c700000| PB 0x000000008c700000| Untracked 
| 200|0x000000008c800000, 0x000000008c900000, 0x000000008c900000|100%| O|  |TAMS 0x000000008c800000| PB 0x000000008c800000| Untracked 
| 201|0x000000008c900000, 0x000000008ca00000, 0x000000008ca00000|100%| O|  |TAMS 0x000000008c900000| PB 0x000000008c900000| Untracked 
| 202|0x000000008ca00000, 0x000000008cb00000, 0x000000008cb00000|100%| O|  |TAMS 0x000000008ca00000| PB 0x000000008ca00000| Untracked 
| 203|0x000000008cb00000, 0x000000008cc00000, 0x000000008cc00000|100%| O|  |TAMS 0x000000008cb00000| PB 0x000000008cb00000| Untracked 
| 204|0x000000008cc00000, 0x000000008cd00000, 0x000000008cd00000|100%| O|  |TAMS 0x000000008cc00000| PB 0x000000008cc00000| Untracked 
| 205|0x000000008cd00000, 0x000000008ce00000, 0x000000008ce00000|100%| O|  |TAMS 0x000000008cd00000| PB 0x000000008cd00000| Untracked 
| 206|0x000000008ce00000, 0x000000008cf00000, 0x000000008cf00000|100%| O|  |TAMS 0x000000008ce00000| PB 0x000000008ce00000| Untracked 
| 207|0x000000008cf00000, 0x000000008d000000, 0x000000008d000000|100%| O|  |TAMS 0x000000008cf00000| PB 0x000000008cf00000| Untracked 
| 208|0x000000008d000000, 0x000000008d100000, 0x000000008d100000|100%| O|  |TAMS 0x000000008d000000| PB 0x000000008d000000| Untracked 
| 209|0x000000008d100000, 0x000000008d200000, 0x000000008d200000|100%| O|  |TAMS 0x000000008d100000| PB 0x000000008d100000| Untracked 
| 210|0x000000008d200000, 0x000000008d300000, 0x000000008d300000|100%| O|  |TAMS 0x000000008d200000| PB 0x000000008d200000| Untracked 
| 211|0x000000008d300000, 0x000000008d400000, 0x000000008d400000|100%| O|  |TAMS 0x000000008d300000| PB 0x000000008d300000| Untracked 
| 212|0x000000008d400000, 0x000000008d500000, 0x000000008d500000|100%| O|  |TAMS 0x000000008d400000| PB 0x000000008d400000| Untracked 
| 213|0x000000008d500000, 0x000000008d600000, 0x000000008d600000|100%| O|  |TAMS 0x000000008d500000| PB 0x000000008d500000| Untracked 
| 214|0x000000008d600000, 0x000000008d700000, 0x000000008d700000|100%| O|  |TAMS 0x000000008d600000| PB 0x000000008d600000| Untracked 
| 215|0x000000008d700000, 0x000000008d800000, 0x000000008d800000|100%| O|  |TAMS 0x000000008d700000| PB 0x000000008d700000| Untracked 
| 216|0x000000008d800000, 0x000000008d900000, 0x000000008d900000|100%| O|  |TAMS 0x000000008d800000| PB 0x000000008d800000| Untracked 
| 217|0x000000008d900000, 0x000000008da00000, 0x000000008da00000|100%| O|  |TAMS 0x000000008d900000| PB 0x000000008d900000| Untracked 
| 218|0x000000008da00000, 0x000000008db00000, 0x000000008db00000|100%| O|  |TAMS 0x000000008da00000| PB 0x000000008da00000| Untracked 
| 219|0x000000008db00000, 0x000000008dc00000, 0x000000008dc00000|100%| O|  |TAMS 0x000000008db00000| PB 0x000000008db00000| Untracked 
| 220|0x000000008dc00000, 0x000000008dd00000, 0x000000008dd00000|100%| O|  |TAMS 0x000000008dc00000| PB 0x000000008dc00000| Untracked 
| 221|0x000000008dd00000, 0x000000008de00000, 0x000000008de00000|100%| O|  |TAMS 0x000000008dd00000| PB 0x000000008dd00000| Untracked 
| 222|0x000000008de00000, 0x000000008df00000, 0x000000008df00000|100%| O|  |TAMS 0x000000008de00000| PB 0x000000008de00000| Untracked 
| 223|0x000000008df00000, 0x000000008e000000, 0x000000008e000000|100%| O|  |TAMS 0x000000008df00000| PB 0x000000008df00000| Untracked 
| 224|0x000000008e000000, 0x000000008e100000, 0x000000008e100000|100%| O|  |TAMS 0x000000008e000000| PB 0x000000008e000000| Untracked 
| 225|0x000000008e100000, 0x000000008e1e4228, 0x000000008e200000| 89%| O|  |TAMS 0x000000008e100000| PB 0x000000008e100000| Untracked 
| 226|0x000000008e200000, 0x000000008e300000, 0x000000008e300000|100%| O|  |TAMS 0x000000008e200000| PB 0x000000008e200000| Untracked 
| 227|0x000000008e300000, 0x000000008e400000, 0x000000008e400000|100%| O|  |TAMS 0x000000008e300000| PB 0x000000008e300000| Untracked 
| 228|0x000000008e400000, 0x000000008e400000, 0x000000008e500000|  0%| F|  |TAMS 0x000000008e400000| PB 0x000000008e400000| Untracked 
| 229|0x000000008e500000, 0x000000008e600000, 0x000000008e600000|100%| O|  |TAMS 0x000000008e500000| PB 0x000000008e500000| Untracked 
| 230|0x000000008e600000, 0x000000008e700000, 0x000000008e700000|100%| O|  |TAMS 0x000000008e600000| PB 0x000000008e600000| Untracked 
| 231|0x000000008e700000, 0x000000008e800000, 0x000000008e800000|100%| O|  |TAMS 0x000000008e700000| PB 0x000000008e700000| Untracked 
| 232|0x000000008e800000, 0x000000008e900000, 0x000000008e900000|100%| O|  |TAMS 0x000000008e800000| PB 0x000000008e800000| Untracked 
| 233|0x000000008e900000, 0x000000008e900000, 0x000000008ea00000|  0%| F|  |TAMS 0x000000008e900000| PB 0x000000008e900000| Untracked 
| 234|0x000000008ea00000, 0x000000008eb00000, 0x000000008eb00000|100%| O|  |TAMS 0x000000008ea00000| PB 0x000000008ea00000| Untracked 
| 235|0x000000008eb00000, 0x000000008ec00000, 0x000000008ec00000|100%| O|  |TAMS 0x000000008eb00000| PB 0x000000008eb00000| Untracked 
| 236|0x000000008ec00000, 0x000000008ed00000, 0x000000008ed00000|100%| O|  |TAMS 0x000000008ec00000| PB 0x000000008ec00000| Untracked 
| 237|0x000000008ed00000, 0x000000008ee00000, 0x000000008ee00000|100%| O|  |TAMS 0x000000008ed00000| PB 0x000000008ed00000| Untracked 
| 238|0x000000008ee00000, 0x000000008ef00000, 0x000000008ef00000|100%| O|  |TAMS 0x000000008ee00000| PB 0x000000008ee00000| Untracked 
| 239|0x000000008ef00000, 0x000000008f000000, 0x000000008f000000|100%| O|  |TAMS 0x000000008ef00000| PB 0x000000008ef00000| Untracked 
| 240|0x000000008f000000, 0x000000008f100000, 0x000000008f100000|100%| O|  |TAMS 0x000000008f000000| PB 0x000000008f000000| Untracked 
| 241|0x000000008f100000, 0x000000008f200000, 0x000000008f200000|100%| O|  |TAMS 0x000000008f100000| PB 0x000000008f100000| Untracked 
| 242|0x000000008f200000, 0x000000008f200000, 0x000000008f300000|  0%| F|  |TAMS 0x000000008f200000| PB 0x000000008f200000| Untracked 
| 243|0x000000008f300000, 0x000000008f400000, 0x000000008f400000|100%| O|  |TAMS 0x000000008f300000| PB 0x000000008f300000| Untracked 
| 244|0x000000008f400000, 0x000000008f400000, 0x000000008f500000|  0%| F|  |TAMS 0x000000008f400000| PB 0x000000008f400000| Untracked 
| 245|0x000000008f500000, 0x000000008f600000, 0x000000008f600000|100%| O|  |TAMS 0x000000008f500000| PB 0x000000008f500000| Untracked 
| 246|0x000000008f600000, 0x000000008f700000, 0x000000008f700000|100%| O|  |TAMS 0x000000008f600000| PB 0x000000008f600000| Untracked 
| 247|0x000000008f700000, 0x000000008f800000, 0x000000008f800000|100%| O|  |TAMS 0x000000008f700000| PB 0x000000008f700000| Untracked 
| 248|0x000000008f800000, 0x000000008f900000, 0x000000008f900000|100%| O|  |TAMS 0x000000008f800000| PB 0x000000008f800000| Untracked 
| 249|0x000000008f900000, 0x000000008fa00000, 0x000000008fa00000|100%| O|  |TAMS 0x000000008f900000| PB 0x000000008f900000| Untracked 
| 250|0x000000008fa00000, 0x000000008fb00000, 0x000000008fb00000|100%| O|  |TAMS 0x000000008fa00000| PB 0x000000008fa00000| Untracked 
| 251|0x000000008fb00000, 0x000000008fc00000, 0x000000008fc00000|100%| O|  |TAMS 0x000000008fb00000| PB 0x000000008fb00000| Untracked 
| 252|0x000000008fc00000, 0x000000008fd00000, 0x000000008fd00000|100%| O|  |TAMS 0x000000008fc00000| PB 0x000000008fc00000| Untracked 
| 253|0x000000008fd00000, 0x000000008fe00000, 0x000000008fe00000|100%| O|  |TAMS 0x000000008fd00000| PB 0x000000008fd00000| Untracked 
| 254|0x000000008fe00000, 0x000000008ff00000, 0x000000008ff00000|100%| O|  |TAMS 0x000000008fe00000| PB 0x000000008fe00000| Untracked 
| 255|0x000000008ff00000, 0x0000000090000000, 0x0000000090000000|100%| O|  |TAMS 0x000000008ff00000| PB 0x000000008ff00000| Untracked 
| 256|0x0000000090000000, 0x0000000090100000, 0x0000000090100000|100%| O|  |TAMS 0x0000000090000000| PB 0x0000000090000000| Untracked 
| 257|0x0000000090100000, 0x0000000090200000, 0x0000000090200000|100%| O|  |TAMS 0x0000000090100000| PB 0x0000000090100000| Untracked 
| 258|0x0000000090200000, 0x0000000090200000, 0x0000000090300000|  0%| F|  |TAMS 0x0000000090200000| PB 0x0000000090200000| Untracked 
| 259|0x0000000090300000, 0x0000000090300000, 0x0000000090400000|  0%| F|  |TAMS 0x0000000090300000| PB 0x0000000090300000| Untracked 
| 260|0x0000000090400000, 0x0000000090400000, 0x0000000090500000|  0%| F|  |TAMS 0x0000000090400000| PB 0x0000000090400000| Untracked 
| 261|0x0000000090500000, 0x0000000090600000, 0x0000000090600000|100%| O|  |TAMS 0x0000000090500000| PB 0x0000000090500000| Untracked 
| 262|0x0000000090600000, 0x0000000090700000, 0x0000000090700000|100%| O|  |TAMS 0x0000000090600000| PB 0x0000000090600000| Untracked 
| 263|0x0000000090700000, 0x0000000090800000, 0x0000000090800000|100%| O|  |TAMS 0x0000000090700000| PB 0x0000000090700000| Untracked 
| 264|0x0000000090800000, 0x0000000090900000, 0x0000000090900000|100%| O|  |TAMS 0x0000000090800000| PB 0x0000000090800000| Untracked 
| 265|0x0000000090900000, 0x0000000090a00000, 0x0000000090a00000|100%| O|  |TAMS 0x0000000090900000| PB 0x0000000090900000| Untracked 
| 266|0x0000000090a00000, 0x0000000090b00000, 0x0000000090b00000|100%| O|  |TAMS 0x0000000090a00000| PB 0x0000000090a00000| Untracked 
| 267|0x0000000090b00000, 0x0000000090c00000, 0x0000000090c00000|100%| O|  |TAMS 0x0000000090b00000| PB 0x0000000090b00000| Untracked 
| 268|0x0000000090c00000, 0x0000000090c00000, 0x0000000090d00000|  0%| F|  |TAMS 0x0000000090c00000| PB 0x0000000090c00000| Untracked 
| 269|0x0000000090d00000, 0x0000000090e00000, 0x0000000090e00000|100%| O|  |TAMS 0x0000000090d00000| PB 0x0000000090d00000| Untracked 
| 270|0x0000000090e00000, 0x0000000090f00000, 0x0000000090f00000|100%| O|  |TAMS 0x0000000090e00000| PB 0x0000000090e00000| Untracked 
| 271|0x0000000090f00000, 0x0000000091000000, 0x0000000091000000|100%| O|  |TAMS 0x0000000090f00000| PB 0x0000000090f00000| Untracked 
| 272|0x0000000091000000, 0x0000000091100000, 0x0000000091100000|100%| O|  |TAMS 0x0000000091000000| PB 0x0000000091000000| Untracked 
| 273|0x0000000091100000, 0x0000000091200000, 0x0000000091200000|100%| O|  |TAMS 0x0000000091100000| PB 0x0000000091100000| Untracked 
| 274|0x0000000091200000, 0x0000000091300000, 0x0000000091300000|100%| O|  |TAMS 0x0000000091200000| PB 0x0000000091200000| Untracked 
| 275|0x0000000091300000, 0x0000000091400000, 0x0000000091400000|100%| O|  |TAMS 0x0000000091300000| PB 0x0000000091300000| Untracked 
| 276|0x0000000091400000, 0x0000000091500000, 0x0000000091500000|100%| O|  |TAMS 0x0000000091400000| PB 0x0000000091400000| Untracked 
| 277|0x0000000091500000, 0x0000000091600000, 0x0000000091600000|100%| O|  |TAMS 0x0000000091500000| PB 0x0000000091500000| Untracked 
| 278|0x0000000091600000, 0x0000000091700000, 0x0000000091700000|100%| O|  |TAMS 0x0000000091600000| PB 0x0000000091600000| Untracked 
| 279|0x0000000091700000, 0x0000000091800000, 0x0000000091800000|100%| O|  |TAMS 0x0000000091700000| PB 0x0000000091700000| Untracked 
| 280|0x0000000091800000, 0x0000000091900000, 0x0000000091900000|100%| O|  |TAMS 0x0000000091800000| PB 0x0000000091800000| Untracked 
| 281|0x0000000091900000, 0x0000000091a00000, 0x0000000091a00000|100%| O|  |TAMS 0x0000000091900000| PB 0x0000000091900000| Untracked 
| 282|0x0000000091a00000, 0x0000000091b00000, 0x0000000091b00000|100%| O|  |TAMS 0x0000000091a00000| PB 0x0000000091a00000| Untracked 
| 283|0x0000000091b00000, 0x0000000091b00000, 0x0000000091c00000|  0%| F|  |TAMS 0x0000000091b00000| PB 0x0000000091b00000| Untracked 
| 284|0x0000000091c00000, 0x0000000091c00000, 0x0000000091d00000|  0%| F|  |TAMS 0x0000000091c00000| PB 0x0000000091c00000| Untracked 
| 285|0x0000000091d00000, 0x0000000091e00000, 0x0000000091e00000|100%| O|  |TAMS 0x0000000091d00000| PB 0x0000000091d00000| Untracked 
| 286|0x0000000091e00000, 0x0000000091f00000, 0x0000000091f00000|100%| O|  |TAMS 0x0000000091e00000| PB 0x0000000091e00000| Untracked 
| 287|0x0000000091f00000, 0x0000000091f00000, 0x0000000092000000|  0%| F|  |TAMS 0x0000000091f00000| PB 0x0000000091f00000| Untracked 
| 288|0x0000000092000000, 0x0000000092000000, 0x0000000092100000|  0%| F|  |TAMS 0x0000000092000000| PB 0x0000000092000000| Untracked 
| 289|0x0000000092100000, 0x0000000092100000, 0x0000000092200000|  0%| F|  |TAMS 0x0000000092100000| PB 0x0000000092100000| Untracked 
| 290|0x0000000092200000, 0x0000000092200000, 0x0000000092300000|  0%| F|  |TAMS 0x0000000092200000| PB 0x0000000092200000| Untracked 
| 291|0x0000000092300000, 0x0000000092372228, 0x0000000092400000| 44%| S|CS|TAMS 0x0000000092300000| PB 0x0000000092300000| Complete 
| 292|0x0000000092400000, 0x0000000092500000, 0x0000000092500000|100%| S|CS|TAMS 0x0000000092400000| PB 0x0000000092400000| Complete 
| 293|0x0000000092500000, 0x0000000092600000, 0x0000000092600000|100%| S|CS|TAMS 0x0000000092500000| PB 0x0000000092500000| Complete 
| 294|0x0000000092600000, 0x0000000092700000, 0x0000000092700000|100%| S|CS|TAMS 0x0000000092600000| PB 0x0000000092600000| Complete 
| 295|0x0000000092700000, 0x0000000092800000, 0x0000000092800000|100%| S|CS|TAMS 0x0000000092700000| PB 0x0000000092700000| Complete 
| 296|0x0000000092800000, 0x0000000092900000, 0x0000000092900000|100%| S|CS|TAMS 0x0000000092800000| PB 0x0000000092800000| Complete 
| 297|0x0000000092900000, 0x0000000092a00000, 0x0000000092a00000|100%| S|CS|TAMS 0x0000000092900000| PB 0x0000000092900000| Complete 
| 298|0x0000000092a00000, 0x0000000092b00000, 0x0000000092b00000|100%| S|CS|TAMS 0x0000000092a00000| PB 0x0000000092a00000| Complete 
| 299|0x0000000092b00000, 0x0000000092c00000, 0x0000000092c00000|100%| S|CS|TAMS 0x0000000092b00000| PB 0x0000000092b00000| Complete 
| 300|0x0000000092c00000, 0x0000000092c00000, 0x0000000092d00000|  0%| F|  |TAMS 0x0000000092c00000| PB 0x0000000092c00000| Untracked 
| 301|0x0000000092d00000, 0x0000000092e00000, 0x0000000092e00000|100%| S|CS|TAMS 0x0000000092d00000| PB 0x0000000092d00000| Complete 
| 302|0x0000000092e00000, 0x0000000092f00000, 0x0000000092f00000|100%| S|CS|TAMS 0x0000000092e00000| PB 0x0000000092e00000| Complete 
| 303|0x0000000092f00000, 0x0000000093000000, 0x0000000093000000|100%| S|CS|TAMS 0x0000000092f00000| PB 0x0000000092f00000| Complete 
| 304|0x0000000093000000, 0x0000000093000000, 0x0000000093100000|  0%| F|  |TAMS 0x0000000093000000| PB 0x0000000093000000| Untracked 
| 305|0x0000000093100000, 0x0000000093100000, 0x0000000093200000|  0%| F|  |TAMS 0x0000000093100000| PB 0x0000000093100000| Untracked 
| 306|0x0000000093200000, 0x0000000093200000, 0x0000000093300000|  0%| F|  |TAMS 0x0000000093200000| PB 0x0000000093200000| Untracked 
| 307|0x0000000093300000, 0x0000000093300000, 0x0000000093400000|  0%| F|  |TAMS 0x0000000093300000| PB 0x0000000093300000| Untracked 
| 308|0x0000000093400000, 0x0000000093400000, 0x0000000093500000|  0%| F|  |TAMS 0x0000000093400000| PB 0x0000000093400000| Untracked 
| 309|0x0000000093500000, 0x0000000093500000, 0x0000000093600000|  0%| F|  |TAMS 0x0000000093500000| PB 0x0000000093500000| Untracked 
| 310|0x0000000093600000, 0x0000000093600000, 0x0000000093700000|  0%| F|  |TAMS 0x0000000093600000| PB 0x0000000093600000| Untracked 
| 311|0x0000000093700000, 0x0000000093700000, 0x0000000093800000|  0%| F|  |TAMS 0x0000000093700000| PB 0x0000000093700000| Untracked 
| 312|0x0000000093800000, 0x0000000093800000, 0x0000000093900000|  0%| F|  |TAMS 0x0000000093800000| PB 0x0000000093800000| Untracked 
| 313|0x0000000093900000, 0x0000000093900000, 0x0000000093a00000|  0%| F|  |TAMS 0x0000000093900000| PB 0x0000000093900000| Untracked 
| 314|0x0000000093a00000, 0x0000000093a00000, 0x0000000093b00000|  0%| F|  |TAMS 0x0000000093a00000| PB 0x0000000093a00000| Untracked 
| 315|0x0000000093b00000, 0x0000000093b00000, 0x0000000093c00000|  0%| F|  |TAMS 0x0000000093b00000| PB 0x0000000093b00000| Untracked 
| 316|0x0000000093c00000, 0x0000000093c00000, 0x0000000093d00000|  0%| F|  |TAMS 0x0000000093c00000| PB 0x0000000093c00000| Untracked 
| 317|0x0000000093d00000, 0x0000000093d00000, 0x0000000093e00000|  0%| F|  |TAMS 0x0000000093d00000| PB 0x0000000093d00000| Untracked 
| 318|0x0000000093e00000, 0x0000000093e00000, 0x0000000093f00000|  0%| F|  |TAMS 0x0000000093e00000| PB 0x0000000093e00000| Untracked 
| 319|0x0000000093f00000, 0x0000000093f00000, 0x0000000094000000|  0%| F|  |TAMS 0x0000000093f00000| PB 0x0000000093f00000| Untracked 
| 320|0x0000000094000000, 0x0000000094000000, 0x0000000094100000|  0%| F|  |TAMS 0x0000000094000000| PB 0x0000000094000000| Untracked 
| 321|0x0000000094100000, 0x0000000094100000, 0x0000000094200000|  0%| F|  |TAMS 0x0000000094100000| PB 0x0000000094100000| Untracked 
| 322|0x0000000094200000, 0x0000000094200000, 0x0000000094300000|  0%| F|  |TAMS 0x0000000094200000| PB 0x0000000094200000| Untracked 
| 323|0x0000000094300000, 0x0000000094300000, 0x0000000094400000|  0%| F|  |TAMS 0x0000000094300000| PB 0x0000000094300000| Untracked 
| 324|0x0000000094400000, 0x0000000094400000, 0x0000000094500000|  0%| F|  |TAMS 0x0000000094400000| PB 0x0000000094400000| Untracked 
| 325|0x0000000094500000, 0x0000000094500000, 0x0000000094600000|  0%| F|  |TAMS 0x0000000094500000| PB 0x0000000094500000| Untracked 
| 326|0x0000000094600000, 0x0000000094600000, 0x0000000094700000|  0%| F|  |TAMS 0x0000000094600000| PB 0x0000000094600000| Untracked 
| 327|0x0000000094700000, 0x0000000094700000, 0x0000000094800000|  0%| F|  |TAMS 0x0000000094700000| PB 0x0000000094700000| Untracked 
| 328|0x0000000094800000, 0x0000000094800000, 0x0000000094900000|  0%| F|  |TAMS 0x0000000094800000| PB 0x0000000094800000| Untracked 
| 329|0x0000000094900000, 0x0000000094900000, 0x0000000094a00000|  0%| F|  |TAMS 0x0000000094900000| PB 0x0000000094900000| Untracked 
| 330|0x0000000094a00000, 0x0000000094a00000, 0x0000000094b00000|  0%| F|  |TAMS 0x0000000094a00000| PB 0x0000000094a00000| Untracked 
| 331|0x0000000094b00000, 0x0000000094b00000, 0x0000000094c00000|  0%| F|  |TAMS 0x0000000094b00000| PB 0x0000000094b00000| Untracked 
| 332|0x0000000094c00000, 0x0000000094c00000, 0x0000000094d00000|  0%| F|  |TAMS 0x0000000094c00000| PB 0x0000000094c00000| Untracked 
| 333|0x0000000094d00000, 0x0000000094d00000, 0x0000000094e00000|  0%| F|  |TAMS 0x0000000094d00000| PB 0x0000000094d00000| Untracked 
| 334|0x0000000094e00000, 0x0000000094e00000, 0x0000000094f00000|  0%| F|  |TAMS 0x0000000094e00000| PB 0x0000000094e00000| Untracked 
| 335|0x0000000094f00000, 0x0000000094f00000, 0x0000000095000000|  0%| F|  |TAMS 0x0000000094f00000| PB 0x0000000094f00000| Untracked 
| 336|0x0000000095000000, 0x0000000095000000, 0x0000000095100000|  0%| F|  |TAMS 0x0000000095000000| PB 0x0000000095000000| Untracked 
| 337|0x0000000095100000, 0x0000000095100000, 0x0000000095200000|  0%| F|  |TAMS 0x0000000095100000| PB 0x0000000095100000| Untracked 
| 338|0x0000000095200000, 0x0000000095200000, 0x0000000095300000|  0%| F|  |TAMS 0x0000000095200000| PB 0x0000000095200000| Untracked 
| 339|0x0000000095300000, 0x0000000095300000, 0x0000000095400000|  0%| F|  |TAMS 0x0000000095300000| PB 0x0000000095300000| Untracked 
| 340|0x0000000095400000, 0x0000000095400000, 0x0000000095500000|  0%| F|  |TAMS 0x0000000095400000| PB 0x0000000095400000| Untracked 
| 341|0x0000000095500000, 0x0000000095500000, 0x0000000095600000|  0%| F|  |TAMS 0x0000000095500000| PB 0x0000000095500000| Untracked 
| 342|0x0000000095600000, 0x0000000095600000, 0x0000000095700000|  0%| F|  |TAMS 0x0000000095600000| PB 0x0000000095600000| Untracked 
| 343|0x0000000095700000, 0x0000000095700000, 0x0000000095800000|  0%| F|  |TAMS 0x0000000095700000| PB 0x0000000095700000| Untracked 
| 344|0x0000000095800000, 0x0000000095800000, 0x0000000095900000|  0%| F|  |TAMS 0x0000000095800000| PB 0x0000000095800000| Untracked 
| 345|0x0000000095900000, 0x0000000095900000, 0x0000000095a00000|  0%| F|  |TAMS 0x0000000095900000| PB 0x0000000095900000| Untracked 
| 346|0x0000000095a00000, 0x0000000095a00000, 0x0000000095b00000|  0%| F|  |TAMS 0x0000000095a00000| PB 0x0000000095a00000| Untracked 
| 347|0x0000000095b00000, 0x0000000095b00000, 0x0000000095c00000|  0%| F|  |TAMS 0x0000000095b00000| PB 0x0000000095b00000| Untracked 
| 348|0x0000000095c00000, 0x0000000095c00000, 0x0000000095d00000|  0%| F|  |TAMS 0x0000000095c00000| PB 0x0000000095c00000| Untracked 
| 349|0x0000000095d00000, 0x0000000095d00000, 0x0000000095e00000|  0%| F|  |TAMS 0x0000000095d00000| PB 0x0000000095d00000| Untracked 
| 350|0x0000000095e00000, 0x0000000095e00000, 0x0000000095f00000|  0%| F|  |TAMS 0x0000000095e00000| PB 0x0000000095e00000| Untracked 
| 351|0x0000000095f00000, 0x0000000095f00000, 0x0000000096000000|  0%| F|  |TAMS 0x0000000095f00000| PB 0x0000000095f00000| Untracked 
| 352|0x0000000096000000, 0x0000000096000000, 0x0000000096100000|  0%| F|  |TAMS 0x0000000096000000| PB 0x0000000096000000| Untracked 
| 353|0x0000000096100000, 0x0000000096100000, 0x0000000096200000|  0%| F|  |TAMS 0x0000000096100000| PB 0x0000000096100000| Untracked 
| 354|0x0000000096200000, 0x0000000096200000, 0x0000000096300000|  0%| F|  |TAMS 0x0000000096200000| PB 0x0000000096200000| Untracked 
| 355|0x0000000096300000, 0x0000000096300000, 0x0000000096400000|  0%| F|  |TAMS 0x0000000096300000| PB 0x0000000096300000| Untracked 
| 356|0x0000000096400000, 0x0000000096400000, 0x0000000096500000|  0%| F|  |TAMS 0x0000000096400000| PB 0x0000000096400000| Untracked 
| 357|0x0000000096500000, 0x0000000096500000, 0x0000000096600000|  0%| F|  |TAMS 0x0000000096500000| PB 0x0000000096500000| Untracked 
| 358|0x0000000096600000, 0x0000000096600000, 0x0000000096700000|  0%| F|  |TAMS 0x0000000096600000| PB 0x0000000096600000| Untracked 
| 359|0x0000000096700000, 0x0000000096700000, 0x0000000096800000|  0%| F|  |TAMS 0x0000000096700000| PB 0x0000000096700000| Untracked 
| 360|0x0000000096800000, 0x0000000096800000, 0x0000000096900000|  0%| F|  |TAMS 0x0000000096800000| PB 0x0000000096800000| Untracked 
| 361|0x0000000096900000, 0x0000000096900000, 0x0000000096a00000|  0%| F|  |TAMS 0x0000000096900000| PB 0x0000000096900000| Untracked 
| 362|0x0000000096a00000, 0x0000000096a00000, 0x0000000096b00000|  0%| F|  |TAMS 0x0000000096a00000| PB 0x0000000096a00000| Untracked 
| 363|0x0000000096b00000, 0x0000000096b00000, 0x0000000096c00000|  0%| F|  |TAMS 0x0000000096b00000| PB 0x0000000096b00000| Untracked 
| 364|0x0000000096c00000, 0x0000000096c00000, 0x0000000096d00000|  0%| F|  |TAMS 0x0000000096c00000| PB 0x0000000096c00000| Untracked 
| 365|0x0000000096d00000, 0x0000000096d00000, 0x0000000096e00000|  0%| F|  |TAMS 0x0000000096d00000| PB 0x0000000096d00000| Untracked 
| 366|0x0000000096e00000, 0x0000000096e00000, 0x0000000096f00000|  0%| F|  |TAMS 0x0000000096e00000| PB 0x0000000096e00000| Untracked 
| 367|0x0000000096f00000, 0x0000000096f00000, 0x0000000097000000|  0%| F|  |TAMS 0x0000000096f00000| PB 0x0000000096f00000| Untracked 
| 368|0x0000000097000000, 0x0000000097000000, 0x0000000097100000|  0%| F|  |TAMS 0x0000000097000000| PB 0x0000000097000000| Untracked 
| 369|0x0000000097100000, 0x0000000097100000, 0x0000000097200000|  0%| F|  |TAMS 0x0000000097100000| PB 0x0000000097100000| Untracked 
| 370|0x0000000097200000, 0x0000000097200000, 0x0000000097300000|  0%| F|  |TAMS 0x0000000097200000| PB 0x0000000097200000| Untracked 
| 371|0x0000000097300000, 0x0000000097300000, 0x0000000097400000|  0%| F|  |TAMS 0x0000000097300000| PB 0x0000000097300000| Untracked 
| 372|0x0000000097400000, 0x0000000097400000, 0x0000000097500000|  0%| F|  |TAMS 0x0000000097400000| PB 0x0000000097400000| Untracked 
| 373|0x0000000097500000, 0x0000000097500000, 0x0000000097600000|  0%| F|  |TAMS 0x0000000097500000| PB 0x0000000097500000| Untracked 
| 374|0x0000000097600000, 0x0000000097600000, 0x0000000097700000|  0%| F|  |TAMS 0x0000000097600000| PB 0x0000000097600000| Untracked 
| 375|0x0000000097700000, 0x0000000097700000, 0x0000000097800000|  0%| F|  |TAMS 0x0000000097700000| PB 0x0000000097700000| Untracked 
| 376|0x0000000097800000, 0x0000000097800000, 0x0000000097900000|  0%| F|  |TAMS 0x0000000097800000| PB 0x0000000097800000| Untracked 
| 377|0x0000000097900000, 0x0000000097900000, 0x0000000097a00000|  0%| F|  |TAMS 0x0000000097900000| PB 0x0000000097900000| Untracked 
| 378|0x0000000097a00000, 0x0000000097a00000, 0x0000000097b00000|  0%| F|  |TAMS 0x0000000097a00000| PB 0x0000000097a00000| Untracked 
| 379|0x0000000097b00000, 0x0000000097b00000, 0x0000000097c00000|  0%| F|  |TAMS 0x0000000097b00000| PB 0x0000000097b00000| Untracked 
| 380|0x0000000097c00000, 0x0000000097c00000, 0x0000000097d00000|  0%| F|  |TAMS 0x0000000097c00000| PB 0x0000000097c00000| Untracked 
| 381|0x0000000097d00000, 0x0000000097d00000, 0x0000000097e00000|  0%| F|  |TAMS 0x0000000097d00000| PB 0x0000000097d00000| Untracked 
| 382|0x0000000097e00000, 0x0000000097e00000, 0x0000000097f00000|  0%| F|  |TAMS 0x0000000097e00000| PB 0x0000000097e00000| Untracked 
| 383|0x0000000097f00000, 0x0000000097f00000, 0x0000000098000000|  0%| F|  |TAMS 0x0000000097f00000| PB 0x0000000097f00000| Untracked 
| 384|0x0000000098000000, 0x0000000098000000, 0x0000000098100000|  0%| F|  |TAMS 0x0000000098000000| PB 0x0000000098000000| Untracked 
| 385|0x0000000098100000, 0x0000000098100000, 0x0000000098200000|  0%| F|  |TAMS 0x0000000098100000| PB 0x0000000098100000| Untracked 
| 386|0x0000000098200000, 0x0000000098200000, 0x0000000098300000|  0%| F|  |TAMS 0x0000000098200000| PB 0x0000000098200000| Untracked 
| 387|0x0000000098300000, 0x0000000098300000, 0x0000000098400000|  0%| F|  |TAMS 0x0000000098300000| PB 0x0000000098300000| Untracked 
| 388|0x0000000098400000, 0x0000000098400000, 0x0000000098500000|  0%| F|  |TAMS 0x0000000098400000| PB 0x0000000098400000| Untracked 
| 389|0x0000000098500000, 0x0000000098500000, 0x0000000098600000|  0%| F|  |TAMS 0x0000000098500000| PB 0x0000000098500000| Untracked 
| 390|0x0000000098600000, 0x0000000098600000, 0x0000000098700000|  0%| F|  |TAMS 0x0000000098600000| PB 0x0000000098600000| Untracked 
| 391|0x0000000098700000, 0x0000000098700000, 0x0000000098800000|  0%| F|  |TAMS 0x0000000098700000| PB 0x0000000098700000| Untracked 
| 392|0x0000000098800000, 0x0000000098800000, 0x0000000098900000|  0%| F|  |TAMS 0x0000000098800000| PB 0x0000000098800000| Untracked 
| 393|0x0000000098900000, 0x0000000098900000, 0x0000000098a00000|  0%| F|  |TAMS 0x0000000098900000| PB 0x0000000098900000| Untracked 
| 394|0x0000000098a00000, 0x0000000098a00000, 0x0000000098b00000|  0%| F|  |TAMS 0x0000000098a00000| PB 0x0000000098a00000| Untracked 
| 395|0x0000000098b00000, 0x0000000098b00000, 0x0000000098c00000|  0%| F|  |TAMS 0x0000000098b00000| PB 0x0000000098b00000| Untracked 
| 396|0x0000000098c00000, 0x0000000098c00000, 0x0000000098d00000|  0%| F|  |TAMS 0x0000000098c00000| PB 0x0000000098c00000| Untracked 
| 397|0x0000000098d00000, 0x0000000098d00000, 0x0000000098e00000|  0%| F|  |TAMS 0x0000000098d00000| PB 0x0000000098d00000| Untracked 
| 398|0x0000000098e00000, 0x0000000098e00000, 0x0000000098f00000|  0%| F|  |TAMS 0x0000000098e00000| PB 0x0000000098e00000| Untracked 
| 399|0x0000000098f00000, 0x0000000098f00000, 0x0000000099000000|  0%| F|  |TAMS 0x0000000098f00000| PB 0x0000000098f00000| Untracked 
| 400|0x0000000099000000, 0x0000000099000000, 0x0000000099100000|  0%| F|  |TAMS 0x0000000099000000| PB 0x0000000099000000| Untracked 
| 401|0x0000000099100000, 0x0000000099100000, 0x0000000099200000|  0%| F|  |TAMS 0x0000000099100000| PB 0x0000000099100000| Untracked 
| 402|0x0000000099200000, 0x0000000099200000, 0x0000000099300000|  0%| F|  |TAMS 0x0000000099200000| PB 0x0000000099200000| Untracked 
| 403|0x0000000099300000, 0x0000000099300000, 0x0000000099400000|  0%| F|  |TAMS 0x0000000099300000| PB 0x0000000099300000| Untracked 
| 404|0x0000000099400000, 0x0000000099400000, 0x0000000099500000|  0%| F|  |TAMS 0x0000000099400000| PB 0x0000000099400000| Untracked 
| 405|0x0000000099500000, 0x0000000099500000, 0x0000000099600000|  0%| F|  |TAMS 0x0000000099500000| PB 0x0000000099500000| Untracked 
| 406|0x0000000099600000, 0x0000000099600000, 0x0000000099700000|  0%| F|  |TAMS 0x0000000099600000| PB 0x0000000099600000| Untracked 
| 407|0x0000000099700000, 0x0000000099700000, 0x0000000099800000|  0%| F|  |TAMS 0x0000000099700000| PB 0x0000000099700000| Untracked 
| 408|0x0000000099800000, 0x0000000099800000, 0x0000000099900000|  0%| F|  |TAMS 0x0000000099800000| PB 0x0000000099800000| Untracked 
| 409|0x0000000099900000, 0x0000000099900000, 0x0000000099a00000|  0%| F|  |TAMS 0x0000000099900000| PB 0x0000000099900000| Untracked 
| 410|0x0000000099a00000, 0x0000000099a00000, 0x0000000099b00000|  0%| F|  |TAMS 0x0000000099a00000| PB 0x0000000099a00000| Untracked 
| 411|0x0000000099b00000, 0x0000000099b00000, 0x0000000099c00000|  0%| F|  |TAMS 0x0000000099b00000| PB 0x0000000099b00000| Untracked 
| 412|0x0000000099c00000, 0x0000000099c00000, 0x0000000099d00000|  0%| F|  |TAMS 0x0000000099c00000| PB 0x0000000099c00000| Untracked 
| 413|0x0000000099d00000, 0x0000000099d00000, 0x0000000099e00000|  0%| F|  |TAMS 0x0000000099d00000| PB 0x0000000099d00000| Untracked 
| 414|0x0000000099e00000, 0x0000000099e00000, 0x0000000099f00000|  0%| F|  |TAMS 0x0000000099e00000| PB 0x0000000099e00000| Untracked 
| 415|0x0000000099f00000, 0x0000000099f00000, 0x000000009a000000|  0%| F|  |TAMS 0x0000000099f00000| PB 0x0000000099f00000| Untracked 
| 416|0x000000009a000000, 0x000000009a000000, 0x000000009a100000|  0%| F|  |TAMS 0x000000009a000000| PB 0x000000009a000000| Untracked 
| 417|0x000000009a100000, 0x000000009a100000, 0x000000009a200000|  0%| F|  |TAMS 0x000000009a100000| PB 0x000000009a100000| Untracked 
| 418|0x000000009a200000, 0x000000009a200000, 0x000000009a300000|  0%| F|  |TAMS 0x000000009a200000| PB 0x000000009a200000| Untracked 
| 419|0x000000009a300000, 0x000000009a300000, 0x000000009a400000|  0%| F|  |TAMS 0x000000009a300000| PB 0x000000009a300000| Untracked 
| 420|0x000000009a400000, 0x000000009a400000, 0x000000009a500000|  0%| F|  |TAMS 0x000000009a400000| PB 0x000000009a400000| Untracked 
| 421|0x000000009a500000, 0x000000009a500000, 0x000000009a600000|  0%| F|  |TAMS 0x000000009a500000| PB 0x000000009a500000| Untracked 
| 422|0x000000009a600000, 0x000000009a600000, 0x000000009a700000|  0%| F|  |TAMS 0x000000009a600000| PB 0x000000009a600000| Untracked 
| 423|0x000000009a700000, 0x000000009a700000, 0x000000009a800000|  0%| F|  |TAMS 0x000000009a700000| PB 0x000000009a700000| Untracked 
| 424|0x000000009a800000, 0x000000009a800000, 0x000000009a900000|  0%| F|  |TAMS 0x000000009a800000| PB 0x000000009a800000| Untracked 
| 425|0x000000009a900000, 0x000000009a900000, 0x000000009aa00000|  0%| F|  |TAMS 0x000000009a900000| PB 0x000000009a900000| Untracked 
| 426|0x000000009aa00000, 0x000000009aa00000, 0x000000009ab00000|  0%| F|  |TAMS 0x000000009aa00000| PB 0x000000009aa00000| Untracked 
| 427|0x000000009ab00000, 0x000000009ab00000, 0x000000009ac00000|  0%| F|  |TAMS 0x000000009ab00000| PB 0x000000009ab00000| Untracked 
| 428|0x000000009ac00000, 0x000000009ac00000, 0x000000009ad00000|  0%| F|  |TAMS 0x000000009ac00000| PB 0x000000009ac00000| Untracked 
| 429|0x000000009ad00000, 0x000000009ad00000, 0x000000009ae00000|  0%| F|  |TAMS 0x000000009ad00000| PB 0x000000009ad00000| Untracked 
| 430|0x000000009ae00000, 0x000000009ae00000, 0x000000009af00000|  0%| F|  |TAMS 0x000000009ae00000| PB 0x000000009ae00000| Untracked 
| 431|0x000000009af00000, 0x000000009af00000, 0x000000009b000000|  0%| F|  |TAMS 0x000000009af00000| PB 0x000000009af00000| Untracked 
| 432|0x000000009b000000, 0x000000009b000000, 0x000000009b100000|  0%| F|  |TAMS 0x000000009b000000| PB 0x000000009b000000| Untracked 
| 433|0x000000009b100000, 0x000000009b100000, 0x000000009b200000|  0%| F|  |TAMS 0x000000009b100000| PB 0x000000009b100000| Untracked 
| 434|0x000000009b200000, 0x000000009b200000, 0x000000009b300000|  0%| F|  |TAMS 0x000000009b200000| PB 0x000000009b200000| Untracked 
| 435|0x000000009b300000, 0x000000009b300000, 0x000000009b400000|  0%| F|  |TAMS 0x000000009b300000| PB 0x000000009b300000| Untracked 
| 436|0x000000009b400000, 0x000000009b400000, 0x000000009b500000|  0%| F|  |TAMS 0x000000009b400000| PB 0x000000009b400000| Untracked 
| 437|0x000000009b500000, 0x000000009b500000, 0x000000009b600000|  0%| F|  |TAMS 0x000000009b500000| PB 0x000000009b500000| Untracked 
| 438|0x000000009b600000, 0x000000009b600000, 0x000000009b700000|  0%| F|  |TAMS 0x000000009b600000| PB 0x000000009b600000| Untracked 
| 439|0x000000009b700000, 0x000000009b700000, 0x000000009b800000|  0%| F|  |TAMS 0x000000009b700000| PB 0x000000009b700000| Untracked 
| 440|0x000000009b800000, 0x000000009b800000, 0x000000009b900000|  0%| F|  |TAMS 0x000000009b800000| PB 0x000000009b800000| Untracked 
| 441|0x000000009b900000, 0x000000009b900000, 0x000000009ba00000|  0%| F|  |TAMS 0x000000009b900000| PB 0x000000009b900000| Untracked 
| 442|0x000000009ba00000, 0x000000009ba00000, 0x000000009bb00000|  0%| F|  |TAMS 0x000000009ba00000| PB 0x000000009ba00000| Untracked 
| 443|0x000000009bb00000, 0x000000009bb00000, 0x000000009bc00000|  0%| F|  |TAMS 0x000000009bb00000| PB 0x000000009bb00000| Untracked 
| 444|0x000000009bc00000, 0x000000009bc00000, 0x000000009bd00000|  0%| F|  |TAMS 0x000000009bc00000| PB 0x000000009bc00000| Untracked 
| 445|0x000000009bd00000, 0x000000009bd00000, 0x000000009be00000|  0%| F|  |TAMS 0x000000009bd00000| PB 0x000000009bd00000| Untracked 
| 446|0x000000009be00000, 0x000000009be00000, 0x000000009bf00000|  0%| F|  |TAMS 0x000000009be00000| PB 0x000000009be00000| Untracked 
| 447|0x000000009bf00000, 0x000000009bf00000, 0x000000009c000000|  0%| F|  |TAMS 0x000000009bf00000| PB 0x000000009bf00000| Untracked 
| 448|0x000000009c000000, 0x000000009c000000, 0x000000009c100000|  0%| F|  |TAMS 0x000000009c000000| PB 0x000000009c000000| Untracked 
| 449|0x000000009c100000, 0x000000009c100000, 0x000000009c200000|  0%| F|  |TAMS 0x000000009c100000| PB 0x000000009c100000| Untracked 
| 450|0x000000009c200000, 0x000000009c200000, 0x000000009c300000|  0%| F|  |TAMS 0x000000009c200000| PB 0x000000009c200000| Untracked 
| 451|0x000000009c300000, 0x000000009c300000, 0x000000009c400000|  0%| F|  |TAMS 0x000000009c300000| PB 0x000000009c300000| Untracked 
| 452|0x000000009c400000, 0x000000009c400000, 0x000000009c500000|  0%| F|  |TAMS 0x000000009c400000| PB 0x000000009c400000| Untracked 
| 453|0x000000009c500000, 0x000000009c500000, 0x000000009c600000|  0%| F|  |TAMS 0x000000009c500000| PB 0x000000009c500000| Untracked 
| 454|0x000000009c600000, 0x000000009c600000, 0x000000009c700000|  0%| F|  |TAMS 0x000000009c600000| PB 0x000000009c600000| Untracked 
| 455|0x000000009c700000, 0x000000009c700000, 0x000000009c800000|  0%| F|  |TAMS 0x000000009c700000| PB 0x000000009c700000| Untracked 
| 456|0x000000009c800000, 0x000000009c800000, 0x000000009c900000|  0%| F|  |TAMS 0x000000009c800000| PB 0x000000009c800000| Untracked 
| 457|0x000000009c900000, 0x000000009c900000, 0x000000009ca00000|  0%| F|  |TAMS 0x000000009c900000| PB 0x000000009c900000| Untracked 
| 458|0x000000009ca00000, 0x000000009ca00000, 0x000000009cb00000|  0%| F|  |TAMS 0x000000009ca00000| PB 0x000000009ca00000| Untracked 
| 459|0x000000009cb00000, 0x000000009cb00000, 0x000000009cc00000|  0%| F|  |TAMS 0x000000009cb00000| PB 0x000000009cb00000| Untracked 
| 460|0x000000009cc00000, 0x000000009cc00000, 0x000000009cd00000|  0%| F|  |TAMS 0x000000009cc00000| PB 0x000000009cc00000| Untracked 
| 461|0x000000009cd00000, 0x000000009cd00000, 0x000000009ce00000|  0%| F|  |TAMS 0x000000009cd00000| PB 0x000000009cd00000| Untracked 
| 462|0x000000009ce00000, 0x000000009ce00000, 0x000000009cf00000|  0%| F|  |TAMS 0x000000009ce00000| PB 0x000000009ce00000| Untracked 
| 463|0x000000009cf00000, 0x000000009cf00000, 0x000000009d000000|  0%| F|  |TAMS 0x000000009cf00000| PB 0x000000009cf00000| Untracked 
| 464|0x000000009d000000, 0x000000009d000000, 0x000000009d100000|  0%| F|  |TAMS 0x000000009d000000| PB 0x000000009d000000| Untracked 
| 465|0x000000009d100000, 0x000000009d100000, 0x000000009d200000|  0%| F|  |TAMS 0x000000009d100000| PB 0x000000009d100000| Untracked 
| 466|0x000000009d200000, 0x000000009d200000, 0x000000009d300000|  0%| F|  |TAMS 0x000000009d200000| PB 0x000000009d200000| Untracked 
| 467|0x000000009d300000, 0x000000009d300000, 0x000000009d400000|  0%| F|  |TAMS 0x000000009d300000| PB 0x000000009d300000| Untracked 
| 468|0x000000009d400000, 0x000000009d400000, 0x000000009d500000|  0%| F|  |TAMS 0x000000009d400000| PB 0x000000009d400000| Untracked 
| 469|0x000000009d500000, 0x000000009d500000, 0x000000009d600000|  0%| F|  |TAMS 0x000000009d500000| PB 0x000000009d500000| Untracked 
| 470|0x000000009d600000, 0x000000009d600000, 0x000000009d700000|  0%| F|  |TAMS 0x000000009d600000| PB 0x000000009d600000| Untracked 
| 471|0x000000009d700000, 0x000000009d700000, 0x000000009d800000|  0%| F|  |TAMS 0x000000009d700000| PB 0x000000009d700000| Untracked 
| 472|0x000000009d800000, 0x000000009d800000, 0x000000009d900000|  0%| F|  |TAMS 0x000000009d800000| PB 0x000000009d800000| Untracked 
| 473|0x000000009d900000, 0x000000009d900000, 0x000000009da00000|  0%| F|  |TAMS 0x000000009d900000| PB 0x000000009d900000| Untracked 
| 474|0x000000009da00000, 0x000000009da00000, 0x000000009db00000|  0%| F|  |TAMS 0x000000009da00000| PB 0x000000009da00000| Untracked 
| 475|0x000000009db00000, 0x000000009db00000, 0x000000009dc00000|  0%| F|  |TAMS 0x000000009db00000| PB 0x000000009db00000| Untracked 
| 476|0x000000009dc00000, 0x000000009dc00000, 0x000000009dd00000|  0%| F|  |TAMS 0x000000009dc00000| PB 0x000000009dc00000| Untracked 
| 477|0x000000009dd00000, 0x000000009dd00000, 0x000000009de00000|  0%| F|  |TAMS 0x000000009dd00000| PB 0x000000009dd00000| Untracked 
| 478|0x000000009de00000, 0x000000009de00000, 0x000000009df00000|  0%| F|  |TAMS 0x000000009de00000| PB 0x000000009de00000| Untracked 
| 479|0x000000009df00000, 0x000000009df00000, 0x000000009e000000|  0%| F|  |TAMS 0x000000009df00000| PB 0x000000009df00000| Untracked 
| 480|0x000000009e000000, 0x000000009e000000, 0x000000009e100000|  0%| F|  |TAMS 0x000000009e000000| PB 0x000000009e000000| Untracked 
| 481|0x000000009e100000, 0x000000009e100000, 0x000000009e200000|  0%| F|  |TAMS 0x000000009e100000| PB 0x000000009e100000| Untracked 
|2023|0x00000000fe700000, 0x00000000fe700000, 0x00000000fe800000|  0%| F|  |TAMS 0x00000000fe700000| PB 0x00000000fe700000| Untracked 
|2024|0x00000000fe800000, 0x00000000fe800000, 0x00000000fe900000|  0%| F|  |TAMS 0x00000000fe800000| PB 0x00000000fe800000| Untracked 
|2025|0x00000000fe900000, 0x00000000fe900000, 0x00000000fea00000|  0%| F|  |TAMS 0x00000000fe900000| PB 0x00000000fe900000| Untracked 
|2026|0x00000000fea00000, 0x00000000fea00000, 0x00000000feb00000|  0%| F|  |TAMS 0x00000000fea00000| PB 0x00000000fea00000| Untracked 
|2027|0x00000000feb00000, 0x00000000fec00000, 0x00000000fec00000|100%| O|  |TAMS 0x00000000feb00000| PB 0x00000000feb00000| Untracked 
|2028|0x00000000fec00000, 0x00000000fed00000, 0x00000000fed00000|100%| O|  |TAMS 0x00000000fec00000| PB 0x00000000fec00000| Untracked 
|2029|0x00000000fed00000, 0x00000000fee00000, 0x00000000fee00000|100%| O|  |TAMS 0x00000000fed00000| PB 0x00000000fed00000| Untracked 
|2030|0x00000000fee00000, 0x00000000fef00000, 0x00000000fef00000|100%| O|  |TAMS 0x00000000fee00000| PB 0x00000000fee00000| Untracked 
|2031|0x00000000fef00000, 0x00000000ff000000, 0x00000000ff000000|100%| O|  |TAMS 0x00000000fef00000| PB 0x00000000fef00000| Untracked 
|2032|0x00000000ff000000, 0x00000000ff000000, 0x00000000ff100000|  0%| F|  |TAMS 0x00000000ff000000| PB 0x00000000ff000000| Untracked 
|2033|0x00000000ff100000, 0x00000000ff200000, 0x00000000ff200000|100%| O|  |TAMS 0x00000000ff100000| PB 0x00000000ff100000| Untracked 
|2034|0x00000000ff200000, 0x00000000ff200000, 0x00000000ff300000|  0%| F|  |TAMS 0x00000000ff200000| PB 0x00000000ff200000| Untracked 
|2035|0x00000000ff300000, 0x00000000ff400000, 0x00000000ff400000|100%| O|  |TAMS 0x00000000ff300000| PB 0x00000000ff300000| Untracked 
|2036|0x00000000ff400000, 0x00000000ff500000, 0x00000000ff500000|100%| O|  |TAMS 0x00000000ff400000| PB 0x00000000ff400000| Untracked 
|2037|0x00000000ff500000, 0x00000000ff600000, 0x00000000ff600000|100%| O|  |TAMS 0x00000000ff500000| PB 0x00000000ff500000| Untracked 
|2038|0x00000000ff600000, 0x00000000ff700000, 0x00000000ff700000|100%| O|  |TAMS 0x00000000ff600000| PB 0x00000000ff600000| Untracked 
|2039|0x00000000ff700000, 0x00000000ff800000, 0x00000000ff800000|100%| O|  |TAMS 0x00000000ff700000| PB 0x00000000ff700000| Untracked 
|2040|0x00000000ff800000, 0x00000000ff900000, 0x00000000ff900000|100%| O|  |TAMS 0x00000000ff800000| PB 0x00000000ff800000| Untracked 
|2041|0x00000000ff900000, 0x00000000ff900000, 0x00000000ffa00000|  0%| F|  |TAMS 0x00000000ff900000| PB 0x00000000ff900000| Untracked 
|2042|0x00000000ffa00000, 0x00000000ffa00000, 0x00000000ffb00000|  0%| F|  |TAMS 0x00000000ffa00000| PB 0x00000000ffa00000| Untracked 
|2043|0x00000000ffb00000, 0x00000000ffb00000, 0x00000000ffc00000|  0%| F|  |TAMS 0x00000000ffb00000| PB 0x00000000ffb00000| Untracked 
|2044|0x00000000ffc00000, 0x00000000ffd00000, 0x00000000ffd00000|100%| O|  |TAMS 0x00000000ffc00000| PB 0x00000000ffc00000| Untracked 
|2045|0x00000000ffd00000, 0x00000000ffe00000, 0x00000000ffe00000|100%| O|  |TAMS 0x00000000ffd00000| PB 0x00000000ffd00000| Untracked 
|2046|0x00000000ffe00000, 0x00000000fff00000, 0x00000000fff00000|100%| O|  |TAMS 0x00000000ffe00000| PB 0x00000000ffe00000| Untracked 
|2047|0x00000000fff00000, 0x00000000fff00000, 0x0000000100000000|  0%| F|  |TAMS 0x00000000fff00000| PB 0x00000000fff00000| Untracked 

Card table byte_map: [0x0000020b624f0000,0x0000020b628f0000] _byte_map_base: 0x0000020b620f0000

Marking Bits: (CMBitMap*) 0x0000020b4fc96ab0
 Bits: [0x0000020b628f0000, 0x0000020b648f0000)

Polling page: 0x0000020b4dc10000

Metaspace:

Usage:
  Non-class:    115.89 MB used.
      Class:     19.34 MB used.
       Both:    135.23 MB used.

Virtual space:
  Non-class space:      128.00 MB reserved,     117.19 MB ( 92%) committed,  2 nodes.
      Class space:        1.00 GB reserved,      20.50 MB (  2%) committed,  1 nodes.
             Both:        1.12 GB reserved,     137.69 MB ( 12%) committed. 

Chunk freelists:
   Non-Class:  10.84 MB
       Class:  11.48 MB
        Both:  22.33 MB

MaxMetaspaceSize: unlimited
CompressedClassSpaceSize: 1.00 GB
Initial GC threshold: 21.00 MB
Current GC threshold: 229.31 MB
CDS: off
 - commit_granule_bytes: 65536.
 - commit_granule_words: 8192.
 - virtual_space_node_default_size: 8388608.
 - enlarge_chunks_in_place: 1.
 - use_allocation_guard: 0.


Internal statistics:

num_allocs_failed_limit: 6.
num_arena_births: 4864.
num_arena_deaths: 14.
num_vsnodes_births: 3.
num_vsnodes_deaths: 0.
num_space_committed: 2203.
num_space_uncommitted: 0.
num_chunks_returned_to_freelist: 25.
num_chunks_taken_from_freelist: 10901.
num_chunk_merges: 10.
num_chunk_splits: 7133.
num_chunks_enlarged: 4538.
num_inconsistent_stats: 0.

CodeHeap 'non-profiled nmethods': size=120000Kb used=11405Kb max_used=11746Kb free=108594Kb
 bounds [0x0000020b5a880000, 0x0000020b5b480000, 0x0000020b61db0000]
CodeHeap 'profiled nmethods': size=120000Kb used=32473Kb max_used=34799Kb free=87526Kb
 bounds [0x0000020b52db0000, 0x0000020b54fb0000, 0x0000020b5a2e0000]
CodeHeap 'non-nmethods': size=5760Kb used=2078Kb max_used=2238Kb free=3681Kb
 bounds [0x0000020b5a2e0000, 0x0000020b5a550000, 0x0000020b5a880000]
CodeCache: size=245760Kb, used=45956Kb, max_used=48783Kb, free=199801Kb
 total_blobs=16537, nmethods=15590, adapters=850, full_count=0
Compilation: enabled, stopped_count=0, restarted_count=0

Compilation events (20 events):
Event: 45.321 Thread 0x0000020b6759b790 20892       2       com.android.tools.r8.internal.kx3::I (5 bytes)
Event: 45.321 Thread 0x0000020b6759b790 nmethod 20892 0x0000020b54ae6c90 code [0x0000020b54ae6e20, 0x0000020b54ae6f60]
Event: 45.323 Thread 0x0000020b6759b790 20893 %     3       com.android.tools.r8.internal.t52::a @ 21 (135 bytes)
Event: 45.325 Thread 0x0000020b6759b790 nmethod 20893% 0x0000020b54a62e10 code [0x0000020b54a63120, 0x0000020b54a64320]
Event: 45.327 Thread 0x0000020b6759b790 20894       3       java.util.TimSort::gallopLeft (335 bytes)
Event: 45.328 Thread 0x0000020b6759b790 nmethod 20894 0x0000020b54d58f90 code [0x0000020b54d591c0, 0x0000020b54d59c18]
Event: 45.328 Thread 0x0000020b6759b790 20895       2       com.android.tools.r8.synthesis.d::b (63 bytes)
Event: 45.329 Thread 0x0000020b6759b790 nmethod 20895 0x0000020b54d62210 code [0x0000020b54d62400, 0x0000020b54d62870]
Event: 45.329 Thread 0x0000020b6759b790 20896       1       com.android.tools.r8.f0::isBase (2 bytes)
Event: 45.329 Thread 0x0000020b6759b790 nmethod 20896 0x0000020b5a989390 code [0x0000020b5a989520, 0x0000020b5a9895e8]
Event: 45.329 Thread 0x0000020b6759b790 20897       1       com.android.tools.r8.graph.e2::getOrigin (5 bytes)
Event: 45.330 Thread 0x0000020b6759b790 nmethod 20897 0x0000020b5aa6a910 code [0x0000020b5aa6aaa0, 0x0000020b5aa6ab68]
Event: 45.330 Thread 0x0000020b6759b790 20898       2       com.android.tools.r8.graph.y5$$Lambda/0x000000010136ae30::apply (8 bytes)
Event: 45.330 Thread 0x0000020b6759b790 nmethod 20898 0x0000020b54d55810 code [0x0000020b54d559a0, 0x0000020b54d55ae0]
Event: 45.330 Thread 0x0000020b6759b790 20899 %     2       com.android.tools.r8.internal.zh2::b @ 78 (658 bytes)
Event: 45.334 Thread 0x0000020b6759b790 nmethod 20899% 0x0000020b54990f10 code [0x0000020b54991280, 0x0000020b54992508]
Event: 45.336 Thread 0x0000020b6759b790 20900       3       com.android.tools.r8.internal.az::a (330 bytes)
Event: 45.338 Thread 0x0000020b6759b790 nmethod 20900 0x0000020b5498a310 code [0x0000020b5498a7a0, 0x0000020b5498d0f0]
Event: 45.346 Thread 0x0000020b6759b790 20901       2       com.android.tools.r8.internal.zh2::b (658 bytes)
Event: 45.349 Thread 0x0000020b6759b790 nmethod 20901 0x0000020b52f3e790 code [0x0000020b52f3eae0, 0x0000020b52f3fa50]

GC Heap History (20 events):
Event: 37.162 GC heap after
{Heap after GC invocations=69 (full 0):
 garbage-first heap   total 516096K, used 308736K [0x0000000080000000, 0x0000000100000000)
  region size 1024K, 17 young (17408K), 17 survivors (17408K)
 Metaspace       used 134743K, committed 137216K, reserved 1179648K
  class space    used 19346K, committed 20480K, reserved 1048576K
}
Event: 38.514 GC heap before
{Heap before GC invocations=69 (full 0):
 garbage-first heap   total 516096K, used 446976K [0x0000000080000000, 0x0000000100000000)
  region size 1024K, 153 young (156672K), 17 survivors (17408K)
 Metaspace       used 135512K, committed 137920K, reserved 1179648K
  class space    used 19399K, committed 20544K, reserved 1048576K
}
Event: 38.532 GC heap after
{Heap after GC invocations=70 (full 0):
 garbage-first heap   total 516096K, used 310478K [0x0000000080000000, 0x0000000100000000)
  region size 1024K, 3 young (3072K), 3 survivors (3072K)
 Metaspace       used 135512K, committed 137920K, reserved 1179648K
  class space    used 19399K, committed 20544K, reserved 1048576K
}
Event: 39.200 GC heap before
{Heap before GC invocations=70 (full 0):
 garbage-first heap   total 516096K, used 455886K [0x0000000080000000, 0x0000000100000000)
  region size 1024K, 146 young (149504K), 3 survivors (3072K)
 Metaspace       used 135711K, committed 138112K, reserved 1179648K
  class space    used 19410K, committed 20544K, reserved 1048576K
}
Event: 39.212 GC heap after
{Heap after GC invocations=71 (full 0):
 garbage-first heap   total 516096K, used 309885K [0x0000000080000000, 0x0000000100000000)
  region size 1024K, 3 young (3072K), 3 survivors (3072K)
 Metaspace       used 135711K, committed 138112K, reserved 1179648K
  class space    used 19410K, committed 20544K, reserved 1048576K
}
Event: 40.568 GC heap before
{Heap before GC invocations=72 (full 0):
 garbage-first heap   total 519168K, used 465533K [0x0000000080000000, 0x0000000100000000)
  region size 1024K, 155 young (158720K), 3 survivors (3072K)
 Metaspace       used 135904K, committed 138368K, reserved 1179648K
  class space    used 19418K, committed 20544K, reserved 1048576K
}
Event: 40.575 GC heap after
{Heap after GC invocations=73 (full 0):
 garbage-first heap   total 519168K, used 311937K [0x0000000080000000, 0x0000000100000000)
  region size 1024K, 5 young (5120K), 5 survivors (5120K)
 Metaspace       used 135904K, committed 138368K, reserved 1179648K
  class space    used 19418K, committed 20544K, reserved 1048576K
}
Event: 40.883 GC heap before
{Heap before GC invocations=73 (full 0):
 garbage-first heap   total 519168K, used 479873K [0x0000000080000000, 0x0000000100000000)
  region size 1024K, 169 young (173056K), 5 survivors (5120K)
 Metaspace       used 135973K, committed 138432K, reserved 1179648K
  class space    used 19422K, committed 20544K, reserved 1048576K
}
Event: 40.890 GC heap after
{Heap after GC invocations=74 (full 0):
 garbage-first heap   total 519168K, used 306884K [0x0000000080000000, 0x0000000100000000)
  region size 1024K, 5 young (5120K), 5 survivors (5120K)
 Metaspace       used 135973K, committed 138432K, reserved 1179648K
  class space    used 19422K, committed 20544K, reserved 1048576K
}
Event: 41.575 GC heap before
{Heap before GC invocations=74 (full 0):
 garbage-first heap   total 519168K, used 486084K [0x0000000080000000, 0x0000000100000000)
  region size 1024K, 181 young (185344K), 5 survivors (5120K)
 Metaspace       used 136338K, committed 138816K, reserved 1179648K
  class space    used 19469K, committed 20608K, reserved 1048576K
}
Event: 41.584 GC heap after
{Heap after GC invocations=75 (full 0):
 garbage-first heap   total 519168K, used 308408K [0x0000000080000000, 0x0000000100000000)
  region size 1024K, 6 young (6144K), 6 survivors (6144K)
 Metaspace       used 136338K, committed 138816K, reserved 1179648K
  class space    used 19469K, committed 20608K, reserved 1048576K
}
Event: 42.566 GC heap before
{Heap before GC invocations=76 (full 0):
 garbage-first heap   total 519168K, used 490680K [0x0000000080000000, 0x0000000100000000)
  region size 1024K, 185 young (189440K), 6 survivors (6144K)
 Metaspace       used 136634K, committed 139072K, reserved 1179648K
  class space    used 19522K, committed 20672K, reserved 1048576K
}
Event: 42.574 GC heap after
{Heap after GC invocations=77 (full 0):
 garbage-first heap   total 519168K, used 307642K [0x0000000080000000, 0x0000000100000000)
  region size 1024K, 5 young (5120K), 5 survivors (5120K)
 Metaspace       used 136634K, committed 139072K, reserved 1179648K
  class space    used 19522K, committed 20672K, reserved 1048576K
}
Event: 43.276 GC heap before
{Heap before GC invocations=77 (full 0):
 garbage-first heap   total 519168K, used 490938K [0x0000000080000000, 0x0000000100000000)
  region size 1024K, 185 young (189440K), 5 survivors (5120K)
 Metaspace       used 137349K, committed 139840K, reserved 1179648K
  class space    used 19648K, committed 20800K, reserved 1048576K
}
Event: 43.291 GC heap after
{Heap after GC invocations=78 (full 0):
 garbage-first heap   total 519168K, used 304563K [0x0000000080000000, 0x0000000100000000)
  region size 1024K, 6 young (6144K), 6 survivors (6144K)
 Metaspace       used 137349K, committed 139840K, reserved 1179648K
  class space    used 19648K, committed 20800K, reserved 1048576K
}
Event: 43.961 GC heap before
{Heap before GC invocations=78 (full 0):
 garbage-first heap   total 519168K, used 490931K [0x0000000080000000, 0x0000000100000000)
  region size 1024K, 189 young (193536K), 6 survivors (6144K)
 Metaspace       used 137905K, committed 140352K, reserved 1179648K
  class space    used 19720K, committed 20864K, reserved 1048576K
}
Event: 43.971 GC heap after
{Heap after GC invocations=79 (full 0):
 garbage-first heap   total 519168K, used 305915K [0x0000000080000000, 0x0000000100000000)
  region size 1024K, 7 young (7168K), 7 survivors (7168K)
 Metaspace       used 137905K, committed 140352K, reserved 1179648K
  class space    used 19720K, committed 20864K, reserved 1048576K
}
Event: 44.985 GC heap before
{Heap before GC invocations=80 (full 0):
 garbage-first heap   total 519168K, used 491259K [0x0000000080000000, 0x0000000100000000)
  region size 1024K, 189 young (193536K), 7 survivors (7168K)
 Metaspace       used 138452K, committed 140928K, reserved 1179648K
  class space    used 19802K, committed 20928K, reserved 1048576K
}
Event: 44.994 GC heap after
{Heap after GC invocations=81 (full 0):
 garbage-first heap   total 519168K, used 305573K [0x0000000080000000, 0x0000000100000000)
  region size 1024K, 7 young (7168K), 7 survivors (7168K)
 Metaspace       used 138452K, committed 140928K, reserved 1179648K
  class space    used 19802K, committed 20928K, reserved 1048576K
}
Event: 45.391 GC heap before
{Heap before GC invocations=81 (full 0):
 garbage-first heap   total 519168K, used 490917K [0x0000000080000000, 0x0000000100000000)
  region size 1024K, 189 young (193536K), 7 survivors (7168K)
 Metaspace       used 138472K, committed 140992K, reserved 1179648K
  class space    used 19805K, committed 20992K, reserved 1048576K
}

Dll operation events (3 events):
Event: 0.005 Loaded shared library E:\data download dian\android studio dian\jbr\bin\java.dll
Event: 0.011 Loaded shared library E:\data download dian\android studio dian\jbr\bin\zip.dll
Event: 0.659 Loaded shared library E:\data download dian\android studio dian\jbr\bin\verify.dll

Deoptimization events (20 events):
Event: 45.128 Thread 0x0000020b6db647c0 Uncommon trap: trap_request=0xffffff45 fr.pc=0x0000020b5b03f26c relative=0x00000000000004ec
Event: 45.128 Thread 0x0000020b6db647c0 Uncommon trap: reason=unstable_if action=reinterpret pc=0x0000020b5b03f26c method=com.esotericsoftware.kryo.io.Output.writeVarLong(JZ)I @ 55 c2
Event: 45.128 Thread 0x0000020b6db647c0 DEOPT PACKING pc=0x0000020b5b03f26c sp=0x000000fad56f9880
Event: 45.128 Thread 0x0000020b6db647c0 DEOPT UNPACKING pc=0x0000020b5a3343a2 sp=0x000000fad56f9850 mode 2
Event: 45.133 Thread 0x0000020b6eeeafd0 DEOPT PACKING pc=0x0000020b549b95d6 sp=0x000000fad2cf9080
Event: 45.133 Thread 0x0000020b6eeeafd0 DEOPT UNPACKING pc=0x0000020b5a334b42 sp=0x000000fad2cf8778 mode 0
Event: 45.209 Thread 0x0000020b6eeeca10 Uncommon trap: trap_request=0xffffffbe fr.pc=0x0000020b5b4120a8 relative=0x0000000000008fe8
Event: 45.209 Thread 0x0000020b6eeeca10 Uncommon trap: reason=profile_predicate action=maybe_recompile pc=0x0000020b5b4120a8 method=com.android.tools.r8.internal.t52.a(Lcom/android/tools/r8/internal/b81;Ljava/util/ArrayList;Lcom/android/tools/r8/internal/dh3;Ljava/util/IdentityHashMap;)V @ 203 
Event: 45.209 Thread 0x0000020b6eeeca10 DEOPT PACKING pc=0x0000020b5b4120a8 sp=0x000000fad32f8ea0
Event: 45.209 Thread 0x0000020b6eeeca10 DEOPT UNPACKING pc=0x0000020b5a3343a2 sp=0x000000fad32f8e80 mode 2
Event: 45.227 Thread 0x0000020b6eeed730 DEOPT PACKING pc=0x0000020b549b9eb8 sp=0x000000fad2df9070
Event: 45.227 Thread 0x0000020b6eeed730 DEOPT UNPACKING pc=0x0000020b5a334b42 sp=0x000000fad2df8760 mode 0
Event: 45.255 Thread 0x0000020b6eeeafd0 DEOPT PACKING pc=0x0000020b549b9eb8 sp=0x000000fad2cf9080
Event: 45.255 Thread 0x0000020b6eeeafd0 DEOPT UNPACKING pc=0x0000020b5a334b42 sp=0x000000fad2cf8770 mode 0
Event: 45.284 Thread 0x0000020b6eee9c20 DEOPT PACKING pc=0x0000020b549b9eb8 sp=0x000000fad29f8750
Event: 45.284 Thread 0x0000020b6eee9c20 DEOPT UNPACKING pc=0x0000020b5a334b42 sp=0x000000fad29f7e40 mode 0
Event: 45.325 Thread 0x0000020b6eee67a0 Uncommon trap: trap_request=0xfffffff4 fr.pc=0x0000020b5b4382c4 relative=0x000000000000a884
Event: 45.325 Thread 0x0000020b6eee67a0 Uncommon trap: reason=null_check action=make_not_entrant pc=0x0000020b5b4382c4 method=com.android.tools.r8.graph.oa.a(Lcom/android/tools/r8/graph/f6;Lcom/android/tools/r8/graph/i6;)Lcom/android/tools/r8/graph/j3; @ 24 c2
Event: 45.325 Thread 0x0000020b6eee67a0 DEOPT PACKING pc=0x0000020b5b4382c4 sp=0x000000fad2bf9590
Event: 45.325 Thread 0x0000020b6eee67a0 DEOPT UNPACKING pc=0x0000020b5a3343a2 sp=0x000000fad2bf93e0 mode 2

Classes loaded (20 events):
Event: 35.121 Loading class java/util/SortedSet$1
Event: 35.121 Loading class java/util/SortedSet$1 done
Event: 35.231 Loading class java/util/PriorityQueue
Event: 35.232 Loading class java/util/PriorityQueue done
Event: 35.265 Loading class java/util/IdentityHashMap$ValueIterator
Event: 35.265 Loading class java/util/IdentityHashMap$ValueIterator done
Event: 35.326 Loading class java/util/concurrent/ConcurrentHashMap$TreeNode
Event: 35.327 Loading class java/util/concurrent/ConcurrentHashMap$TreeNode done
Event: 35.327 Loading class java/util/concurrent/ConcurrentHashMap$TreeBin
Event: 35.327 Loading class java/util/concurrent/ConcurrentHashMap$TreeBin done
Event: 43.948 Loading class java/nio/ShortBuffer
Event: 44.063 Loading class java/nio/ShortBuffer done
Event: 44.333 Loading class java/nio/ByteBufferAsShortBufferL
Event: 44.334 Loading class java/nio/ByteBufferAsShortBufferL done
Event: 44.543 Loading class java/util/zip/Adler32
Event: 44.543 Loading class java/util/zip/Adler32 done
Event: 44.547 Loading class java/nio/file/Files$2
Event: 44.547 Loading class java/nio/file/Files$2 done
Event: 44.554 Loading class sun/nio/ch/ChannelOutputStream
Event: 44.554 Loading class sun/nio/ch/ChannelOutputStream done

Classes unloaded (7 events):
Event: 33.696 Thread 0x0000020b674ece40 Unloading class 0x0000000101298800 'java/lang/invoke/LambdaForm$DMH+0x0000000101298800'
Event: 33.696 Thread 0x0000020b674ece40 Unloading class 0x0000000101298400 'java/lang/invoke/LambdaForm$DMH+0x0000000101298400'
Event: 33.696 Thread 0x0000020b674ece40 Unloading class 0x0000000101298c00 'java/lang/invoke/LambdaForm$DMH+0x0000000101298c00'
Event: 33.696 Thread 0x0000020b674ece40 Unloading class 0x000000010122cc00 'java/lang/invoke/LambdaForm$DMH+0x000000010122cc00'
Event: 33.696 Thread 0x0000020b674ece40 Unloading class 0x000000010122c000 'java/lang/invoke/LambdaForm$DMH+0x000000010122c000'
Event: 33.696 Thread 0x0000020b674ece40 Unloading class 0x000000010122c800 'java/lang/invoke/LambdaForm$DMH+0x000000010122c800'
Event: 40.176 Thread 0x0000020b674ece40 Unloading class 0x0000000101371c00 'java/lang/invoke/LambdaForm$DMH+0x0000000101371c00'

Classes redefined (0 events):
No events

Internal exceptions (20 events):
Event: 44.552 Thread 0x0000020b6db647c0 Exception <a 'sun/nio/fs/WindowsException'{0x00000000999141e0}> (0x00000000999141e0) 
thrown [s\src\hotspot\share\prims\jni.cpp, line 537]
Event: 44.556 Thread 0x0000020b6db647c0 Exception <a 'sun/nio/fs/WindowsException'{0x0000000099922310}> (0x0000000099922310) 
thrown [s\src\hotspot\share\prims\jni.cpp, line 537]
Event: 44.558 Thread 0x0000020b6db647c0 Exception <a 'sun/nio/fs/WindowsException'{0x0000000099935498}> (0x0000000099935498) 
thrown [s\src\hotspot\share\prims\jni.cpp, line 537]
Event: 44.559 Thread 0x0000020b6db647c0 Exception <a 'sun/nio/fs/WindowsException'{0x000000009994a438}> (0x000000009994a438) 
thrown [s\src\hotspot\share\prims\jni.cpp, line 537]
Event: 44.560 Thread 0x0000020b6db647c0 Exception <a 'sun/nio/fs/WindowsException'{0x0000000099957828}> (0x0000000099957828) 
thrown [s\src\hotspot\share\prims\jni.cpp, line 537]
Event: 44.618 Thread 0x0000020b6db647c0 Exception <a 'sun/nio/fs/WindowsException'{0x000000009910eb68}> (0x000000009910eb68) 
thrown [s\src\hotspot\share\prims\jni.cpp, line 537]
Event: 44.620 Thread 0x0000020b6db647c0 Exception <a 'sun/nio/fs/WindowsException'{0x000000009911a4f8}> (0x000000009911a4f8) 
thrown [s\src\hotspot\share\prims\jni.cpp, line 537]
Event: 44.621 Thread 0x0000020b6db647c0 Exception <a 'sun/nio/fs/WindowsException'{0x0000000099125d98}> (0x0000000099125d98) 
thrown [s\src\hotspot\share\prims\jni.cpp, line 537]
Event: 44.622 Thread 0x0000020b6db647c0 Exception <a 'sun/nio/fs/WindowsException'{0x0000000099132298}> (0x0000000099132298) 
thrown [s\src\hotspot\share\prims\jni.cpp, line 537]
Event: 45.127 Thread 0x0000020b6db647c0 Exception <a 'sun/nio/fs/WindowsException'{0x00000000fe83c148}> (0x00000000fe83c148) 
thrown [s\src\hotspot\share\prims\jni.cpp, line 537]
Event: 45.137 Thread 0x0000020b6db647c0 Exception <a 'sun/nio/fs/WindowsException'{0x000000009abf1c20}> (0x000000009abf1c20) 
thrown [s\src\hotspot\share\prims\jni.cpp, line 537]
Event: 45.174 Thread 0x0000020b6db647c0 Exception <a 'sun/nio/fs/WindowsException'{0x0000000099fc0ae8}> (0x0000000099fc0ae8) 
thrown [s\src\hotspot\share\prims\jni.cpp, line 537]
Event: 45.183 Thread 0x0000020b6db647c0 Exception <a 'sun/nio/fs/WindowsException'{0x0000000099b9f830}> (0x0000000099b9f830) 
thrown [s\src\hotspot\share\prims\jni.cpp, line 537]
Event: 45.186 Thread 0x0000020b6db647c0 Exception <a 'sun/nio/fs/WindowsException'{0x0000000099ba8bb8}> (0x0000000099ba8bb8) 
thrown [s\src\hotspot\share\prims\jni.cpp, line 537]
Event: 45.186 Thread 0x0000020b6db647c0 Exception <a 'sun/nio/fs/WindowsException'{0x0000000099baa200}> (0x0000000099baa200) 
thrown [s\src\hotspot\share\prims\jni.cpp, line 537]
Event: 45.186 Thread 0x0000020b6db647c0 Exception <a 'sun/nio/fs/WindowsException'{0x0000000099baba18}> (0x0000000099baba18) 
thrown [s\src\hotspot\share\prims\jni.cpp, line 537]
Event: 45.186 Thread 0x0000020b6db647c0 Exception <a 'sun/nio/fs/WindowsException'{0x0000000099bad4b0}> (0x0000000099bad4b0) 
thrown [s\src\hotspot\share\prims\jni.cpp, line 537]
Event: 45.192 Thread 0x0000020b6db647c0 Exception <a 'sun/nio/fs/WindowsException'{0x0000000099bb48a8}> (0x0000000099bb48a8) 
thrown [s\src\hotspot\share\prims\jni.cpp, line 537]
Event: 45.192 Thread 0x0000020b6db647c0 Exception <a 'sun/nio/fs/WindowsException'{0x0000000099bb6208}> (0x0000000099bb6208) 
thrown [s\src\hotspot\share\prims\jni.cpp, line 537]
Event: 45.325 Thread 0x0000020b6eee67a0 Implicit null exception at 0x0000020b5b42fba8 to 0x0000020b5b438270

ZGC Phase Switch (0 events):
No events

VM Operations (20 events):
Event: 43.478 Executing VM operation: HandshakeAllThreads (Deoptimize) done
Event: 43.530 Executing VM operation: ICBufferFull
Event: 43.547 Executing VM operation: ICBufferFull done
Event: 43.642 Executing VM operation: HandshakeAllThreads (Deoptimize)
Event: 43.895 Executing VM operation: HandshakeAllThreads (Deoptimize) done
Event: 43.948 Executing VM operation: G1CollectForAllocation (G1 Evacuation Pause)
Event: 43.971 Executing VM operation: G1CollectForAllocation (G1 Evacuation Pause) done
Event: 44.167 Executing VM operation: HandshakeAllThreads (Deoptimize)
Event: 44.269 Executing VM operation: HandshakeAllThreads (Deoptimize) done
Event: 44.392 Executing VM operation: ICBufferFull
Event: 44.413 Executing VM operation: ICBufferFull done
Event: 44.577 Executing VM operation: G1PauseRemark
Event: 44.593 Executing VM operation: G1PauseRemark done
Event: 44.637 Executing VM operation: HandshakeAllThreads (Deoptimize)
Event: 44.723 Executing VM operation: HandshakeAllThreads (Deoptimize) done
Event: 44.829 Executing VM operation: G1PauseCleanup
Event: 44.846 Executing VM operation: G1PauseCleanup done
Event: 44.971 Executing VM operation: G1CollectForAllocation (G1 Evacuation Pause)
Event: 44.995 Executing VM operation: G1CollectForAllocation (G1 Evacuation Pause) done
Event: 45.374 Executing VM operation: G1CollectForAllocation (G1 Evacuation Pause)

Memory protections (0 events):
No events

Nmethod flushes (20 events):
Event: 44.591 Thread 0x0000020b674ece40 flushing  nmethod 0x0000020b5461cc10
Event: 44.591 Thread 0x0000020b674ece40 flushing  nmethod 0x0000020b5467c410
Event: 44.591 Thread 0x0000020b674ece40 flushing  nmethod 0x0000020b5467d910
Event: 44.591 Thread 0x0000020b674ece40 flushing  nmethod 0x0000020b54683210
Event: 44.591 Thread 0x0000020b674ece40 flushing  nmethod 0x0000020b549d1d90
Event: 44.591 Thread 0x0000020b674ece40 flushing  nmethod 0x0000020b549d3190
Event: 44.591 Thread 0x0000020b674ece40 flushing  nmethod 0x0000020b549d4f10
Event: 44.591 Thread 0x0000020b674ece40 flushing  nmethod 0x0000020b549e1b90
Event: 44.591 Thread 0x0000020b674ece40 flushing  nmethod 0x0000020b54af2190
Event: 44.591 Thread 0x0000020b674ece40 flushing  nmethod 0x0000020b54af3390
Event: 44.591 Thread 0x0000020b674ece40 flushing  nmethod 0x0000020b54af3790
Event: 44.591 Thread 0x0000020b674ece40 flushing  nmethod 0x0000020b54af3d10
Event: 44.591 Thread 0x0000020b674ece40 flushing  nmethod 0x0000020b54af5090
Event: 44.591 Thread 0x0000020b674ece40 flushing  nmethod 0x0000020b54af5b10
Event: 44.591 Thread 0x0000020b674ece40 flushing  nmethod 0x0000020b54d4dd10
Event: 44.591 Thread 0x0000020b674ece40 flushing  nmethod 0x0000020b54d50a10
Event: 44.591 Thread 0x0000020b674ece40 flushing  nmethod 0x0000020b54d54890
Event: 44.591 Thread 0x0000020b674ece40 flushing  nmethod 0x0000020b54d55010
Event: 44.591 Thread 0x0000020b674ece40 flushing  nmethod 0x0000020b54e49590
Event: 44.591 Thread 0x0000020b674ece40 flushing  nmethod 0x0000020b54ee5010

Events (20 events):
Event: 26.535 Thread 0x0000020b6c779f60 Thread added: 0x0000020b6c77cd50
Event: 26.536 Loaded shared library E:\data download dian\android studio dian\jbr\bin\rmi.dll
Event: 26.538 Thread 0x0000020b6c779f60 Thread added: 0x0000020b6c77b9a0
Event: 26.673 Thread 0x0000020b6c779f60 Thread added: 0x0000020b73c5a010
Event: 26.674 Thread 0x0000020b6c779f60 Thread added: 0x0000020b73c592f0
Event: 26.685 Thread 0x0000020b6759b790 Thread added: 0x0000020b720db390
Event: 26.702 Thread 0x0000020b73c5a010 Thread added: 0x0000020b73c55e70
Event: 27.589 Thread 0x0000020b720db390 Thread exited: 0x0000020b720db390
Event: 27.898 Thread 0x0000020b6759b790 Thread added: 0x0000020b720e0550
Event: 28.018 Thread 0x0000020b720e0550 Thread exited: 0x0000020b720e0550
Event: 28.202 Thread 0x0000020b6759b790 Thread added: 0x0000020b720e0550
Event: 28.641 Thread 0x0000020b720e0550 Thread exited: 0x0000020b720e0550
Event: 28.686 Thread 0x0000020b6759b790 Thread added: 0x0000020b720db390
Event: 29.640 Thread 0x0000020b720db390 Thread exited: 0x0000020b720db390
Event: 29.697 Thread 0x0000020b6759b790 Thread added: 0x0000020b6c46e3d0
Event: 29.816 Thread 0x0000020b67599ce0 Thread added: 0x0000020b6c46eaa0
Event: 31.766 Thread 0x0000020b6c46eaa0 Thread exited: 0x0000020b6c46eaa0
Event: 31.956 Thread 0x0000020b6c46e3d0 Thread exited: 0x0000020b6c46e3d0
Event: 32.106 Thread 0x0000020b6759b790 Thread added: 0x0000020b6c46e3d0
Event: 32.217 Thread 0x0000020b6759b790 Thread added: 0x0000020b6c46eaa0


Dynamic libraries:
0x00007ff763650000 - 0x00007ff76365a000 	E:\data download dian\android studio dian\jbr\bin\java.exe
0x00007ff978dc0000 - 0x00007ff978fc9000 	C:\Windows\SYSTEM32\ntdll.dll
0x00007ff977f20000 - 0x00007ff977fde000 	C:\Windows\System32\KERNEL32.DLL
0x00007ff976800000 - 0x00007ff976b84000 	C:\Windows\System32\KERNELBASE.dll
0x00007ff976390000 - 0x00007ff9764a1000 	C:\Windows\System32\ucrtbase.dll
0x00007ff971500000 - 0x00007ff971518000 	E:\data download dian\android studio dian\jbr\bin\jli.dll
0x00007ff96c1a0000 - 0x00007ff96c1bb000 	E:\data download dian\android studio dian\jbr\bin\VCRUNTIME140.dll
0x00007ff978310000 - 0x00007ff9784bd000 	C:\Windows\System32\USER32.dll
0x00007ff976b90000 - 0x00007ff976bb6000 	C:\Windows\System32\win32u.dll
0x00007ff959010000 - 0x00007ff9592b5000 	C:\Windows\WinSxS\amd64_microsoft.windows.common-controls_6595b64144ccf1df_6.0.22000.120_none_9d947278b86cc467\COMCTL32.dll
0x00007ff978ac0000 - 0x00007ff978b63000 	C:\Windows\System32\msvcrt.dll
0x00007ff977430000 - 0x00007ff97745a000 	C:\Windows\System32\GDI32.dll
0x00007ff976270000 - 0x00007ff97638f000 	C:\Windows\System32\gdi32full.dll
0x00007ff9764b0000 - 0x00007ff97654d000 	C:\Windows\System32\msvcp_win.dll
0x00007ff977360000 - 0x00007ff977391000 	C:\Windows\System32\IMM32.DLL
0x00007ff972a30000 - 0x00007ff972a3c000 	E:\data download dian\android studio dian\jbr\bin\vcruntime140_1.dll
0x00007ff92aa60000 - 0x00007ff92aaed000 	E:\data download dian\android studio dian\jbr\bin\msvcp140.dll
0x00007ff920c60000 - 0x00007ff9218f6000 	E:\data download dian\android studio dian\jbr\bin\server\jvm.dll
0x00007ff977d80000 - 0x00007ff977e2f000 	C:\Windows\System32\ADVAPI32.dll
0x00007ff978660000 - 0x00007ff9786fe000 	C:\Windows\System32\sechost.dll
0x00007ff9784c0000 - 0x00007ff9785e1000 	C:\Windows\System32\RPCRT4.dll
0x00007ff9773c0000 - 0x00007ff97742f000 	C:\Windows\System32\WS2_32.dll
0x00007ff974be0000 - 0x00007ff974c2d000 	C:\Windows\SYSTEM32\POWRPROF.dll
0x00007ff970b80000 - 0x00007ff970bb3000 	C:\Windows\SYSTEM32\WINMM.dll
0x00007ff96f3a0000 - 0x00007ff96f3aa000 	C:\Windows\SYSTEM32\VERSION.dll
0x00007ff974cd0000 - 0x00007ff974ce3000 	C:\Windows\SYSTEM32\UMPDC.dll
0x00007ff9753e0000 - 0x00007ff9753f8000 	C:\Windows\SYSTEM32\kernel.appcore.dll
0x00007ff971c20000 - 0x00007ff971c2a000 	E:\data download dian\android studio dian\jbr\bin\jimage.dll
0x00007ff973e50000 - 0x00007ff974071000 	C:\Windows\SYSTEM32\DBGHELP.DLL
0x00007ff957260000 - 0x00007ff957291000 	C:\Windows\SYSTEM32\dbgcore.DLL
0x00007ff976780000 - 0x00007ff9767ff000 	C:\Windows\System32\bcryptPrimitives.dll
0x00007ff971bf0000 - 0x00007ff971bfe000 	E:\data download dian\android studio dian\jbr\bin\instrument.dll
0x00007ff95dae0000 - 0x00007ff95db00000 	E:\data download dian\android studio dian\jbr\bin\java.dll
0x00007ff95a960000 - 0x00007ff95a978000 	E:\data download dian\android studio dian\jbr\bin\zip.dll
0x00007ff977550000 - 0x00007ff977d15000 	C:\Windows\System32\SHELL32.dll
0x00007ff974360000 - 0x00007ff974bc4000 	C:\Windows\SYSTEM32\windows.storage.dll
0x00007ff978720000 - 0x00007ff978a96000 	C:\Windows\System32\combase.dll
0x00007ff9741f0000 - 0x00007ff974357000 	C:\Windows\SYSTEM32\wintypes.dll
0x00007ff978c90000 - 0x00007ff978d7a000 	C:\Windows\System32\SHCORE.dll
0x00007ff977d20000 - 0x00007ff977d7d000 	C:\Windows\System32\shlwapi.dll
0x00007ff9761a0000 - 0x00007ff9761c1000 	C:\Windows\SYSTEM32\profapi.dll
0x00007ff971bd0000 - 0x00007ff971be0000 	E:\data download dian\android studio dian\jbr\bin\net.dll
0x00007ff970d50000 - 0x00007ff970e63000 	C:\Windows\SYSTEM32\WINHTTP.dll
0x00007ff975880000 - 0x00007ff9758e7000 	C:\Windows\system32\mswsock.dll
0x00007ff95a940000 - 0x00007ff95a956000 	E:\data download dian\android studio dian\jbr\bin\nio.dll
0x00007ff95dad0000 - 0x00007ff95dae0000 	E:\data download dian\android studio dian\jbr\bin\verify.dll
0x00007ff95d490000 - 0x00007ff95d4b7000 	C:\Users\user\.gradle\native\660c5614fbf4a5f2a75b1949f50a0caf5cd603558e7d8a26e50b933a0cfb79d1\windows-amd64\native-platform.dll
0x00007ff92abc0000 - 0x00007ff92ac37000 	C:\Users\user\.gradle\native\0.2.8\x86_64-windows-gnu\gradle-fileevents.dll
0x00007ff96c190000 - 0x00007ff96c199000 	E:\data download dian\android studio dian\jbr\bin\management.dll
0x00007ff968f40000 - 0x00007ff968f4b000 	E:\data download dian\android studio dian\jbr\bin\management_ext.dll
0x00007ff978710000 - 0x00007ff978718000 	C:\Windows\System32\PSAPI.DLL
0x00007ff974f40000 - 0x00007ff974f6d000 	C:\Windows\SYSTEM32\IPHLPAPI.DLL
0x00007ff977540000 - 0x00007ff977549000 	C:\Windows\System32\NSI.dll
0x00007ff9707b0000 - 0x00007ff9707b9000 	E:\data download dian\android studio dian\jbr\bin\extnet.dll
0x00007ff975ad0000 - 0x00007ff975ae8000 	C:\Windows\SYSTEM32\CRYPTSP.dll
0x00007ff975340000 - 0x00007ff975375000 	C:\Windows\system32\rsaenh.dll
0x00007ff975980000 - 0x00007ff9759a9000 	C:\Windows\SYSTEM32\USERENV.dll
0x00007ff975c50000 - 0x00007ff975c77000 	C:\Windows\SYSTEM32\bcrypt.dll
0x00007ff975af0000 - 0x00007ff975afc000 	C:\Windows\SYSTEM32\CRYPTBASE.dll
0x00007ff9714c0000 - 0x00007ff9714c8000 	C:\Windows\system32\wshunix.dll
0x00007ff9708f0000 - 0x00007ff9708f7000 	E:\data download dian\android studio dian\jbr\bin\rmi.dll

JVMTI agents:
C:\Users\user\.gradle\wrapper\dists\gradle-9.2.1-bin\2t0n5ozlw9xmuyvbp7dnzaxug\gradle-9.2.1\lib\agents\gradle-instrumentation-agent-9.2.1.jar path:E:\data download dian\android studio dian\jbr\bin\instrument.dll, loaded, initialized, instrumentlib options:none

dbghelp: loaded successfully - version: 4.0.5 - missing functions: none
symbol engine: initialized successfully - sym options: 0x614 - pdb path: .;E:\data download dian\android studio dian\jbr\bin;C:\Windows\SYSTEM32;C:\Windows\WinSxS\amd64_microsoft.windows.common-controls_6595b64144ccf1df_6.0.22000.120_none_9d947278b86cc467;E:\data download dian\android studio dian\jbr\bin\server;C:\Users\user\.gradle\native\660c5614fbf4a5f2a75b1949f50a0caf5cd603558e7d8a26e50b933a0cfb79d1\windows-amd64;C:\Users\user\.gradle\native\0.2.8\x86_64-windows-gnu

VM Arguments:
jvm_args: --add-opens=java.base/java.lang=ALL-UNNAMED --add-opens=java.base/java.lang.invoke=ALL-UNNAMED --add-opens=java.base/java.util=ALL-UNNAMED --add-opens=java.prefs/java.util.prefs=ALL-UNNAMED --add-exports=jdk.compiler/com.sun.tools.javac.api=ALL-UNNAMED --add-exports=jdk.compiler/com.sun.tools.javac.util=ALL-UNNAMED --add-opens=java.base/java.util=ALL-UNNAMED --add-opens=java.prefs/java.util.prefs=ALL-UNNAMED --add-opens=java.base/java.nio.charset=ALL-UNNAMED --add-opens=java.base/java.net=ALL-UNNAMED --add-opens=java.base/java.util.concurrent=ALL-UNNAMED --add-opens=java.base/java.util.concurrent.atomic=ALL-UNNAMED --add-opens=java.xml/javax.xml.namespace=ALL-UNNAMED --add-opens=java.base/java.time=ALL-UNNAMED -Xmx2048m -Dfile.encoding=UTF-8 -Duser.country=ID -Duser.language=en -Duser.variant -javaagent:C:\Users\user\.gradle\wrapper\dists\gradle-9.2.1-bin\2t0n5ozlw9xmuyvbp7dnzaxug\gradle-9.2.1\lib\agents\gradle-instrumentation-agent-9.2.1.jar 
java_command: org.gradle.launcher.daemon.bootstrap.GradleDaemon 9.2.1
java_class_path (initial): C:\Users\user\.gradle\wrapper\dists\gradle-9.2.1-bin\2t0n5ozlw9xmuyvbp7dnzaxug\gradle-9.2.1\lib\gradle-daemon-main-9.2.1.jar
Launcher Type: SUN_STANDARD

[Global flags]
     intx CICompilerCount                          = 4                                         {product} {ergonomic}
     uint ConcGCThreads                            = 2                                         {product} {ergonomic}
     uint G1ConcRefinementThreads                  = 8                                         {product} {ergonomic}
   size_t G1HeapRegionSize                         = 1048576                                   {product} {ergonomic}
    uintx GCDrainStackTargetSize                   = 64                                        {product} {ergonomic}
   size_t InitialHeapSize                          = 266338304                                 {product} {ergonomic}
   size_t MarkStackSize                            = 4194304                                   {product} {ergonomic}
   size_t MaxHeapSize                              = 2147483648                                {product} {command line}
   size_t MaxNewSize                               = 1287651328                                {product} {ergonomic}
   size_t MinHeapDeltaBytes                        = 1048576                                   {product} {ergonomic}
   size_t MinHeapSize                              = 8388608                                   {product} {ergonomic}
    uintx NonNMethodCodeHeapSize                   = 5839372                                {pd product} {ergonomic}
    uintx NonProfiledCodeHeapSize                  = 122909434                              {pd product} {ergonomic}
    uintx ProfiledCodeHeapSize                     = 122909434                              {pd product} {ergonomic}
    uintx ReservedCodeCacheSize                    = 251658240                              {pd product} {ergonomic}
     bool SegmentedCodeCache                       = true                                      {product} {ergonomic}
   size_t SoftMaxHeapSize                          = 2147483648                             {manageable} {ergonomic}
     bool UseCompressedOops                        = true                           {product lp64_product} {ergonomic}
     bool UseG1GC                                  = true                                      {product} {ergonomic}
     bool UseLargePagesIndividualAllocation        = false                                  {pd product} {ergonomic}

Logging:
Log output configuration:
 #0: stdout all=warning uptime,level,tags foldmultilines=false
 #1: stderr all=off uptime,level,tags foldmultilines=false

Release file:
JAVA_VERSION="21.0.9" 
MODULES="java.base java.compiler java.datatransfer java.xml java.prefs java.desktop java.instrument java.logging java.management java.security.sasl java.naming java.rmi java.management.rmi java.net.http java.scripting java.security.jgss java.transaction.xa java.sql java.sql.rowset java.xml.crypto java.se java.smartcardio jdk.accessibility jdk.internal.jvmstat jdk.attach jdk.charsets jdk.internal.opt jdk.zipfs jdk.compiler jdk.crypto.ec jdk.crypto.cryptoki jdk.dynalink jdk.hotspot.agent jdk.httpserver jdk.internal.ed jdk.internal.le jdk.internal.vm.ci jdk.jartool jdk.javadoc jdk.jcmd jdk.jdeps jdk.jdwp.agent jdk.jdi jdk.jfr jdk.jlink jdk.jsobject jdk.localedata jdk.management jdk.management.agent jdk.management.jfr jdk.naming.dns jdk.naming.rmi jdk.net jdk.sctp jdk.security.auth jdk.security.jgss jdk.unsupported jdk.unsupported.desktop jdk.xml.dom" 
IMPLEMENTOR="JetBrains s.r.o." 
JAVA_RUNTIME_VERSION="21.0.9+-14649483-b1163.86" 
LIBC="default" 
OS_ARCH="x86_64" 
OS_NAME="Windows" 
SOURCE=".:git:554d0c326095" 

Environment Variables:
PATH=C:\Program Files (x86)\VMware\VMware Player\bin\;C:\Program Files (x86)\Common Files\Oracle\Java\java8path;C:\Program Files (x86)\Common Files\Oracle\Java\javapath;C:\Windows\system32;C:\Windows;C:\Windows\System32\Wbem;C:\Windows\System32\WindowsPowerShell\v1.0\;C:\Windows\System32\OpenSSH\;C:\MinGW\bin;C:\Program Files\Git\cmd;C:\Program Files (x86)\Microsoft SQL Server\160\Tools\Binn\;C:\Program Files\Microsoft SQL Server\160\Tools\Binn\;C:\Program Files\Microsoft SQL Server\Client SDK\ODBC\170\Tools\Binn\;C:\Program Files\Microsoft SQL Server\160\DTS\Binn\;C:\Program Files (x86)\Microsoft SQL Server\160\DTS\Binn\;C:\laragon\bin\php\php-8.3.26-nts-Win32-vs16-x64;C:\laragon\bin;C:\laragon\bin\apache\httpd-2.4.54-win64-VS16\bin;C:\laragon\bin\composer;C:\laragon\bin\git\bin;C:\laragon\bin\git\cmd;C:\laragon\bin\git\mingw64\bin;C:\laragon\bin\git\usr\bin;C:\laragon\bin\laragon\utils;C:\laragon\bin\mysql\mysql-8.0.30-winx64\bin;C:\laragon\bin\nginx\nginx-1.22.0;C:\laragon\bin\ngrok;C:\laragon\bin\nodejs\node-v18;C:\laragon\bin\notepad++;C:\laragon\bin\php\php-8.3.26-nts-Win32-vs16-x64;C:\laragon\bin\python\python-3.10;C:\laragon\bin\python\python-3.10\Scripts;C:\laragon\bin\redis\redis-x64-5.0.14.1;C:\laragon\bin\telnet;C:\laragon\usr\bin;C:\Users\user\AppData\Local\Yarn\config\global\node_modules\.bin;C:\Users\user\AppData\Roaming\Composer\vendor\bin;C:\Users\user\AppData\Roaming\npm;C:\Users\user\AppData\Local\Programs\Python\Python313\Scripts\;C:\Users\user\AppData\Local\Programs\Python\Python313\;C:\Users\user\AppData\Local\Programs\Python\Launcher\;C:\Users\user\AppData\Local\Microsoft\WindowsApps;C:\Users\user\AppData\Local\Programs\Microsoft VS Code\bin;
USERNAME=user
OS=Windows_NT
PROCESSOR_IDENTIFIER=Intel64 Family 6 Model 142 Stepping 12, GenuineIntel
TMP=C:\Users\user\AppData\Local\Temp
TEMP=C:\Users\user\AppData\Local\Temp




Periodic native trim disabled

JNI global refs:
JNI global refs: 30, weak refs: 141

JNI global refs memory usage: 835, weak refs: 2097

Process memory usage:
Resident Set Size: 926204K (5% of 16587672K total physical memory with 510032K free physical memory)

OOME stack traces (most recent first):
Classloader memory used:
Loader org.gradle.internal.classloader.VisitableURLClassLoader$InstrumentingVisitableURLClassLoader: 47969K
Loader org.gradle.internal.classloader.VisitableURLClassLoader                         : 46035K
Loader bootstrap                                                                       : 29952K
Loader org.gradle.initialization.MixInLegacyTypesClassLoader                           : 13304K
Loader jdk.internal.reflect.DelegatingClassLoader                                      : 492K
Loader jdk.internal.loader.ClassLoaders$AppClassLoader                                 : 232K
Loader org.gradle.internal.classloader.VisitableURLClassLoader                         : 208K
Loader jdk.internal.loader.ClassLoaders$PlatformClassLoader                            : 149K
Loader org.gradle.groovy.scripts.internal.DefaultScriptCompilationHandler$ScriptClassLoader: 127K

Classes loaded by more than one classloader:
Class Program                                                                         : loaded 5 times (x 72B)
Class Build_gradle                                                                    : loaded 3 times (x 126B)
Class com.google.common.collect.RegularImmutableMap$KeySet                            : loaded 2 times (x 152B)
Class org.gradle.internal.classloader.FilteringClassLoader                            : loaded 2 times (x 105B)
Class com.google.common.base.CharMatcher$IsEither                                     : loaded 2 times (x 111B)
Class org.gradle.internal.classloader.ClassLoaderHierarchy                            : loaded 2 times (x 70B)
Class com.google.common.collect.ImmutableEnumSet                                      : loaded 2 times (x 146B)
Class com.google.common.util.concurrent.ExecutionError                                : loaded 2 times (x 82B)
Class com.google.common.collect.ImmutableList$1                                       : loaded 2 times (x 97B)
Class org.gradle.api.internal.classpath.ManifestUtil                                  : loaded 2 times (x 71B)
Class com.google.common.io.ByteArrayDataOutput                                        : loaded 2 times (x 70B)
Class com.google.common.collect.RegularImmutableMap                                   : loaded 2 times (x 121B)
Class com.google.common.collect.ImmutableMap$MapViewOfValuesAsSingletonSets           : loaded 2 times (x 126B)
Class [Lorg.objectweb.asm.Symbol;                                                     : loaded 2 times (x 69B)
Class org.objectweb.asm.ClassVisitor                                                  : loaded 2 times (x 88B)
Class com.google.common.collect.UnmodifiableListIterator                              : loaded 2 times (x 95B)
Class com.google.common.base.Platform$JdkPatternCompiler                              : loaded 2 times (x 75B)
Class org.objectweb.asm.MethodTooLargeException                                       : loaded 2 times (x 83B)
Class [Lcom.google.common.cache.CacheBuilder$OneWeigher;                              : loaded 2 times (x 69B)
Class com.google.common.base.Suppliers                                                : loaded 2 times (x 71B)
Class org.gradle.internal.classloader.DefaultClassLoaderFactory                       : loaded 2 times (x 82B)
Class org.gradle.internal.classloader.ClassLoaderVisitor                              : loaded 2 times (x 76B)
Class [Lcom.google.common.collect.ImmutableMapEntry;                                  : loaded 2 times (x 69B)
Class org.gradle.api.internal.classpath.EffectiveClassPath                            : loaded 2 times (x 90B)
Class com.google.common.collect.ListMultimap                                          : loaded 2 times (x 70B)
Class com.google.common.collect.ImmutableEnumMap                                      : loaded 2 times (x 126B)
Class com.google.common.collect.ImmutableSet$SerializedForm                           : loaded 2 times (x 73B)
Class com.google.common.collect.Sets$1                                                : loaded 2 times (x 139B)
Class org.objectweb.asm.AnnotationVisitor                                             : loaded 2 times (x 78B)
Class org.gradle.api.internal.DefaultClassPathProvider                                : loaded 2 times (x 76B)
Class com.google.common.collect.Sets$2                                                : loaded 2 times (x 139B)
Class [Lorg.gradle.api.internal.ClassPathProvider;                                    : loaded 2 times (x 69B)
Class org.gradle.api.internal.ClassPathProvider                                       : loaded 2 times (x 70B)
Class [Lorg.objectweb.asm.AnnotationVisitor;                                          : loaded 2 times (x 69B)
Class com.google.common.collect.Sets$3                                                : loaded 2 times (x 139B)
Class com.google.common.cache.LocalCache$LocalLoadingCache                            : loaded 2 times (x 134B)
Class org.gradle.internal.service.UnknownServiceException                             : loaded 2 times (x 83B)
Class com.google.common.io.ByteArrayDataInput                                         : loaded 2 times (x 70B)
Class com.google.common.collect.Sets$4                                                : loaded 2 times (x 139B)
Class org.objectweb.asm.ModuleVisitor                                                 : loaded 2 times (x 81B)
Class com.google.common.cache.LocalCache$Strength$1                                   : loaded 2 times (x 81B)
Class com.google.common.util.concurrent.SettableFuture                                : loaded 2 times (x 114B)
Class com.google.common.cache.LocalCache$Strength$2                                   : loaded 2 times (x 81B)
Class com.google.common.io.ByteStreams                                                : loaded 2 times (x 71B)
Class com.google.common.cache.LocalCache$Strength$3                                   : loaded 2 times (x 81B)
Class com.google.common.collect.MapDifference                                         : loaded 2 times (x 70B)
Class org.objectweb.asm.FieldWriter                                                   : loaded 2 times (x 78B)
Class com.google.common.cache.CacheBuilder$NullListener                               : loaded 2 times (x 82B)
Class org.gradle.internal.classpath.TransformedClassPath                              : loaded 2 times (x 96B)
Class org.gradle.internal.classloader.InstrumentingClassLoader                        : loaded 2 times (x 70B)
Class com.google.common.cache.CacheLoader$FunctionToCacheLoader                       : loaded 2 times (x 75B)
Class com.google.common.collect.Iterators$ArrayItr                                    : loaded 2 times (x 97B)
Class com.google.common.collect.ImmutableCollection$Builder                           : loaded 2 times (x 76B)
Class com.google.common.base.Joiner                                                   : loaded 2 times (x 79B)
Class com.google.common.base.Equivalence$Identity                                     : loaded 2 times (x 82B)
Class com.google.common.collect.Platform                                              : loaded 2 times (x 71B)
Class [Lorg.objectweb.asm.Type;                                                       : loaded 2 times (x 69B)
Class com.google.common.collect.UnmodifiableIterator                                  : loaded 2 times (x 80B)
Class org.gradle.internal.service.ServiceLocator                                      : loaded 2 times (x 70B)
Class com.google.common.base.Ascii                                                    : loaded 2 times (x 71B)
Class com.google.common.collect.SingletonImmutableBiMap                               : loaded 2 times (x 143B)
Class com.google.common.cache.LocalCache$1                                            : loaded 2 times (x 89B)
Class com.google.common.collect.Iterators$SingletonIterator                           : loaded 2 times (x 81B)
Class com.google.common.collect.AbstractMapEntry                                      : loaded 2 times (x 81B)
Class com.google.common.collect.Sets$ImprovedAbstractSet                              : loaded 2 times (x 135B)
Class com.google.common.collect.ImmutableList$Builder                                 : loaded 2 times (x 77B)
Class com.google.common.collect.AbstractMultimap                                      : loaded 2 times (x 123B)
Class com.google.common.cache.LocalCache$2                                            : loaded 2 times (x 142B)
Class com.google.common.collect.RegularImmutableAsList                                : loaded 2 times (x 217B)
Class com.google.common.util.concurrent.AbstractFuture$Trusted                        : loaded 2 times (x 70B)
Class com.google.common.collect.Iterators                                             : loaded 2 times (x 71B)
Class com.google.common.collect.Lists$StringAsImmutableList                           : loaded 2 times (x 207B)
Class com.google.common.util.concurrent.UncheckedExecutionException                   : loaded 2 times (x 82B)
Class org.gradle.kotlin.dsl.VersionCatalogAccessorsKt                                 : loaded 2 times (x 71B)
Class ijKotlinCoroutineJvmDebugInit1_9sv6alppme9gmt0k1rtk5kuhh$_run_closure1$_closure2: loaded 2 times (x 139B)
Class com.google.common.collect.AbstractMapBasedMultimap$KeySet$1                     : loaded 2 times (x 82B)
Class org.objectweb.asm.ClassWriter                                                   : loaded 2 times (x 106B)
Class com.google.common.cache.CacheLoader$UnsupportedLoadingOperationException        : loaded 2 times (x 82B)
Class com.google.common.base.CharMatcher$And                                          : loaded 2 times (x 112B)
Class org.gradle.internal.classloader.ClasspathUtil$1                                 : loaded 2 times (x 76B)
Class org.objectweb.asm.FieldVisitor                                                  : loaded 2 times (x 77B)
Class com.google.common.collect.IndexedImmutableSet                                   : loaded 2 times (x 152B)
Class com.google.common.collect.ImmutableMap$1                                        : loaded 2 times (x 81B)
Class com.google.common.collect.BiMap                                                 : loaded 2 times (x 70B)
Class org.gradle.api.internal.classpath.DefaultModuleRegistry$DefaultModule           : loaded 2 times (x 86B)
Class com.google.common.primitives.Ints                                               : loaded 2 times (x 71B)
Class com.google.common.collect.AbstractIterator                                      : loaded 2 times (x 82B)
Class com.google.common.collect.ObjectArrays                                          : loaded 2 times (x 71B)
Class com.google.common.math.MathPreconditions                                        : loaded 2 times (x 71B)
Class com.google.common.collect.Multiset                                              : loaded 2 times (x 70B)
Class com.google.common.collect.ArrayListMultimapGwtSerializationDependencies         : loaded 2 times (x 172B)
Class com.google.common.collect.AbstractIndexedListIterator                           : loaded 2 times (x 96B)
Class com.google.common.collect.ImmutableMapEntrySet                                  : loaded 2 times (x 152B)
Class org.gradle.api.internal.classpath.Module                                        : loaded 2 times (x 70B)
Class com.google.common.cache.Weigher                                                 : loaded 2 times (x 70B)
Class org.gradle.api.internal.classpath.UnknownModuleException                        : loaded 2 times (x 82B)
Class com.google.common.base.Stopwatch                                                : loaded 2 times (x 72B)
Class com.google.common.cache.LocalCache$Strength                                     : loaded 2 times (x 81B)
Class com.google.common.cache.Cache                                                   : loaded 2 times (x 70B)
Class com.google.common.base.NullnessCasts                                            : loaded 2 times (x 71B)
Class com.google.common.util.concurrent.AbstractFuture$Cancellation                   : loaded 2 times (x 72B)
Class com.google.common.collect.ImmutableMap$Builder                                  : loaded 2 times (x 82B)
Class com.google.common.cache.RemovalListener                                         : loaded 2 times (x 70B)
Class org.gradle.api.internal.DefaultClassPathRegistry                                : loaded 2 times (x 76B)
Class com.google.common.primitives.IntsMethodsForWeb                                  : loaded 2 times (x 71B)
Class com.google.common.collect.Multimap                                              : loaded 2 times (x 70B)
Class org.gradle.api.internal.ClassPathRegistry                                       : loaded 2 times (x 70B)
Class org.gradle.internal.classpath.DefaultClassPath$ImmutableUniqueList              : loaded 2 times (x 199B)
Class com.google.common.base.MoreObjects                                              : loaded 2 times (x 71B)
Class com.google.common.cache.CacheBuilder                                            : loaded 2 times (x 72B)
Class com.google.common.collect.SingletonImmutableList                                : loaded 2 times (x 207B)
Class Settings_gradle$1                                                               : loaded 2 times (x 74B)
Class org.gradle.internal.classpath.ClassPath                                         : loaded 2 times (x 70B)
Class com.google.common.base.JdkPattern                                               : loaded 2 times (x 75B)
Class com.google.common.collect.ImmutableList$ReverseImmutableList                    : loaded 2 times (x 209B)
Class ijKotlinCoroutineJvmDebugInit1_9sv6alppme9gmt0k1rtk5kuhh$_run_closure1          : loaded 2 times (x 139B)
Class org.objectweb.asm.SymbolTable$Entry                                             : loaded 2 times (x 74B)
Class org.objectweb.asm.Edge                                                          : loaded 2 times (x 72B)
Class com.google.common.base.Suppliers$SupplierOfInstance                             : loaded 2 times (x 79B)
Class com.google.common.collect.Iterators$1                                           : loaded 2 times (x 81B)
Class com.google.common.cache.LocalCache$ComputingValueReference                      : loaded 2 times (x 96B)
Class com.google.common.collect.SingletonImmutableSet                                 : loaded 2 times (x 146B)
Class com.google.common.collect.ImmutableMap$IteratorBasedImmutableMap                : loaded 2 times (x 126B)
Class com.google.common.cache.LocalCache$Segment                                      : loaded 2 times (x 154B)
Class com.google.common.collect.AbstractListMultimap                                  : loaded 2 times (x 172B)
Class [Lorg.objectweb.asm.SymbolTable$Entry;                                          : loaded 2 times (x 69B)
Class com.google.common.cache.CacheLoader                                             : loaded 2 times (x 74B)
Class com.google.common.collect.Iterators$4                                           : loaded 2 times (x 82B)
Class com.google.common.collect.ImmutableBiMap                                        : loaded 2 times (x 143B)
Class org.gradle.api.internal.classpath.ModuleRegistry                                : loaded 2 times (x 70B)
Class org.gradle.internal.installation.GradleInstallation$1                           : loaded 2 times (x 75B)
Class com.google.common.collect.ImmutableSet$JdkBackedSetBuilderImpl                  : loaded 2 times (x 76B)
Class com.google.common.util.concurrent.internal.InternalFutureFailureAccess          : loaded 2 times (x 72B)
Class com.google.common.collect.Iterators$5                                           : loaded 2 times (x 82B)
Class com.google.common.cache.LocalCache$LocalManualCache$1                           : loaded 2 times (x 75B)
Class com.google.common.base.CharMatcher$ForPredicate                                 : loaded 2 times (x 112B)
Class com.google.common.base.CharMatcher$AnyOf                                        : loaded 2 times (x 112B)
Class com.google.common.collect.ImmutableCollection                                   : loaded 2 times (x 125B)
Class org.gradle.api.internal.classpath.DefaultModuleRegistry                         : loaded 2 times (x 86B)
Class com.google.common.collect.Lists                                                 : loaded 2 times (x 71B)
Class com.google.common.util.concurrent.ListenableFuture                              : loaded 2 times (x 70B)
Class com.google.common.cache.ReferenceEntry                                          : loaded 2 times (x 70B)
Class com.google.common.base.Converter                                                : loaded 2 times (x 90B)
Class com.google.common.collect.ImmutableSet$CachingAsList                            : loaded 2 times (x 148B)
Class com.google.common.collect.AbstractMapBasedMultimap                              : loaded 2 times (x 139B)
Class com.google.common.util.concurrent.AbstractFuture                                : loaded 2 times (x 106B)
Class com.google.common.base.FunctionalEquivalence                                    : loaded 2 times (x 83B)
Class com.google.common.collect.Iterators$9                                           : loaded 2 times (x 81B)
Class com.google.common.collect.ImmutableAsList                                       : loaded 2 times (x 209B)
Class org.objectweb.asm.RecordComponentVisitor                                        : loaded 2 times (x 77B)
Class com.google.common.cache.CacheLoader$SupplierToCacheLoader                       : loaded 2 times (x 75B)
Class org.gradle.internal.service.ServiceLookupException                              : loaded 2 times (x 82B)
Class [Lcom.google.common.cache.LocalCache$EntryFactory;                              : loaded 2 times (x 69B)
Class org.gradle.internal.classloader.ClassLoaderFactory                              : loaded 2 times (x 70B)
Class com.google.common.base.CommonPattern                                            : loaded 2 times (x 74B)
Class com.google.common.cache.LocalCache$LocalManualCache                             : loaded 2 times (x 99B)
Class com.google.common.base.CharMatcher$IsNot                                        : loaded 2 times (x 111B)
Class org.gradle.internal.service.CachingServiceLocator                               : loaded 2 times (x 82B)
Class com.google.common.collect.AbstractMapBasedMultimap$KeySet                       : loaded 2 times (x 137B)
Class com.google.common.math.IntMath                                                  : loaded 2 times (x 71B)
Class com.google.common.collect.ImmutableMapEntry                                     : loaded 2 times (x 85B)
Class ijJvmDebugger1_dgb1k7ejekh1sld7z8yo85rke$_run_closure1$_closure2                : loaded 2 times (x 140B)
Class com.google.common.base.Equivalence                                              : loaded 2 times (x 82B)
Class com.google.common.base.Function                                                 : loaded 2 times (x 70B)
Class com.google.common.collect.ImmutableMapEntry$NonTerminalImmutableMapEntry        : loaded 2 times (x 85B)
Class com.google.common.cache.CacheBuilder$OneWeigher                                 : loaded 2 times (x 82B)
Class com.google.common.collect.RegularImmutableList                                  : loaded 2 times (x 213B)
Class org.gradle.internal.classloader.ClasspathUtil                                   : loaded 2 times (x 71B)
Class com.google.common.util.concurrent.Uninterruptibles                              : loaded 2 times (x 71B)
Class com.google.common.util.concurrent.LazyLogger                                    : loaded 2 times (x 72B)
Class com.google.common.collect.Maps                                                  : loaded 2 times (x 71B)
Class ijJvmDebugger1_dgb1k7ejekh1sld7z8yo85rke                                        : loaded 2 times (x 171B)
Class org.gradle.api.specs.Spec                                                       : loaded 2 times (x 70B)
Class [Lcom.google.common.collect.ImmutableEntry;                                     : loaded 2 times (x 69B)
Class com.google.common.cache.LocalCache$LoadingValueReference                        : loaded 2 times (x 96B)
Class com.google.common.base.Platform                                                 : loaded 2 times (x 71B)
Class [Lorg.objectweb.asm.AnnotationWriter;                                           : loaded 2 times (x 69B)
Class com.google.common.collect.Maps$8                                                : loaded 2 times (x 82B)
Class com.google.common.collect.Sets$SetView                                          : loaded 2 times (x 138B)
Class com.google.common.cache.LocalCache$StrongValueReference                         : loaded 2 times (x 90B)
Class org.objectweb.asm.Type                                                          : loaded 2 times (x 72B)
Class ijKotlinCoroutineJvmDebugInit1_9sv6alppme9gmt0k1rtk5kuhh                        : loaded 2 times (x 171B)
Class org.gradle.internal.classloader.VisitableURLClassLoader$InstrumentingVisitableURLClassLoader: loaded 2 times (x 123B)
Class com.google.common.math.IntMath$1                                                : loaded 2 times (x 71B)
Class org.objectweb.asm.ByteVector                                                    : loaded 2 times (x 79B)
Class [Lcom.google.common.cache.CacheBuilder$NullListener;                            : loaded 2 times (x 69B)
Class org.gradle.internal.classloader.VisitableURLClassLoader$Spec                    : loaded 2 times (x 74B)
Class org.gradle.internal.classpath.DefaultClassPath                                  : loaded 2 times (x 90B)
Class org.objectweb.asm.Symbol                                                        : loaded 2 times (x 73B)
Class com.google.common.io.Closer                                                     : loaded 2 times (x 78B)
Class com.google.common.base.CharMatcher$BitSetMatcher                                : loaded 2 times (x 112B)
Class com.google.common.collect.ImmutableSet                                          : loaded 2 times (x 145B)
Class com.google.common.collect.RegularImmutableMap$Values                            : loaded 2 times (x 207B)
Class org.gradle.internal.classloader.ClassLoaderSpec                                 : loaded 2 times (x 71B)
Class org.objectweb.asm.AnnotationWriter                                              : loaded 2 times (x 79B)
Class com.google.common.cache.CacheStats                                              : loaded 2 times (x 71B)
Class com.google.common.io.Closer$Suppressor                                          : loaded 2 times (x 70B)
Class org.objectweb.asm.RecordComponentWriter                                         : loaded 2 times (x 78B)
Class com.google.common.util.concurrent.AbstractFuture$Listener                       : loaded 2 times (x 72B)
Class com.google.common.base.CharMatcher$Or                                           : loaded 2 times (x 112B)
Class Settings_gradle$1$1                                                             : loaded 2 times (x 74B)
Class org.objectweb.asm.Attribute                                                     : loaded 2 times (x 77B)
Class com.google.common.base.Supplier                                                 : loaded 2 times (x 70B)
Class org.gradle.internal.classloader.VisitableURLClassLoader                         : loaded 2 times (x 117B)
Class Settings_gradle                                                                 : loaded 2 times (x 124B)
Class org.gradle.internal.Cast                                                        : loaded 2 times (x 71B)
Class org.gradle.api.Action                                                           : loaded 2 times (x 70B)
Class com.google.common.base.Strings                                                  : loaded 2 times (x 71B)
Class com.google.common.collect.Sets                                                  : loaded 2 times (x 71B)
Class org.objectweb.asm.Handler                                                       : loaded 2 times (x 72B)
Class com.google.common.base.Ticker                                                   : loaded 2 times (x 72B)
Class com.google.common.base.CharMatcher$FastMatcher                                  : loaded 2 times (x 111B)
Class [Lcom.google.common.cache.LocalCache$Segment;                                   : loaded 2 times (x 69B)
Class [Lcom.google.common.cache.LocalCache$Strength;                                  : loaded 2 times (x 69B)
Class com.google.common.cache.CacheBuilder$1                                          : loaded 2 times (x 85B)
Class com.google.common.base.Predicate                                                : loaded 2 times (x 70B)
Class com.google.common.collect.ImmutableMap                                          : loaded 2 times (x 120B)
Class org.gradle.internal.classpath.DefaultClassPath$ImmutableUniqueList$Builder      : loaded 2 times (x 75B)
Class com.google.common.cache.LocalCache                                              : loaded 2 times (x 187B)
Class com.google.common.cache.CacheBuilder$2                                          : loaded 2 times (x 79B)
Class com.google.common.base.CharMatcher$NegatedFastMatcher                           : loaded 2 times (x 113B)
Class com.google.common.collect.ArrayListMultimap                                     : loaded 2 times (x 172B)
Class com.google.common.cache.CacheBuilder$3                                          : loaded 2 times (x 72B)
Class [Lcom.google.common.collect.AbstractMapEntry;                                   : loaded 2 times (x 69B)
Class com.google.common.collect.ImmutableEntry                                        : loaded 2 times (x 82B)
Class org.gradle.api.GradleException                                                  : loaded 2 times (x 82B)
Class com.google.common.base.Suppliers$MemoizingSupplier                              : loaded 2 times (x 79B)
Class com.google.common.collect.CollectPreconditions                                  : loaded 2 times (x 71B)
Class com.google.common.collect.SortedMapDifference                                   : loaded 2 times (x 70B)
Class com.google.common.cache.LocalCache$EntryFactory                                 : loaded 2 times (x 83B)
Class com.google.common.cache.LocalCache$AbstractReferenceEntry                       : loaded 2 times (x 107B)
Class org.gradle.internal.IoActions                                                   : loaded 2 times (x 71B)
Class org.objectweb.asm.SymbolTable                                                   : loaded 2 times (x 72B)
Class com.google.common.cache.CacheLoader$InvalidCacheLoadException                   : loaded 2 times (x 82B)
Class com.google.common.collect.ImmutableSet$RegularSetBuilderImpl                    : loaded 2 times (x 77B)
Class org.gradle.internal.classloader.SystemClassLoaderSpec                           : loaded 2 times (x 71B)
Class com.google.common.cache.LocalCache$StrongEntry                                  : loaded 2 times (x 108B)
Class com.google.common.util.concurrent.AbstractFuture$TrustedFuture                  : loaded 2 times (x 114B)
Class com.google.common.cache.LoadingCache                                            : loaded 2 times (x 70B)
Class com.google.common.io.ByteStreams$LimitedInputStream                             : loaded 2 times (x 92B)
Class com.google.common.base.Suppliers$NonSerializableMemoizingSupplier               : loaded 2 times (x 79B)
Class org.objectweb.asm.MethodWriter                                                  : loaded 2 times (x 106B)
Class [Lcom.google.common.cache.Weigher;                                              : loaded 2 times (x 69B)
Class com.google.common.collect.RegularImmutableMap$BucketOverflowException           : loaded 2 times (x 82B)
Class com.google.common.collect.RegularImmutableBiMap                                 : loaded 2 times (x 149B)
Class com.google.common.cache.LocalCache$ValueReference                               : loaded 2 times (x 70B)
Class com.google.common.base.CharMatcher$Negated                                      : loaded 2 times (x 113B)
Class com.google.common.base.CharMatcher$Is                                           : loaded 2 times (x 111B)
Class com.google.common.base.PatternCompiler                                          : loaded 2 times (x 70B)
Class com.google.common.util.concurrent.AbstractFuture$Failure                        : loaded 2 times (x 72B)
Class com.google.common.base.Equivalence$Equals                                       : loaded 2 times (x 82B)
Class com.google.common.collect.Hashing                                               : loaded 2 times (x 71B)
Class com.google.common.base.Preconditions                                            : loaded 2 times (x 71B)
Class com.google.common.base.Joiner$1                                                 : loaded 2 times (x 80B)
Class org.objectweb.asm.Label                                                         : loaded 2 times (x 73B)
Class org.objectweb.asm.CurrentFrame                                                  : loaded 2 times (x 73B)
Class org.objectweb.asm.ClassTooLargeException                                        : loaded 2 times (x 83B)
Class com.google.common.base.CharMatcher                                              : loaded 2 times (x 111B)
Class com.google.common.collect.PeekingIterator                                       : loaded 2 times (x 70B)
Class com.google.common.base.Joiner$2                                                 : loaded 2 times (x 79B)
Class org.objectweb.asm.Frame                                                         : loaded 2 times (x 73B)
Class org.objectweb.asm.MethodVisitor                                                 : loaded 2 times (x 105B)
Class com.google.common.cache.LocalCache$EntryFactory$1                               : loaded 2 times (x 83B)
Class [Lcom.google.common.cache.RemovalListener;                                      : loaded 2 times (x 69B)
Class com.google.common.base.CharMatcher$1                                            : loaded 2 times (x 113B)
Class com.google.common.base.CharMatcher$NamedFastMatcher                             : loaded 2 times (x 112B)
Class com.google.common.cache.LocalCache$EntryFactory$2                               : loaded 2 times (x 83B)
Class org.gradle.api.internal.classpath.GlobalCacheRootsProvider                      : loaded 2 times (x 70B)
Class org.objectweb.asm.ModuleWriter                                                  : loaded 2 times (x 82B)
Class com.google.common.cache.LocalCache$EntryFactory$3                               : loaded 2 times (x 83B)
Class com.google.common.base.Ticker$1                                                 : loaded 2 times (x 72B)
Class com.google.common.collect.Maps$BiMapConverter                                   : loaded 2 times (x 90B)
Class com.google.common.collect.ImmutableMapEntrySet$RegularEntrySet                  : loaded 2 times (x 152B)
Class com.google.common.collect.ImmutableSet$Builder                                  : loaded 2 times (x 85B)
Class com.google.common.cache.LocalCache$EntryFactory$4                               : loaded 2 times (x 83B)
Class com.google.common.base.CharMatcher$InRange                                      : loaded 2 times (x 111B)
Class com.google.common.io.ByteStreams$1                                              : loaded 2 times (x 85B)
Class com.google.common.cache.LocalCache$EntryFactory$5                               : loaded 2 times (x 83B)
Class ijJvmDebugger1_dgb1k7ejekh1sld7z8yo85rke$_run_closure1                          : loaded 2 times (x 139B)
Class com.google.common.base.PairwiseEquivalence                                      : loaded 2 times (x 83B)
Class com.google.common.cache.LocalCache$EntryFactory$6                               : loaded 2 times (x 83B)
Class org.gradle.internal.installation.CurrentGradleInstallationLocator               : loaded 2 times (x 71B)
Class com.google.common.collect.Maps$KeySet                                           : loaded 2 times (x 137B)
Class com.google.common.collect.ImmutableSet$EmptySetBuilderImpl                      : loaded 2 times (x 76B)
Class com.google.common.cache.LocalCache$EntryFactory$7                               : loaded 2 times (x 83B)
Class com.google.common.collect.ImmutableList                                         : loaded 2 times (x 206B)
Class org.gradle.internal.service.DefaultServiceLocator                               : loaded 2 times (x 83B)
Class com.google.common.cache.LocalCache$EntryFactory$8                               : loaded 2 times (x 83B)
Class com.google.common.collect.ImmutableSet$SetBuilderImpl                           : loaded 2 times (x 76B)
Class org.gradle.internal.installation.CurrentGradleInstallation                      : loaded 2 times (x 73B)
Class com.google.common.cache.CacheLoader$1                                           : loaded 2 times (x 75B)
Class com.google.common.collect.ForwardingObject                                      : loaded 2 times (x 72B)
Class com.google.common.collect.ImmutableList$SubList                                 : loaded 2 times (x 209B)
Class org.gradle.util.internal.GUtil                                                  : loaded 2 times (x 71B)
Class com.google.common.cache.AbstractCache$StatsCounter                              : loaded 2 times (x 70B)
Class com.google.common.collect.Iterators$MergingIterator                             : loaded 2 times (x 81B)
Class com.google.common.collect.RegularImmutableSet                                   : loaded 2 times (x 149B)
Class org.gradle.internal.installation.GradleInstallation                             : loaded 2 times (x 75B)
Class com.google.common.collect.Iterables                                             : loaded 2 times (x 71B)

---------------  S Y S T E M  ---------------

OS:
 Windows 11 , 64 bit Build 22000 (10.0.22000.1880)
OS uptime: 63 days 18:12 hours
Hyper-V role detected

CPU: total 8 (initial active 8) (4 cores per cpu, 2 threads per core) family 6 model 142 stepping 12 microcode 0xea, cx8, cmov, fxsr, ht, mmx, 3dnowpref, sse, sse2, sse3, ssse3, sse4.1, sse4.2, popcnt, lzcnt, tsc, tscinvbit, avx, avx2, aes, erms, clmul, bmi1, bmi2, adx, fma, vzeroupper, clflush, clflushopt, hv, rdtscp, f16c
Processor Information for the first 8 processors :
  Max Mhz: 1992, Current Mhz: 1792, Mhz Limit: 1792

Memory: 4k page, system-wide physical 16198M (505M free)
TotalPageFile size 16198M (AvailPageFile size 80M)
current process WorkingSet (physical memory assigned to process): 904M, peak: 918M
current process commit charge ("private bytes"): 944M, peak: 1004M

vm_info: OpenJDK 64-Bit Server VM (21.0.9+-14649483-b1163.86) for windows-amd64 JRE (21.0.9+-14649483-b1163.86), built on 2025-12-30T22:08:35Z by "builder" with MS VC++ 16.10 / 16.11 (VS2019)

END.
